qid,athlete,medal
Q303623,Rudolf Dombi,gold
Q303623,Roland Kökény,gold
Q303623,Fernando Pimenta,silver
Q303623,Emanuel Silva,silver
Q303623,Martin Hollstein,bronze
Q303623,Andreas Ihle,bronze
Q607635,Sven Kramer,gold
Q607635,Lee Seung-hoon,silver
Q607635,Ivan Skobrev,bronze
Q939000,Kristin Armstrong,gold
Q939000,Judith Arndt,silver
Q939000,Olga Zabelinskaya,bronze
Q26233801,Simone Biles,gold
Q26233801,Aly Raisman,silver
Q26233801,Aliya Mustafina,bronze
Q743905,Dayron Robles,gold
Q743905,David Payne,silver
Q743905,David Oliver,bronze
Q1433269,Félix Sánchez,gold
Q1433269,Danny Mc,silver
Q1433269,Farlane,silver
Q1433269,Naman Keïta,bronze
Q1005784,Bryan Clay,gold
Q1005784,Andrei Krauchanka,silver
Q1005784,Leonel Suárez,bronze
Q1005641,Finn Christian Jagge,gold
Q1005641,Alberto Tomba,silver
Q1005641,Michael Tritscher,bronze
Q3628768,Michael Johnson,gold
Q3628768,Alvin Harrison,silver
Q3628768,Gregory Haughton,bronze
Q7400295,Allison Jolly Lynne Jewell,gold
Q7400295,Marit Söderström Birgitta Bengtsson,silver
Q7400295,Larisa Moskalenko Iryna Chunykhovska,bronze
Q15506518,Viktor Ahn Semion Elistratov Vladimir Grigorev Ruslan Zakharov,gold
Q15506518,Eddy Alvarez J. R. Celski Chris Creveling Jordan Malone,silver
Q15506518,Chen Dequan Han Tianyu Shi Jingnan Wu Dajing,bronze
Q4951829,István Kovács,gold
Q4951829,Arnaldo Mesa,silver
Q4951829,Vichairachanon Khadpo,bronze
Q26212143,Lasha Talakhadze,gold
Q26212143,Gor Minasyan,silver
Q26212143,Irakli Turmanidze,bronze
Q250187,Kosuke Kitajima,gold
Q250187,Brenton Rickard,silver
Q250187,Hugues Duboscq,bronze
Q1221945,Manuela Di Centa,gold
Q1221945,Lyubov Yegorova,silver
Q1221945,Nina Gavrylyuk,bronze
Q3879591,Diana Mocanu,gold
Q3879591,Roxana Maracineanu,silver
Q3879591,Miki Nakao,bronze
Q25239321,Oksen Mirzoyan,gold
Q25239321,He Yingqiang,silver
Q25239321,Liu Shoubin,bronze
Q1205250,Jin Jong-oh,gold
Q1205250,Tan Zongliang,silver
Q1205250,Vladimir Isakov,bronze
Q766586,Claudia Pechstein,gold
Q766586,Renate Groenewold,silver
Q766586,Cindy Klassen,bronze
Q850246,Wang Meng,gold
Q850246,Evgenia Radanova,silver
Q850246,Anouk Leblanc-Boucher,bronze
Q2071152,Allison Schmitt,gold
Q2071152,Camille Muffat,silver
Q2071152,Bronte Barratt,bronze
Q2071160,Tyler Clary,gold
Q2071160,Ryosuke Irie,silver
Q2071160,Ryan Lochte,bronze
Q1204722,Kateřina Emmons,gold
Q1204722,Lioubov Galkina,silver
Q1204722,Snježana Pejčić,bronze
Q26208755,Thomas Röhler,gold
Q26208755,Julius Yego,silver
Q26208755,Keshorn Walcott,bronze
Q2500292,Fredrik Lööf,gold
Q2500292,Max Salminen,gold
Q2500292,Iain Percy,silver
Q2500292,Andrew Simpson,silver
Q2500292,Robert Scheidt,bronze
Q2500292,Bruno Prada,bronze
Q870647,Reiichi Mikata,gold
Q870647,Takanori Kono,gold
Q870647,Kenji Ogiwara,gold
Q870647,Knut Tore Apeland,silver
Q870647,Fred Børre Lundberg,silver
Q870647,Trond Einar Elden,silver
Q870647,Klaus Ofner,bronze
Q870647,Stefan Kreiner,bronze
Q870647,Klaus Sulzenbacher,bronze
Q7662173,Olga Brusnikina,gold
Q7662173,Maria Kisseleva,gold
Q7662173,Miya Tachibana,silver
Q7662173,Miho Takeda,silver
Q7662173,Virginie Dedieu,bronze
Q7662173,Myriam Lignot,bronze
Q15619183,Adelina Sotnikova,gold
Q15619183,Yuna Kim,silver
Q15619183,Carolina Kostner,bronze
Q25239533,Joachim Kunz,gold
Q25239533,Israel Militosyan,silver
Q25239533,Li Jinhe,bronze
Q4951830,Somluck Kamsing,gold
Q4951830,Serafim Todorov,silver
Q4951830,Pablo Chacón,bronze
Q1005783,Hadi Saei,gold
Q1005783,Mauro Sarmiento,silver
Q1005783,Zhu Guo,bronze
Q7372012,Ekaterina Karsten,gold
Q7372012,Rumyana Neykova,silver
Q7372012,Katrin Rutschow-Stomporowski,bronze
Q3879590,Grant Hackett,gold
Q3879590,Kieren Perkins,silver
Q3879590,Chris Thompson,bronze
Q1221969,Tamara Tikhonova,gold
Q1221969,Anfisa Reztsova,silver
Q1221969,Raisa Smetanina,bronze
Q3628769,Gabriela Szabo,gold
Q3628769,Sonia O'Sullivan,silver
Q3628769,Gete Wami,bronze
Q1005640,Thomas Stangassinger,gold
Q1005640,Alberto Tomba,silver
Q1005640,Jure Košir,bronze
Q744487,Andrey Silnov,gold
Q744487,Germaine Mason,silver
Q744487,Yaroslav Rybakov,bronze
Q26233821,Ruth Beitia,gold
Q26233821,Mirela Demireva,silver
Q26233821,Blanka Vlašić,bronze
Q1433109,Timothy Mack,gold
Q1433109,Toby Stevenson,silver
Q1433109,Giuseppe Gibilisco,bronze
Q1049551,David Rudisha,gold
Q1049551,Nijel Amos,silver
Q1049551,Timothy Kitum,bronze
Q2071129,Maryam Yusuf Jamal,gold
Q2071129,Abeba Aregawi,silver
Q2071129,Shannon Rowbury,bronze
Q2071135,Caster Semenya,gold
Q2071135,Pamela Jelimo,silver
Q2071135,Alysia Johnson Montaño,bronze
Q2090641,Meseret Defar,gold
Q2090641,Vivian Cheruiyot,silver
Q2090641,Tirunesh Dibaba,bronze
Q26219843,Faith Kipyegon,gold
Q26219843,Genzebe Dibaba,silver
Q26219843,Jennifer Simpson,bronze
Q26208467,Conseslus Kipruto,gold
Q26208467,Evan Jager,silver
Q26208467,Mahiedine Mekhissi-Benabbad,bronze
Q2001009,Habiba Ghribi,gold
Q2001009,Sofia Assefa,silver
Q2001009,Milcah Chemos Cheywa,bronze
Q65242144,Gong Lijiao,gold
Q65242144,Raven Saunders,silver
Q65242144,Valerie Adams,bronze
Q1799275,Tirunesh Dibaba,gold
Q1799275,Sally Kipyego,silver
Q1799275,Vivian Cheruiyot,bronze
Q1771990,Ezekiel Kemboi,gold
Q1771990,Mahiedine Mekhissi-Benabbad,silver
Q1771990,Abel Mutai,bronze
Q2194130,Laura Trott,gold
Q2194130,Sarah Hammer,silver
Q2194130,Annette Edmondson,bronze
Q26219851,Kim So-hui,gold
Q26219851,Tijana Bogdanović,silver
Q26219851,Patimat Abakarova,bronze
Q1043342,Nancy Langat,gold
Q1043342,Iryna Lishchynska,silver
Q1043342,Nataliya Tobias,bronze
Q1063589,Samuel Sánchez,gold
Q1063589,Fabian Cancellara,silver
Q1063589,Alexandr Kolobnev,bronze
Q26212188,Rim Jong-sim,gold
Q26212188,Darya Naumava,silver
Q26212188,Lydia Valentín,bronze
Q26219850,Cheick Sallah Cissé,gold
Q26219850,Lutalo Muhammad,silver
Q26219850,Oussama Oueslati,bronze
Q256559,Park Tae-Hwan,gold
Q256559,Zhang Lin,silver
Q256559,Larsen Jensen,bronze
Q1185004,Kirsty Coventry,gold
Q1185004,Margaret Hoelzer,silver
Q1185004,Reiko Nakamura,bronze
Q657467,Stephanie Brown Trafton,gold
Q657467,Olena Antonova,silver
Q657467,Song Aimin,bronze
Q754412,Alexander Vinokourov,gold
Q754412,Rigoberto Urán,silver
Q754412,Alexander Kristoff,bronze
Q15056220,Stefan Groothuis,gold
Q15056220,Denny Morrison,silver
Q15056220,Michel Mulder,bronze
Q24760634,Greg Van Avermaet,gold
Q24760634,Jakob Fuglsang,silver
Q24760634,Rafał Majka,bronze
Q25386275,Inna Deriglazova,gold
Q25386275,Elisa Di Francisca,silver
Q25386275,Inès Boubakri,bronze
Q950563,Rebecca Soni,gold
Q950563,Leisel Jones,silver
Q950563,Sara Nordenstam,bronze
Q47296499,"CANPatrick Chan, Kaetlyn Osmond, Gabrielle Daleman, Meagan Duhamel, Eric Radford, Tessa Virtue, Scott Moir",gold
Q47296499,"OARMikhail Kolyada, Evgenia Medvedeva, Alina Zagitova, Evgenia Tarasova, Vladimir Morozov, Natalia Zabiiako, Alexander Enbert, Ekaterina Bobrova, Dmitri Soloviev",silver
Q47296499,"USANathan Chen, Adam Rippon, Bradie Tennell, Mirai Nagasu, Alexa Scimeca Knierim, Chris Knierim, Maia Shibutani, Alex Shibutani",bronze
Q26242953,Cao Yuan,gold
Q26242953,Jack Laugher,silver
Q26242953,Patrick Hausding,bronze
Q26235881,Chen Aisen,gold
Q26235881,Lin Yue,gold
Q26235881,David Boudia,silver
Q26235881,Steele Johnson,silver
Q26235881,Tom Daley,bronze
Q26235881,Daniel Goodfellow,bronze
Q26237528,Chen Ruolin,gold
Q26237528,Liu Huixia,gold
Q26237528,Cheong Jun Hoong,silver
Q26237528,Pandelela Rinong,silver
Q26237528,Meaghan Benfeito,bronze
Q26237528,Roseline Filion,bronze
Q26237418,Niccolò Campriani,gold
Q26237418,Sergey Kamenskiy,silver
Q26237418,Alexis Raynaud,bronze
Q26243423,Shi Tingmao,gold
Q26243423,He Zi,silver
Q26243423,Tania Cagnotto,bronze
Q26234145,Nafissatou Thiam,gold
Q26234145,Jessica Ennis-Hill,silver
Q26234145,Brianne Theisen-Eaton,bronze
Q26261258,Uladzislau Hancharou,gold
Q26261258,Dong Dong,silver
Q26261258,Gao Lei,bronze
Q26262523,Gong Jinjie,gold
Q26262523,Zhong Tianshi,gold
Q26262523,Daria Shmeleva,silver
Q26262523,Anastasia Voynova,silver
Q26262523,Kristina Vogel,bronze
Q26262523,Miriam Welte,bronze
Q26259596,Philip Hindes,gold
Q26259596,Jason Kenny,gold
Q26259596,Callum Skinner,gold
Q26259596,Eddie Dawkins,silver
Q26259596,Ethan Mitchell,silver
Q26259596,Sam Webster,silver
Q26259596,Grégory Baugé,bronze
Q26259596,Michaël D'Almeida,bronze
Q26259596,François Pervis,bronze
Q26261256,Rosannagh Mac,gold
Q26261256,Lennan,gold
Q26261256,Bryony Page,silver
Q26261256,Li Dan,bronze
Q26265815,Kristina Vogel,gold
Q26265815,Becky James,silver
Q26265815,Katy Marchant,bronze
Q26262252,Jason Kenny,gold
Q26262252,Callum Skinner,silver
Q26262252,Denis Dmitriev,bronze
Q26273359,Brianna Rollins,gold
Q26273359,Nia Ali,silver
Q26273359,Kristi Castlin,bronze
Q26263572,Elis Ligtlee,gold
Q26263572,Becky James,silver
Q26263572,Anna Meares,bronze
Q26260960,Katie Archibald,gold
Q26260960,Laura Trott,gold
Q26260960,Elinor Barker,gold
Q26260960,Joanna Rowsell Shand,gold
Q26260960,Sarah Hammer,silver
Q26260960,Kelly Catlin,silver
Q26260960,Chloé Dygert,silver
Q26260960,Jennifer Valente,silver
Q26260960,Allison Beveridge,bronze
Q26260960,Jasmin Glaesser,bronze
Q26260960,Kirsti Lay,bronze
Q26260960,Georgia Simmerling,bronze
Q26260960,Laura Brown,bronze
Q26234144,Sara Kolak,gold
Q26234144,Sunette Viljoen,silver
Q26234144,Barbora Špotáková,bronze
Q26234119,Anita Włodarczyk,gold
Q26234119,Zhang Wenxiu,silver
Q26234119,Sophie Hitchon,bronze
Q26291516,Jason Kenny,gold
Q26291516,Matthijs Büchli,silver
Q26291516,Azizulhasni Awang,bronze
Q26234051,Michelle Carter,gold
Q26234051,Valerie Adams,silver
Q26234051,Anita Márton,bronze
Q26233995,Caterine Ibargüen,gold
Q26233995,Yulimar Rojas,silver
Q26233995,Olga Rypakova,bronze
Q26430868,Chen Aisen,gold
Q26430868,Germán Sánchez,silver
Q26430868,David Boudia,bronze
Q284413,Rosannagh Mac,gold
Q284413,Lennan,gold
Q284413,Huang Shanshan,silver
Q284413,He Wenna,bronze
Q3223718,CAN (4th title),gold
Q3223718,USA,silver
Q3223718,SUI,bronze
Q26233317,Ruth Jebet,gold
Q26233317,Hyvin Jepkemoi,silver
Q26233317,Emma Coburn,bronze
Q26233122,Wang Zhen,gold
Q26233122,Cai Zelin,silver
Q26233122,Dane Bird-Smith,bronze
Q3082710,Xu Lijia,gold
Q3082710,Marit Bouwmeester,silver
Q3082710,Evi Van Acker,bronze
Q26229077,Shi Tingmao,gold
Q26229077,Wu Minxia,gold
Q26229077,Tania Cagnotto,silver
Q26229077,Francesca Dallapé,silver
Q26229077,Maddison Keeney,bronze
Q26229077,Anabelle Smith,bronze
Q26233320,Liu Hong,gold
Q26233320,Lupita González,silver
Q26233320,Lü Xiuzhi,bronze
Q284936,Evgeniya Kanaeva,gold
Q284936,Darya Dmitriyeva,silver
Q284936,Liubov Charkashyna,bronze
Q26233297,Almaz Ayana,gold
Q26233297,Vivian Cheruiyot,silver
Q26233297,Tirunesh Dibaba,bronze
Q26233103,Kerron Clement,gold
Q26233103,Boniface Mucheru Tumuti,silver
Q26233103,Yasmani Copello,bronze
Q284423,Dong Dong,gold
Q284423,Dmitry Ushakov,silver
Q284423,Lu Chunlong,bronze
Q326112,Anastasia Bliznyuk Uliana Donskova Ksenia Dudkina Alina Makarenko Anastasia Nazarenko Karolina Sevastyanova,gold
Q326112,Maryna Hancharova Anastasia Ivankova Nataliya Leshchyk Aliaksandra Narkevich Ksenia Sankovich Alina Tumilovich,silver
Q326112,Elisa Blanchi Romina Laurito Marta Pagnini Elisa Santoni Anzhelika Savrayuk Andreea Stefanescu,bronze
Q26233319,Dalilah Muhammad,gold
Q26233319,Sara Petersen,silver
Q26233319,Ashley Spencer,bronze
Q1064016,Kaori Matsumoto,gold
Q1064016,Corina Căprioriu,silver
Q1064016,Marti Malloy,bronze
Q1055931,Greg Rutherford,gold
Q1055931,Mitchell Watt,silver
Q1055931,Will Claye,bronze
Q26219862,Vivian Cheruiyot,gold
Q26219862,Hellen Onsando Obiri,silver
Q26219862,Almaz Ayana,bronze
Q26225492,Tianna Bartoletta,gold
Q26225492,Brittney Reese,silver
Q26225492,Ivana Španović,bronze
Q1064728,Nicole Cooke,gold
Q1064728,Emma Johansson,silver
Q1064728,Tatiana Guderzo,bronze
Q26212225,David Rudisha,gold
Q26212225,Taoufik Makhloufi,silver
Q26212225,Clayton Murphy,bronze
Q26224939,Katerina Stefanidi,gold
Q26224939,Sandi Morris,silver
Q26224939,Eliza Mc,bronze
Q26224939,Cartney,bronze
Q26219861,Mo Farah,gold
Q26219861,Paul Kipkemoi Chelimo,silver
Q26219861,Hagos Gebrhiwet,bronze
Q369846,Aaron Peirsol,gold
Q369846,Matt Grevers,silver
Q369846,Hayden Stoeckel,bronze
Q26225938,Matej Tóth,gold
Q26225938,Jared Tallent,silver
Q26225938,Hirooki Arai,bronze
Q326384,Oleksandr Usyk,gold
Q326384,Clemente Russo,silver
Q326384,Tervel Pulev,bronze
Q26212202,Jeff Henderson,gold
Q26212202,Luvo Manyonga,silver
Q26212202,Greg Rutherford,bronze
Q1005787,Kim Jae-Bum,gold
Q1005787,Ole Bischof,silver
Q1005787,Ivan Nifontov,bronze
Q26223026,Mo Farah,gold
Q26223026,Paul Tanui,silver
Q26223026,Tamirat Tola,bronze
Q26219858,Wayde van Niekerk,gold
Q26219858,Kirani James,silver
Q26219858,La,bronze
Q26219858,Shawn Merritt,bronze
Q26221551,Alistair Brownlee,gold
Q26221551,Jonathan Brownlee,silver
Q26221551,Henri Schoeman,bronze
Q26219856,Usain Bolt,gold
Q26219856,Andre De Grasse,silver
Q26219856,Christophe Lemaitre,bronze
Q1050909,Chen Ding,gold
Q1050909,Erick Barrondo,silver
Q1050909,Wang Zhen,bronze
Q1064358,Chen Ruolin,gold
Q1064358,Wang Hao,gold
Q1064358,Paola Espinosa,silver
Q1064358,Alejandra Orozco,silver
Q1064358,Meaghan Benfeito,bronze
Q1064358,Roseline Filion,bronze
Q1064845,Éva Risztov,gold
Q1064845,Haley Anderson,silver
Q1064845,Martina Grimaldi,bronze
Q1140736,Lin Dan,gold
Q1140736,Lee Chong Wei,silver
Q1140736,Chen Long,bronze
Q62020022,Stefanos Ntouskos,gold
Q62020022,Kjetil Borch,silver
Q62020022,Damir Martin,bronze
Q65235520,Takanori Nagase,gold
Q65235520,Saeid Mollaei,silver
Q65235520,Shamil Borchashvili,bronze
Q26219821,Barbara Engleder,gold
Q26219821,Zhang Binbin,silver
Q26219821,Du Li,bronze
Q26219841,Elaine Thompson,gold
Q26219841,Tori Bowie,silver
Q26219841,Shelly-Ann Fraser-Pryce,bronze
Q110316274,Gabriella Papadakisand Guillaume Cizeron,gold
Q110316274,Victoria Sinitsinaand Nikita Katsalapov,silver
Q110316274,Madison Hubbelland Zachary Donohue,bronze
Q65243912,Yuto Horigome,gold
Q65243912,Kelvin Hoefler,silver
Q65243912,Jagger Eaton,bronze
Q65235537,Distria Krasniqi,gold
Q65235537,Funa Tonaki,silver
Q65235537,Daria Bilodid,bronze
Q1076273,Lin Dan,gold
Q1076273,Lee Chong Wei,silver
Q1076273,Chen Jin,bronze
Q2070009,Jared Tallent,gold
Q2070009,Si Tianfeng,silver
Q2070009,Robert Heffernan,bronze
Q65235488,Aaron Wolf,gold
Q65235488,Cho Gu-ham,silver
Q65235488,Jorge Fonseca,bronze
Q1188476,Kateryna Tarasenko,gold
Q1188476,Nataliya Dovhodko,gold
Q1188476,Anastasiya Kozhenkova,gold
Q1188476,Yana Dementyeva,gold
Q1188476,Annekatrin Thiele,silver
Q1188476,Carina Bär,silver
Q1188476,Julia Richter,silver
Q1188476,Britta Oppelt,silver
Q1188476,Natalie Dell,bronze
Q1188476,Kara Kohler,bronze
Q1188476,Megan Kalmoe,bronze
Q1188476,Adrienne Martelli,bronze
Q65235512,Shohei Ono,gold
Q65235512,Lasha Shavdatuashvili,silver
Q65235512,An Chang-rim,bronze
Q47295256,Alina Zagitova,gold
Q47295256,Evgenia Medvedeva,silver
Q47295256,Kaetlyn Osmond,bronze
Q65235562,Chizuru Arai,gold
Q65235562,Michaela Polleres,silver
Q65235562,Madina Taimazova,bronze
Q2000949,Erik Kynard,gold
Q2000949,Derek Drouin,silver
Q2000999,Aries Merritt,gold
Q2000999,Jason Richardson,silver
Q2000999,Hansle Parchment,bronze
Q65235574,Akira Sone,gold
Q65235574,Idalys Ortiz,silver
Q65235574,Iryna Kindzerska,bronze
Q2000988,Tiki Gelana,gold
Q2000988,Priscah Jeptoo,silver
Q2000988,Tatyana Petrova Arkhipova,bronze
Q1094662,Tong Wen,gold
Q1094662,Maki Tsukada,silver
Q1094662,Lucija Polavder,bronze
Q110316264,Sui Wenjingand Han Cong,gold
Q110316264,Evgenia Tarasovaand Vladimir Morozov,silver
Q110316264,Anastasia Mishinaand Aleksandr Galliamov,bronze
Q627905,Sarah Menezes,gold
Q627905,Alina Dumitru,silver
Q627905,Charline Van Snick,bronze
Q65243916,Momiji Nishiya,gold
Q65243916,Rayssa Leal,silver
Q65243916,Funa Nakayama,bronze
Q590226,Yang Xiuli,gold
Q590226,Yalennis Castillo,silver
Q590226,Jeong Gyeong-Mi,bronze
Q1193963,Giulia Quintavalle,gold
Q1193963,Deborah Gravenstijn,silver
Q1193963,Xu Yan,bronze
Q26219839,Shaunae Miller,gold
Q26219839,Allyson Felix,silver
Q26219839,Shericka Jackson,bronze
Q65235568,Shori Hamada,gold
Q65235568,Madeleine Malonga,silver
Q65235568,Anna-Maria Wagner,bronze
Q2000979,Christian Taylor,gold
Q2000979,Will Claye,silver
Q2000979,Fabrizio Donato,bronze
Q65242281,Linoy Ashram,gold
Q65242281,Dina Averina,silver
Q65242281,Alina Harnasko,bronze
Q110264101,Francesco Friedrich,gold
Q110264101,Thorsten Margis,gold
Q110264101,Johannes Lochner,silver
Q110264101,Florian Bauer,silver
Q110264101,Christoph Hafer,bronze
Q110264101,Matthias Sommer,bronze
Q62020023,Martin Sinković,gold
Q62020023,Valent Sinković,gold
Q62020023,Marius Cozmiuc,silver
Q62020023,Ciprian Tudosă,silver
Q62020023,Frederic Vystavel,bronze
Q62020023,Joachim Sutton,bronze
Q645932,Brittney Reese,gold
Q645932,Yelena Sokolova,silver
Q645932,Janay De,bronze
Q645932,Loach,bronze
Q370500,Erin Cafaro,gold
Q370500,Susan Francia,gold
Q370500,Esther Lofgren,gold
Q370500,Taylor Ritzel,gold
Q370500,Meghan Musnicki,gold
Q370500,Elle Logan,gold
Q370500,Caroline Lind,gold
Q370500,Caryn Davies,gold
Q370500,Mary Whipple,gold
Q370500,Janine Hanson,silver
Q370500,Rachelle Viinberg,silver
Q370500,Krista Guloien,silver
Q370500,Lauren Wilkinson,silver
Q370500,Natalie Mastracci,silver
Q370500,Ashley Brzozowicz,silver
Q370500,Darcy Marquardt,silver
Q370500,Andréanne Morin,silver
Q370500,Lesley Thompson-Willie,silver
Q370500,Jacobine Veenhoven,bronze
Q370500,Ninke Kingma,bronze
Q370500,Chantal Achterberg,bronze
Q370500,Sytske de Groot,bronze
Q370500,Roline Repelaer van Driel,bronze
Q370500,Claudia Belderbos,bronze
Q370500,Carline Bouw,bronze
Q370500,Annemiek de Haan,bronze
Q370500,Anne Schellekens,bronze
Q1065654,Misty May-Treanor,gold
Q1065654,Kerri Walsh Jennings,gold
Q1065654,Jennifer Kessy,silver
Q1065654,April Ross,silver
Q1065654,Juliana Felisberta,bronze
Q1065654,Larissa França,bronze
Q110264143,Francesco Friedrich,gold
Q110264143,Thorsten Margis,gold
Q110264143,Candy Bauer,gold
Q110264143,Alexander Schüller,gold
Q110264143,Johannes Lochner,silver
Q110264143,Florian Bauer,silver
Q110264143,Christopher Weber,silver
Q110264143,Christian Rasp,silver
Q110264143,Justin Kripps,bronze
Q110264143,Ryan Sommer,bronze
Q110264143,Cam Stones,bronze
Q110264143,Ben Coakwell,bronze
Q26214545,Christoph Harting,gold
Q26214545,Piotr Małachowski,silver
Q26214545,Daniel Jasinski,bronze
Q2070547,Anna Chicherova,gold
Q2070547,Brigetta Barrett,silver
Q2070547,Ruth Beitia,bronze
Q2071171,Mo Farah,gold
Q2071171,Dejen Gebremeskel,silver
Q2071171,Thomas Pkemei,bronze
Q2071171,Longosiwa,bronze
Q62020027,Alexander Purnell Spencer Turrin Jack Hargreaves Alexander Hill,gold
Q62020027,Mihăiță Țigănescu Mugurel Semciuc Ștefan Berariu Cosmin Pascari,silver
Q62020027,Matteo Castaldo Matteo Lodo Giuseppe Vicino,bronze
Q62020027,Marco Di Costanzo Bruno Rosetti (h),bronze
Q26208357,Kim Woo-jin,gold
Q26208357,Ku Bon-chan,gold
Q26208357,Lee Seung-yun,gold
Q26208357,Brady Ellison,silver
Q26208357,Zach Garrett,silver
Q26208357,Jake Kaminski,silver
Q26208357,Alec Potts,bronze
Q26208357,Ryan Tyack,bronze
Q26208357,Taylor Worth,bronze
Q62020029,Dirk Uittenbogaard,gold
Q62020029,Abe Wiersma,gold
Q62020029,Tone Wieten,gold
Q62020029,Koen Metsemakers,gold
Q62020029,Harry Leask,silver
Q62020029,Angus Groom,silver
Q62020029,Tom Barras,silver
Q62020029,Jack Beaumont,silver
Q62020029,Jack Cleary,bronze
Q62020029,Caleb Antill,bronze
Q62020029,Cameron Girdlestone,bronze
Q62020029,Luke Letcher,bronze
Q1144277,Du Jing,gold
Q1144277,Yu Yang,gold
Q1144277,Lee Hyo-jung,silver
Q1144277,Lee Kyung-won,silver
Q1144277,Wei Yili,bronze
Q1144277,Zhang Yawen,bronze
Q1193975,Ayumi Tanimoto,gold
Q1193975,Lucie Décosse,silver
Q1193975,Elisabeth Willeboordse,bronze
Q531436,Katie Ledecky,gold
Q531436,Mireia Belmonte García,silver
Q531436,Rebecca Adlington,bronze
Q47155555,Marie Dorin Habert,gold
Q47155555,Anaïs Bescond,gold
Q47155555,Simon Desthieux,gold
Q47155555,Martin Fourcade,gold
Q47155555,Marte Olsbu,silver
Q47155555,Tiril Eckhoff,silver
Q47155555,Johannes Thingnes BøEmil Hegle Svendsen,silver
Q47155555,Lisa Vittozzi,bronze
Q47155555,Dorothea Wierer,bronze
Q47155555,Lukas Hofer,bronze
Q47155555,Dominik Windisch,bronze
Q26086643,Ashton Eaton,gold
Q26086643,Kevin Mayer,silver
Q26086643,Damian Warner,bronze
Q62020033,Emma Twigg,gold
Q62020033,Hanna Prakatsen,silver
Q62020033,Magdalena Lobnig,bronze
Q1076798,Kayla Harrison,gold
Q1076798,Gemma Gibbons,silver
Q1076798,Audrey Tcheuméo,bronze
Q47296003,Tessa Virtueand Scott Moir,gold
Q47296003,Gabriella Papadakisand Guillaume Cizeron,silver
Q47296003,Maia Shibutaniand Alex Shibutani,bronze
Q65242368,Jess Learmonth,gold
Q65242368,Jonny Brownlee,gold
Q65242368,Georgia Taylor-Brown,gold
Q65242368,Alex Yee,gold
Q65242368,Katie Zaferes,silver
Q65242368,Kevin Mc,silver
Q65242368,Dowell,silver
Q65242368,Taylor Knibb,silver
Q65242368,Morgan Pearson,silver
Q65242368,Léonie Périault,bronze
Q65242368,Dorian Coninx,bronze
Q65242368,Cassandre Beaugrand,bronze
Q65242368,Vincent Luis,bronze
Q591384,Taoufik Makhloufi,gold
Q591384,Leonel Manzano,silver
Q591384,Abdalaati Iguider,bronze
Q62020025,Hugo Boucheron,gold
Q62020025,Matthieu Androdias,gold
Q62020025,Melvin Twellaar,silver
Q62020025,Stef Broenink,silver
Q62020025,Liu Zhiyu,bronze
Q62020025,Zhang Liang,bronze
Q1076967,Urška Žolnir,gold
Q1076967,Xu Lili,silver
Q1076967,Yoshie Ueno,bronze
Q47263008,Aljona Savchenkoand Bruno Massot,gold
Q47263008,Sui Wenjingand Han Cong,silver
Q47263008,Meagan Duhameland Eric Radford,bronze
Q2000968,Renaud Lavillenie,gold
Q2000968,Björn Otto,silver
Q2000968,Raphael Holzdeppe,bronze
Q1067177,Ashleigh Mc,gold
Q1067177,Ivor,gold
Q1067177,Hedda Berntsen,silver
Q1067177,Marion Josserand,bronze
Q62020035,Lucy Stephan Rosemary Popa Jessica Morrison Annabelle Mc,gold
Q62020035,Intyre,gold
Q62020035,Ellen Hogerwerf Karolien Florijn Ymkje Clevering Veronique Meester,silver
Q62020035,Aifric Keogh Eimear Lambe Fiona Murtagh Emily Hegarty,bronze
Q26208442,Derek Drouin,gold
Q26208442,Mutaz Essa Barshim,silver
Q26208442,Bohdan Bondarenko,bronze
Q62020026,Fintan Mc,gold
Q62020026,Carthy,gold
Q62020026,Paul O'Donovan,gold
Q62020026,Jonathan Rommelmann,silver
Q62020026,Jason Osborne,silver
Q62020026,Stefano Oppo,bronze
Q62020026,Pietro Ruta,bronze
Q47455933,Samuel Girard,gold
Q47455933,John-Henry Krueger,silver
Q47455933,Seo Yi-ra,bronze
Q2069991,Anita Włodarczyk,gold
Q2069991,Betty Heidler,silver
Q2069991,Zhang Wenxiu,bronze
Q110316174,Nathan Chen,gold
Q110316174,Yuma Kagiyama,silver
Q110316174,Shoma Uno,bronze
Q62020030,Chen Yunxia,gold
Q62020030,Zhang Ling,gold
Q62020030,Lü Yang,gold
Q62020030,Cui Xiaotong,gold
Q62020030,Agnieszka Kobus,silver
Q62020030,Marta Wieliczko,silver
Q62020030,Maria Sajdak,silver
Q62020030,Katarzyna Zillmann,silver
Q62020030,Ria Thompson,bronze
Q62020030,Rowena Meredith,bronze
Q62020030,Harriet Hudson,bronze
Q62020030,Caitlin Cronin,bronze
Q65235495,Naohisa Takato,gold
Q65235495,Yang Yung-wei,silver
Q65235495,Yeldos Smetov,bronze
Q47310015,Suzanne Schulting,gold
Q47310015,Kim Boutin,silver
Q47310015,Arianna Fontana,bronze
Q586832,Tessa Virtueand Scott Moir,gold
Q586832,Meryl Davisand Charlie White,silver
Q586832,Oksana Domninaand Maxim Shabalin,bronze
Q62020031,Nicoleta-Ancuța Bodnar,gold
Q62020031,Simona Radiș,gold
Q62020031,Brooke Donoghue,silver
Q62020031,Hannah Osborne,silver
Q62020031,Roos de Jong,bronze
Q62020031,Lisa Scheenaard,bronze
Q110324226,Anna Shcherbakova,gold
Q110324226,Alexandra Trusova,silver
Q110324226,Kaori Sakamoto,bronze
Q25991470,Sharon van Rouwendaal,gold
Q25991470,Rachele Bruni,silver
Q25991470,Poliana Okimoto,bronze
Q2000939,Barbora Špotáková,gold
Q2000939,Christina Obergföll,silver
Q2000939,Linda Stahl,bronze
Q603519,Idalys Ortiz,gold
Q603519,Mika Sugimoto,silver
Q603519,Karina Bryant,bronze
Q26219842,Elaine Thompson,gold
Q26219842,Dafne Schippers,silver
Q26219842,Tori Bowie,bronze
Q65235505,Hifumi Abe,gold
Q65235505,Vazha Margvelashvili,silver
Q65235505,An Ba-ul,bronze
Q2036655,Jaroslav Kulhavý,gold
Q2036655,Nino Schurter,silver
Q2036655,Marco Aurelio Fontana,bronze
Q110264144,Kaillie Humphries,gold
Q110264144,Elana Meyers Taylor,silver
Q110264144,Christine de Bruin,bronze
Q26215594,Dilshod Nazarov,gold
Q26215594,Ivan Tsikhan,silver
Q26215594,Wojciech Nowicki,bronze
Q62020028,Tom Mackintosh,gold
Q62020028,Hamish Bond,gold
Q62020028,Tom Murray,gold
Q62020028,Michael Brake,gold
Q62020028,Dan Williamson,gold
Q62020028,Phillip Wilson,gold
Q62020028,Shaun Kirkham,gold
Q62020028,Matt Macdonald,gold
Q62020028,Sam Bosworth,gold
Q62020028,Johannes Weißenfeld,silver
Q62020028,Laurits Follert,silver
Q62020028,Olaf Roggensack,silver
Q62020028,Torben Johannesen,silver
Q62020028,Jakob Schneider,silver
Q62020028,Malte Jakschik,silver
Q62020028,Richard Schmidt,silver
Q62020028,Hannes Ocik,silver
Q62020028,Martin Sauer,silver
Q62020028,Josh Bugajski,bronze
Q62020028,Jacob Dawson,bronze
Q62020028,Thomas George,bronze
Q62020028,Moe Sbihi,bronze
Q62020028,Charles Elwes,bronze
Q62020028,Oliver Wynne-Griffith,bronze
Q62020028,James Rudkin,bronze
Q62020028,Thomas Ford,bronze
Q62020028,Henry Fieldman,bronze
Q536380,James Thompson,gold
Q536380,Matthew Brittain,gold
Q536380,John Smith,gold
Q536380,Sizwe Ndlovu,gold
Q536380,Peter Chambers,silver
Q536380,Rob Williams,silver
Q536380,Richard Chambers,silver
Q536380,Chris Bartley,silver
Q536380,Kasper Winther Jørgensen,bronze
Q536380,Morten Jørgensen,bronze
Q536380,Jacob Barsøe,bronze
Q536380,Eskild Ebbesen,bronze
Q585714,Arsen Galstyan,gold
Q585714,Hiroaki Hiraoka,silver
Q585714,Felipe Kitadai,bronze
Q26037158,Monica Puig,gold
Q26037158,Angelique Kerber,silver
Q26037158,Petra Kvitová,bronze
Q47155815,Martin Fourcade,gold
Q47155815,Simon Schempp,silver
Q47155815,Emil Hegle Svendsen,bronze
Q26208457,Thiago Braz,gold
Q26208457,Renaud Lavillenie,silver
Q26208457,Sam Kendricks,bronze
Q25991460,Ferry Weertman,gold
Q25991460,Spyridon Gianniotis,silver
Q25991460,Marc-Antoine Olivier,bronze
Q65235542,Uta Abe,gold
Q65235542,Amandine Buchard,silver
Q65235542,Odette Giuffrida,bronze
Q65243918,Sakura Yosozumi,gold
Q65243918,Kokona Hiraki,silver
Q65243918,Sky Brown,bronze
Q26203840,Omar Mc,gold
Q26203840,Leod,gold
Q26203840,Orlando Ortega,silver
Q26203840,Dimitri Bascou,bronze
Q26208447,Ryan Crouser,gold
Q26208447,Joe Kovacs,silver
Q26208447,Tomas Walsh,bronze
Q25991453,Michael Phelps,gold
Q25991453,Masato Sakai,silver
Q25991453,Tamás Kenderesi,bronze
Q62020036,Valentina Rodini,gold
Q62020036,Federica Cesarini,gold
Q62020036,Laura Tarantola,silver
Q62020036,Claire Bové,silver
Q62020036,Marieke Keijser,bronze
Q62020036,Ilse Paulis,bronze
Q2001050,Nathan Adrian,gold
Q2001050,James Magnussen,silver
Q2001050,Brent Hayden,bronze
Q62020024,Grace Prendergast,gold
Q62020024,Kerri Gowler,gold
Q62020024,Vasilisa Stepanova,silver
Q62020024,Elena Oriabinskaia,silver
Q62020024,Caileigh Filmer,bronze
Q62020024,Hillary Janssens,bronze
Q62020034,Lisa Roman Kasia Gruchalla-Wesierski Christine Roper Andrea Proske Susanne Grainger Madison Mailey Sydney Payne Avalon Wasteneys Kristen Kit,gold
Q62020034,Ella Greenslade Emma Dyke,silver
Q62020034,Lucy Spoors Kelsey Bevan,silver
Q62020034,Grace Prendergast Kerri Gowler Beth Ross Jackie Gowler Caleb Shepherd,silver
Q62020034,Wang Zifeng Wang Yuwei Xu Fei Miao Tian Zhang Min Ju Rui Li Jingjing Guo Linlin Zhang Dechang,bronze
Q57083855,Lee Yang,gold
Q57083855,Wang Chi-lin,gold
Q57083855,Li Junhui,silver
Q57083855,Liu Yuchen,silver
Q57083855,Aaron Chia,bronze
Q57083855,Soh Wooi Yik,bronze
Q47295100,Yuzuru Hanyu,gold
Q47295100,Shoma Uno,silver
Q47295100,Javier Fernández,bronze
Q1068773,Anna Watkins,gold
Q1068773,Katherine Grainger,gold
Q1068773,Kim Crow,silver
Q1068773,Brooke Pratley,silver
Q1068773,Magdalena Fularczyk,bronze
Q1068773,Julia Michalska,bronze
Q110264107,Laura Nolte,gold
Q110264107,Deborah Levi,gold
Q110264107,Mariama Jamanka,silver
Q110264107,Alexandra Burghardt,silver
Q110264107,Elana Meyers Taylor,bronze
Q110264107,Sylvia Hoffman,bronze
Q21858018,Eliud Kipchoge,gold
Q21858018,Feyisa Lilesa,silver
Q21858018,Galen Rupp,bronze
Q22968982,Mahé Drysdale,gold
Q22968982,Damir Martin,silver
Q22968982,Ondřej Synek,bronze
Q47155505,Nadezhda Skardino,gold
Q47155505,Iryna Kryuko,gold
Q47155505,Dzinara Alimbekava,gold
Q47155505,Darya Domracheva,gold
Q47155505,Linn Persson,silver
Q47155505,Mona Brorsson,silver
Q47155505,Anna Magnusson,silver
Q47155505,Hanna Öberg,silver
Q47155505,Anaïs Chevalier,bronze
Q47155505,Marie Dorin Habert,bronze
Q47155505,Justine Braisaz,bronze
Q47155505,Anaïs Bescond,bronze
Q1772012,Félix Sánchez,gold
Q1772012,Michael Tinsley,silver
Q1772012,Javier Culson,bronze
Q1798905,Ryan Lochte,gold
Q1798905,Thiago Pereira,silver
Q1798905,Kosuke Hagino,bronze
Q24906828,Chris Mears,gold
Q24906828,Jack Laugher,gold
Q24906828,Sam Dorman,silver
Q24906828,Michael Hixon,silver
Q24906828,Cao Yuan,bronze
Q24906828,Qin Kai,bronze
Q942500,Kaillie Humphries,gold
Q942500,Heather Moyse,gold
Q942500,Helen Upperton,silver
Q942500,Shelley-Ann Brown,silver
Q942500,Erin Pac,bronze
Q942500,Elana Meyers,bronze
Q938805,Sabine Spitz,gold
Q938805,Maja Włoszczowska,silver
Q938805,Irina Kalentieva,bronze
Q28209,Chen Ruolin,gold
Q28209,Brittany Broben,silver
Q28209,Pandelela Rinong,bronze
Q25476845,Nino Schurter,gold
Q25476845,Jaroslav Kulhavý,silver
Q25476845,Carlos Coloma Nicolás,bronze
Q25476835,Jenny Rissveds,gold
Q25476835,Maja Włoszczowska,silver
Q25476835,Catharine Pendrel,bronze
Q24995398,Laura Ludwig,gold
Q24995398,Kira Walkenhorst,gold
Q24995398,Ágatha Bednarczuk,silver
Q24995398,Bárbara Seixas,silver
Q24995398,April Ross,bronze
Q24995398,Kerri Walsh Jennings,bronze
Q1798873,Jennifer Suhr,gold
Q1798873,Yarisley Silva,silver
Q1798873,Yelena Isinbayeva,bronze
Q666951,Aksel Lund Svindal,gold
Q666951,Bode Miller,silver
Q666951,Andrew Weibrecht,bronze
Q25301754,Misaki Matsutomo,gold
Q25301754,Ayaka Takahashi,gold
Q25301754,Christinna Pedersen,silver
Q25301754,Kamilla Rytter Juhl,silver
Q25301754,Jung Kyung-eun,bronze
Q25301754,Shin Seung-chan,bronze
Q1649415,Usain Bolt,gold
Q1649415,Yohan Blake,silver
Q1649415,Warren Weir,bronze
Q1827915,Sally Pearson,gold
Q1827915,Dawn Harper,silver
Q1827915,Kellie Wells,bronze
Q21858030,Jemima Sumgong,gold
Q21858030,Eunice Kirwa,silver
Q21858030,Mare Dibaba,bronze
Q25301787,Fu Haifeng,gold
Q25301787,Zhang Nan,gold
Q25301787,Goh V Shem,silver
Q25301787,Tan Wee Kiong,silver
Q25301787,Marcus Ellis,bronze
Q25301787,Chris Langridge,bronze
Q739527,Larisa Ilchenko,gold
Q739527,Keri-Anne Payne,silver
Q739527,Cassandra Patten,bronze
Q47091419,Laura Dahlmeier,gold
Q47091419,Marte Olsbu,silver
Q47091419,Veronika Vítková,bronze
Q15055975,Kaillie Humphries,gold
Q15055975,Heather Moyse,gold
Q15055975,Elana Meyers,silver
Q15055975,Lauryn Williams,silver
Q15055975,Jamie Greubel,bronze
Q15055975,Aja Evans,bronze
Q938130,An Kum-ae,gold
Q938130,Yanet Bermoy,silver
Q938130,Priscilla Gneto,bronze
Q247273,Masae Ueno,gold
Q247273,Anaysi Hernández,silver
Q247273,Ronda Rousey,bronze
Q25396697,Chang Hye-jin,gold
Q25396697,Lisa Unruh,silver
Q25396697,Ki Bo-bae,bronze
Q47155365,Laura Dahlmeier,gold
Q47155365,Anastasiya Kuzmina,silver
Q47155365,Anaïs Bescond,bronze
Q1798983,Stephen Kiprotich,gold
Q1798983,Abel Kirui,silver
Q1798983,Wilson Kipsang,bronze
Q25397537,Usain Bolt,gold
Q25397537,Justin Gatlin,silver
Q25397537,Andre De Grasse,bronze
Q693595,Samuel Wanjiru,gold
Q693595,Jaouad Gharib,silver
Q693595,Tsegay Kebede,bronze
Q843287,Marianne Vos,gold
Q843287,Lizzie Armitstead,silver
Q843287,Olga Zabelinskaya,bronze
Q960100,Tagir Khaybulaev,gold
Q960100,Naidangiin Tüvshinbayar,silver
Q960100,Dimitri Peters,bronze
Q24825467,Alison Cerutti,gold
Q24825467,Bruno Oscar Schmidt,gold
Q24825467,Daniele Lupo,silver
Q24825467,Paolo Nicolai,silver
Q24825467,Alexander Brouwer,bronze
Q24825467,Robert Meeuwsen,bronze
Q2437166,Lasse Norman Hansen,gold
Q2437166,Bryan Coquard,silver
Q2437166,Ed Clancy,bronze
Q1753402,Mo Farah,gold
Q1753402,Galen Rupp,silver
Q1753402,Tariku Bekele,bronze
Q956242,Qieyang Shijie,gold
Q956242,Liu Hong,silver
Q956242,Lü Xiuzhi,bronze
Q1345726,Li Xuerui,gold
Q1345726,Wang Yihan,silver
Q1345726,Saina Nehwal,bronze
Q22968981,Lucas Tramèr,gold
Q22968981,Simon Schürch,gold
Q22968981,Simon Niepmann,gold
Q22968981,Mario Gyr,gold
Q22968981,Jacob Barsøe,silver
Q22968981,Jacob Larsen,silver
Q22968981,Kasper Winther Jørgensen,silver
Q22968981,Morten Jørgensen,silver
Q22968981,Franck Solforosi,bronze
Q22968981,Thomas Baroukh,bronze
Q22968981,Guillaume Raineau,bronze
Q22968981,Thibault Colard,bronze
Q1222270,Miroslava Knapková,gold
Q1222270,Fie Udby Erichsen,silver
Q1222270,Kim Crow,bronze
Q932145,Lasha Shavdatuashvili,gold
Q932145,Miklós Ungvári,silver
Q932145,Cho Jun-Ho,bronze
Q22968972,Ilse Paulis,gold
Q22968972,Maaike Head,gold
Q22968972,Lindsay Jennerich,silver
Q22968972,Patricia Obee,silver
Q22968972,Huang Wenyi,bronze
Q22968972,Pan Feihong,bronze
Q1005337,Mahé Drysdale,gold
Q1005337,Ondřej Synek,silver
Q1005337,Alan Campbell,bronze
Q1005506,Alex Gregory,gold
Q1005506,Tom James,gold
Q1005506,Pete Reed,gold
Q1005506,Andrew Triggs Hodge,gold
Q1005506,James Chapman,silver
Q1005506,Josh Dunkley-Smith,silver
Q1005506,Drew Ginn,silver
Q1005506,Will Lockwood,silver
Q1005506,Charlie Cole,bronze
Q1005506,Scott Gault,bronze
Q1005506,Glenn Ochal,bronze
Q1005506,Henrik Rummel,bronze
Q782396,Lee Yong-dae,gold
Q782396,Lee Hyo-jung,gold
Q782396,Nova Widianto,silver
Q782396,Liliyana Natsir,silver
Q782396,He Hanbin,bronze
Q782396,Yu Yang,bronze
Q25476761,Mariana Pajón,gold
Q25476761,Alise Post,silver
Q25476761,Stefany Hernández,bronze
Q1337276,Cai Yun,gold
Q1337276,Fu Haifeng,gold
Q1337276,Mathias Boe,silver
Q1337276,Carsten Mogensen,silver
Q1337276,Jung Jae-sung,bronze
Q1337276,Lee Yong-dae,bronze
Q25301916,Tontowi Ahmad,gold
Q25301916,Liliyana Natsir,gold
Q25301916,Chan Peng Soon,silver
Q25301916,Goh Liu Ying,silver
Q25301916,Zhang Nan,bronze
Q25301916,Zhao Yunlei,bronze
Q47105341,Arnd Peiffer,gold
Q47105341,Michal Krčmář,silver
Q47105341,Dominik Windisch,bronze
Q938833,Julien Absalon,gold
Q938833,Jean-Christophe Péraud,silver
Q938833,Nino Schurter,bronze
Q1986718,Keshorn Walcott,gold
Q1986718,Antti Ruuskanen,silver
Q1986718,Vítězslav Veselý,bronze
Q937510,Luo Yutong,gold
Q937510,Qin Kai,gold
Q937510,Ilya Zakharov,silver
Q937510,Evgeny Kuznetsov,silver
Q937510,Troy Dumais,bronze
Q937510,Kristian Ipsen,bronze
Q15056097,Maddie Bowman,gold
Q15056097,Marie Martinod,silver
Q15056097,Ayana Onozuka,bronze
Q2268451,Oussama Mellouli,gold
Q2268451,Thomas Lurz,silver
Q2268451,Richard Weinberger,bronze
Q25396702,Chang Hye-jin,gold
Q25396702,Choi Mi-sun,gold
Q25396702,Ki Bo-bae,gold
Q25396702,Tuyana Dashidorzhieva,silver
Q25396702,Ksenia Perova,silver
Q25396702,Inna Stepanova,silver
Q25396702,Le Chien-ying,bronze
Q25396702,Lin Shih-chia,bronze
Q25396702,Tan Ya-ting,bronze
Q31850,Roniel Iglesias,gold
Q31850,Denys Berinchyk,silver
Q31850,Vincenzo Mangiacapre,bronze
Q1798882,Sanya Richards-Ross,gold
Q1798882,Christine Ohuruogu,silver
Q1798882,Dee,bronze
Q1798882,Dee Trotter,bronze
Q764131,Ilya Zakharov,gold
Q764131,Qin Kai,silver
Q764131,He Chong,bronze
Q916735,Yuna Kim,gold
Q916735,Mao Asada,silver
Q916735,Joannie Rochette,bronze
Q937526,Cao Yuan,gold
Q937526,Zhang Yanquan,gold
Q937526,Iván García,silver
Q937526,Germán Sánchez,silver
Q937526,David Boudia,bronze
Q937526,Nicholas Mc,bronze
Q937526,Crory,bronze
Q25301472,Chen Long,gold
Q25301472,Lee Chong Wei,silver
Q25301472,Viktor Axelsen,bronze
Q658077,Shen Xueand Zhao Hongbo,gold
Q658077,Pang Qingand Tong Jian,silver
Q658077,Aljona Savchenkoand Robin Szolkowy,bronze
Q24761058,Anna van der Breggen,gold
Q24761058,Emma Johansson,silver
Q24761058,Elisa Longo Borghini,bronze
Q22968977,Helen Glover,gold
Q22968977,Heather Stanning,gold
Q22968977,Genevieve Behrent,silver
Q22968977,Rebecca Scown,silver
Q22968977,Hedvig Rasmussen,bronze
Q22968977,Anne Andersen,bronze
Q15056098,David Wise,gold
Q15056098,Mike Riddle,silver
Q15056098,Kevin Rolland,bronze
Q1005551,Mansur Isaev,gold
Q1005551,Riki Nakaya,silver
Q1005551,Nyam-Ochir Sainjargal,bronze
Q1636766,Kirani James,gold
Q1636766,Luguelín Santos,silver
Q1636766,Lalonde Gordon,bronze
Q22968980,Pierre Houin,gold
Q22968980,Jérémie Azou,gold
Q22968980,Gary O'Donovan,silver
Q22968980,Paul O'Donovan,silver
Q22968980,Kristoffer Brun,bronze
Q22968980,Are Strandli,bronze
Q25476545,Laura Trott,gold
Q25476545,Sarah Hammer,silver
Q25476545,Jolien D'Hoore,bronze
Q732985,Michael Schmid,gold
Q732985,Andreas Matt,silver
Q732985,Audun Grønvold,bronze
Q843436,Jessica Ennis,gold
Q843436,Lilli Schwarzkopf,silver
Q843436,Austra Skujytė,bronze
Q1799251,Valerie Adams,gold
Q1799251,Gong Lijiao,silver
Q1799251,Li Ling,bronze
Q22968985,Eric Murray,gold
Q22968985,Hamish Bond,gold
Q22968985,Lawrence Brittain,silver
Q22968985,Shaun Keeling,silver
Q22968985,Giovanni Abagnale,bronze
Q22968985,Marco Di Costanzo,bronze
Q733756,Olga Rypakova,gold
Q733756,Caterine Ibargüen,silver
Q733756,Olha Saladukha,bronze
Q15620701,Meryl Davisand Charlie White,gold
Q15620701,Tessa Virtueand Scott Moir,silver
Q15620701,Elena Ilinykhand Nikita Katsalapov,bronze
Q1005683,Karl Schulze,gold
Q1005683,Philipp Wende,gold
Q1005683,Lauritz Schoof,gold
Q1005683,Tim Grohmann,gold
Q1005683,David Šain,silver
Q1005683,Martin Sinković,silver
Q1005683,Damir Martin,silver
Q1005683,Valent Sinković,silver
Q1005683,Chris Morgan,bronze
Q1005683,Karsten Forsterling,bronze
Q1005683,James Mc,bronze
Q1005683,Rae,bronze
Q1005683,Daniel Noonan,bronze
Q15620726,Tatiana Volosozharand Maxim Trankov,gold
Q15620726,Ksenia Stolbovaand Fedor Klimov,silver
Q15620726,Aljona Savchenkoand Robin Szolkowy,bronze
Q15054997,Matthias Mayer,gold
Q15054997,Christof Innerhofer,silver
Q15054997,Kjetil Jansrud,bronze
Q47155425,Hanna Öberg,gold
Q47155425,Anastasiya Kuzmina,silver
Q47155425,Laura Dahlmeier,bronze
Q22968983,Martin Sinković,gold
Q22968983,Valent Sinković,gold
Q22968983,Mindaugas Griškonis,silver
Q22968983,Saulius Ritter,silver
Q22968983,Kjetil Borch,bronze
Q22968983,Olaf Tufte,bronze
Q1772017,Shelly-Ann Fraser-Pryce,gold
Q1772017,Carmelita Jeter,silver
Q1772017,Veronica Campbell Brown,bronze
Q945090,Mads Rasmussen,gold
Q945090,Rasmus Quist Hansen,gold
Q945090,Zac Purchase,silver
Q945090,Mark Hunter,silver
Q945090,Storm Uru,bronze
Q945090,Peter Taylor,bronze
Q1798867,Allyson Felix,gold
Q1798867,Shelly-Ann Fraser-Pryce,silver
Q1798867,Carmelita Jeter,bronze
Q47155541,Peppe Femling,gold
Q47155541,Jesper Nelin,gold
Q47155541,Sebastian Samuelsson,gold
Q47155541,Fredrik Lindström,gold
Q47155541,Lars Helge Birkeland,silver
Q47155541,Tarjei BøJohannes Thingnes BøEmil Hegle Svendsen,silver
Q47155541,Erik Lesser,bronze
Q47155541,Benedikt Doll,bronze
Q47155541,Arnd Peiffer,bronze
Q47155541,Simon Schempp,bronze
Q22968979,Emily Regan,gold
Q22968979,Kerry Simmonds,gold
Q22968979,Amanda Polk,gold
Q22968979,Lauren Schmetterling,gold
Q22968979,Tessa Gobbo,gold
Q22968979,Meghan Musnicki,gold
Q22968979,Elle Logan,gold
Q22968979,Amanda Elmore,gold
Q22968979,Katelin Snyder,gold
Q22968979,Katie Greves,silver
Q22968979,Melanie Wilson,silver
Q22968979,Frances Houghton,silver
Q22968979,Polly Swann,silver
Q22968979,Jessica Eddie,silver
Q22968979,Olivia Carnegie-Brown,silver
Q22968979,Karen Bennett,silver
Q22968979,Zoe Lee,silver
Q22968979,Zoe de Toledo,silver
Q22968979,Roxana Cogianu,bronze
Q22968979,Ioana Strungaru,bronze
Q22968979,Mihaela PetrilăIuliana Popa,bronze
Q22968979,Mădălina Beres,bronze
Q22968979,Laura Oprea,bronze
Q22968979,Adelina BogușAndreea Boghian,bronze
Q22968979,Daniela Druncea,bronze
Q767351,Eric Murray,gold
Q767351,Hamish Bond,gold
Q767351,Germain Chardin,silver
Q767351,Dorian Mortelette,silver
Q767351,George Nash,bronze
Q767351,Will Satch,bronze
Q1799157,Lashinda Demus,gold
Q1799157,Zuzana Hejnová,silver
Q1799157,Kaliese Spencer,bronze
Q1771958,Sandra Perković,gold
Q1771958,Li Yanfeng,silver
Q1771958,Yarelys Barrios,bronze
Q1005508,Nathan Cohen,gold
Q1005508,Joseph Sullivan,gold
Q1005508,Alessio Sartori,silver
Q1005508,Romano Battisti,silver
Q1005508,Luka Špik,bronze
Q1005508,Iztok Čop,bronze
Q25396694,Ku Bon-chan,gold
Q25396694,Jean-Charles Valladont,silver
Q25396694,Brady Ellison,bronze
Q22968974,Magdalena Fularczyk-Kozłowska,gold
Q22968974,Natalia Madaj,gold
Q22968974,Victoria Thornley,silver
Q22968974,Katherine Grainger,silver
Q22968974,Donata VištartaitėMilda Valčiukaitė,bronze
Q22968986,Alex Gregory,gold
Q22968986,Moe Sbihi,gold
Q22968986,George Nash,gold
Q22968986,Constantine Louloudis,gold
Q22968986,Will Lockwood,silver
Q22968986,Josh Dunkley-Smith,silver
Q22968986,Josh Booth,silver
Q22968986,Alexander Hill,silver
Q22968986,Domenico Montrone,bronze
Q22968986,Matteo Castaldo,bronze
Q22968986,Matteo Lodo,bronze
Q22968986,Giuseppe Vicino,bronze
Q15052026,Tora Berger,gold
Q15052026,Tiril Eckhoff,gold
Q15052026,Ole Einar Bjørndalen,gold
Q15052026,Emil Hegle Svendsen,gold
Q15052026,Veronika VítkováGabriela SoukalováJaroslav Soukup,silver
Q15052026,Ondřej Moravec,silver
Q15052026,Dorothea Wierer,bronze
Q15052026,Karin Oberhofer,bronze
Q15052026,Dominik Windisch,bronze
Q15052026,Lukas Hofer,bronze
Q15056101,Marielle Thompson,gold
Q15056101,Kelsey Serwa,silver
Q15056101,Anna Holmlund,bronze
Q47155408,Johannes Thingnes Bø,gold
Q47155408,Jakov Fak,silver
Q47155408,Dominik Landertinger,bronze
Q1005554,Song Dae-Nam,gold
Q1005554,Asley González,silver
Q1005554,Ilias Iliadis,bronze
Q947750,Gulnara Samitova-Galkina,gold
Q947750,Eunice Jepkorir,silver
Q947750,Tatyana Petrova Arkhipova,bronze
Q1005379,David Boudia,gold
Q1005379,Qiu Bo,silver
Q1005379,Tom Daley,bronze
Q2269155,Julie Bresset,gold
Q2269155,Sabine Spitz,silver
Q2269155,Georgia Gould,bronze
Q22968973,Kim Brennan,gold
Q22968973,Genevra Stone,silver
Q22968973,Duan Jingli,bronze
Q1005663,Teddy Riner,gold
Q1005663,Aleksandr Mikhailine,silver
Q1005663,Rafael Silva,bronze
Q28166,He Zi,gold
Q28166,Wu Minxia,gold
Q28166,Kelci Bryant,silver
Q28166,Abigail Johnston,silver
Q28166,Jennifer AbelÉmilie Heymans,bronze
Q143007,Markis Kido,gold
Q143007,Hendra Setiawan,gold
Q143007,Cai Yun,silver
Q143007,Fu Haifeng,silver
Q143007,Hwang Ji-man,bronze
Q143007,Lee Jae-jin,bronze
Q1414502,Zhang Nan,gold
Q1414502,Zhao Yunlei,gold
Q1414502,Xu Chen,silver
Q1414502,Ma Jin,silver
Q1414502,Joachim Fischer Nielsen,bronze
Q1414502,Christinna Pedersen,bronze
Q15055978,Beat Hefti Alex Baumann,gold
Q15055978,Steven Holcomb Steven Langton,silver
Q15055978,Oskars Melbārdis Daumants Dreiškens,bronze
Q734020,Usain Bolt,gold
Q734020,Yohan Blake,silver
Q734020,Justin Gatlin,bronze
Q25476541,Elia Viviani,gold
Q25476541,Mark Cavendish,silver
Q25476541,Lasse Norman Hansen,bronze
Q15620700,"RUSEvgeni Plushenko, Yulia Lipnitskaya, Tatiana Volosozhar, Maxim Trankov, Ksenia Stolbova, Fedor Klimov, Ekaterina Bobrova, Dmitri Soloviev, Elena Ilinykh, Nikita Katsalapov",gold
Q15620700,"CANPatrick Chan, Kevin Reynolds, Kaetlyn Osmond, Meagan Duhamel, Eric Radford, Kirsten Moore-Towers, Dylan Moscovitch, Tessa Virtue, Scott Moir",silver
Q15620700,"USAJeremy Abbott, Jason Brown, Ashley Wagner, Gracie Gold, Marissa Castelli, Simon Shnapir, Meryl Davis, Charlie White",bronze
Q22968984,Philipp Wende,gold
Q22968984,Lauritz Schoof,gold
Q22968984,Karl Schulze,gold
Q22968984,Hans Gruhne,gold
Q22968984,Karsten Forsterling,silver
Q22968984,Alexander Belonogoff,silver
Q22968984,Cameron Girdlestone,silver
Q22968984,James Mc,silver
Q22968984,Rae,silver
Q22968984,Andrei JämsäAllar Raja,bronze
Q22968984,Tõnu Endrekson,bronze
Q22968984,Kaspar Taimsoo,bronze
Q1004931,Maarten van der Weijden,gold
Q1004931,David Davies,silver
Q1004931,Thomas Lurz,bronze
Q15292539,Yuzuru Hanyu,gold
Q15292539,Patrick Chan,silver
Q15292539,Denis Ten,bronze
Q47155467,Anastasiya Kuzmina,gold
Q47155467,Darya Domracheva,silver
Q47155467,Tiril Eckhoff,bronze
Q1754221,Natalia Ishchenko,gold
Q1754221,Svetlana Romashina,gold
Q1754221,Ona Carbonell,silver
Q1754221,Andrea Fuentes,silver
Q1754221,Huang Xuechen,bronze
Q1754221,Liu Ou,bronze
Q779173,Lucie Décosse,gold
Q779173,Kerstin Thiele,silver
Q779173,Yuri Alvear,bronze
Q225969,Björn Ferry,gold
Q225969,Christoph Sumann,silver
Q225969,Vincent Jay,bronze
Q23747965,Andy Murray,gold
Q23747965,Juan Martín del Potro,silver
Q23747965,Kei Nishikori,bronze
Q427022,Helen Glover,gold
Q427022,Heather Stanning,gold
Q427022,Kate Hornsey,silver
Q427022,Sarah Tait,silver
Q427022,Juliette Haigh,bronze
Q427022,Rebecca Scown,bronze
Q765839,Robert Harting,gold
Q765839,Ehsan Haddadi,silver
Q765839,Gerd Kanter,bronze
Q25301483,Carolina Marín,gold
Q25301483,P. V. Sindhu,silver
Q25301483,Nozomi Okuhara,bronze
Q14643120,Martin Fourcade,gold
Q14643120,Ondřej Moravec,silver
Q14643120,Jean-Guillaume Béatrix,bronze
Q841530,Krisztián Pars,gold
Q841530,Primož Kozmus,silver
Q841530,Koji Murofushi,bronze
Q22968976,Annekatrin Thiele,gold
Q22968976,Carina Bär,gold
Q22968976,Julia Lier,gold
Q22968976,Lisa Schmidla,gold
Q22968976,Chantal Achterberg,silver
Q22968976,Nicole Beukers,silver
Q22968976,Inge Janssen,silver
Q22968976,Carline Bouw,silver
Q22968976,Maria Springwald,bronze
Q22968976,Joanna Leszczyńska,bronze
Q22968976,Agnieszka Kobus,bronze
Q22968976,Monika Ciaciuch,bronze
Q832282,Didier Défago,gold
Q832282,Aksel Lund Svindal,silver
Q832282,Bode Miller,bronze
Q918063,Julius Brink,gold
Q918063,Jonas Reckermann,gold
Q918063,Alison Cerutti,silver
Q918063,Emanuel Rego,silver
Q918063,Mārtiņš PļaviņšJānis Šmēdiņš,bronze
Q15056102,Jean-Frédéric Chapuis,gold
Q15056102,Arnaud Bovolenta,silver
Q15056102,Jonathan Midol,bronze
Q47155371,Martin Fourcade,gold
Q47155371,Sebastian Samuelsson,silver
Q47155371,Benedikt Doll,bronze
Q769542,Evan Lysacek,gold
Q769542,Evgeni Plushenko,silver
Q769542,Daisuke Takahashi,bronze
Q1464256,Tian Qing,gold
Q1464256,Zhao Yunlei,gold
Q1464256,Mizuki Fujii,silver
Q1464256,Reika Kakiiwa,silver
Q1464256,Valeria Sorokina,bronze
Q1464256,Nina Vislova,bronze
Q28163,Wu Minxia,gold
Q28163,He Zi,silver
Q28163,Laura Sánchez,bronze
Q1222420,Katherine Copeland,gold
Q1222420,Sophie Hosking,gold
Q1222420,Xu Dongxiang,silver
Q1222420,Wenyi Huang,silver
Q1222420,Christina Giazitzidou,bronze
Q1222420,Alexandra Tsiavou,bronze
Q15056279,Aleksandr Tretyakov,gold
Q15056279,Martins Dukurs,silver
Q15056279,Matthew Antoine,bronze
Q26237421,Jin Jong-oh,gold
Q26237421,Hoàng Xuân Vinh,silver
Q26237421,Kim Song-guk,bronze
Q26242954,Tom Burton,gold
Q26242954,Tonči Stipanović,silver
Q26242954,Sam Meech,bronze
Q26237420,Henri Junghänel,gold
Q26237420,Kim Jong-hyun,silver
Q26237420,Kirill Grigoryan,bronze
Q26237423,Fehaid Al-Deehani,gold
Q26237423,Marco Innocenti,silver
Q26237423,Steven Scott,bronze
Q26237427,Diana Bacosi,gold
Q26237427,Chiara Cainero,silver
Q26237427,Kim Rhode,bronze
Q26245392,Simone Biles,gold
Q26245392,Gabby Douglas,gold
Q26245392,Laurie Hernandez,gold
Q26245392,Madison Kocian,gold
Q26245392,Aly Raisman,gold
Q26245392,Angelina Melnikova,silver
Q26245392,Aliya Mustafina,silver
Q26245392,Maria Paseka,silver
Q26245392,Daria Spiridonova,silver
Q26245392,Seda Tutkhalyan,silver
Q26245392,Fan Yilin,bronze
Q26245392,Mao Yi,bronze
Q26245392,Shang Chunsong,bronze
Q26245392,Tan Jiaxin,bronze
Q26245392,Wang Yan,bronze
Q26254891,Charline Picon,gold
Q26254891,Chen Peina,silver
Q26254891,Stefania Elfutina,bronze
Q26250761,Dorian van Rijsselberghe,gold
Q26250761,Nick Dempsey,silver
Q26250761,Pierre Le Coq,bronze
Q26235041,Anna Korakaki,gold
Q26235041,Monika Karsch,silver
Q26235041,Heidi Diethelm Gerber,bronze
Q26237425,Gabriele Rossetti,gold
Q26237425,Marcus Svensson,silver
Q26237425,Abdullah Al-Rashidi,bronze
Q26241858,Marit Bouwmeester,gold
Q26241858,Annalise Murphy,silver
Q26241858,Anne-Marie Rindom,bronze
Q26237636,Katinka Hosszú,gold
Q26237636,Siobhan-Marie O'Connor,silver
Q26237636,Maya Di,bronze
Q26237636,Rado,bronze
Q26254912,Margarita Mamun,gold
Q26254912,Yana Kudryavtseva,silver
Q26254912,Ganna Rizatdinova,bronze
Q26271841,Artur Aleksanyan,gold
Q26271841,Yasmany Lugo,silver
Q26271841,Cenk İldem,bronze
Q26265496,Simone Biles,gold
Q26265496,Aly Raisman,silver
Q26265496,Amy Tinkler,bronze
Q26262259,Peter Burling,gold
Q26262259,Blair Tuke,gold
Q26262259,Nathan Outteridge,silver
Q26262259,Iain Jensen,silver
Q26262259,Erik Heil,bronze
Q26262259,Thomas Plößel,bronze
Q26269194,Sebastian Brendel,gold
Q26269194,Isaquias Queiroz,silver
Q26269194,Ilia Shtokalov,bronze
Q26263222,Roman Vlasov,gold
Q26263222,Mark Madsen,silver
Q26263222,Kim Hyeon-woo,bronze
Q26262262,Santiago Lange,gold
Q26262262,Cecilia Carranza,gold
Q26262262,Jason Waterhouse,silver
Q26262262,Lisa Darmanin,silver
Q26262262,Thomas Zajac,bronze
Q26262262,Tanja Frank,bronze
Q26262295,Giles Scott,gold
Q26262295,Vasilij Žbogar,silver
Q26262295,Caleb Paine,bronze
Q26268459,Mijaín López,gold
Q26268459,Rıza Kayaalp,silver
Q26268459,Sabah Shariati,bronze
Q26265678,Anastasia Bliznyuk,gold
Q26265678,Anastasia Maksimova,gold
Q26265678,Anastasiia Tatareva,gold
Q26265678,Maria Tolkacheva,gold
Q26265678,Vera Biryukova,gold
Q26265678,Sandra Aguilar,silver
Q26265678,Artemi Gavezou,silver
Q26265678,Elena López,silver
Q26265678,Lourdes Mohedano,silver
Q26265678,Alejandra Quereda,silver
Q26265678,Reneta Kamberova,bronze
Q26265678,Lyubomira Kazanova,bronze
Q26265678,Mihaela Maevska-Velichkova,bronze
Q26265678,Tsvetelina Naydenova,bronze
Q26265678,Hristiana Todorova,bronze
Q26260943,Ed Clancy,gold
Q26260943,Steven Burke,gold
Q26260943,Owain Doull,gold
Q26260943,Bradley Wiggins,gold
Q26260943,Alex Edmondson,silver
Q26260943,Jack Bobridge,silver
Q26260943,Michael Hepburn,silver
Q26260943,Sam Welsford,silver
Q26260943,Callum Scotson,silver
Q26260943,Lasse Norman Hansen,bronze
Q26260943,Niklas Larsen,bronze
Q26260943,Frederik Madsen,bronze
Q26260943,Casper von Folsach,bronze
Q26260943,Rasmus Quaade,bronze
Q26269219,Gabriella SzabóDanuta Kozák,gold
Q26269219,Franziska Weber,silver
Q26269219,Tina Dietze,silver
Q26269219,Karolina Naja,bronze
Q26269219,Beata Mikołajczyk,bronze
Q26263261,Šime Fantela,gold
Q26263261,Igor Marenić,gold
Q26263261,Mathew Belcher,silver
Q26263261,Will Ryan,silver
Q26263261,Panagiotis Mantis,bronze
Q26263261,Pavlos Kagialis,bronze
Q26256610,Natalia Ishchenko,gold
Q26256610,Svetlana Romashina,gold
Q26256610,Huang Xuechen,silver
Q26256610,Sun Wenyan,silver
Q26256610,Yukiko Inui,bronze
Q26256610,Risako Mitsui,bronze
Q26269232,Lisa Carrington,gold
Q26269232,Marta Walczykiewicz,silver
Q26269232,Inna Osypenko-Radomska,bronze
Q26256651,"Vlada Chigireva, Natalia Ishchenko, Svetlana Kolesnichenko, Aleksandra Patskevich, Svetlana Romashina, Alla Shishkina, Maria Shurochkina, Gelena Topilina, Elena Prokofyeva",gold
Q26256651,"Gu Xiao, Guo Li, Li Xiaolu, Liang Xinping, Sun Wenyan, Tang Mengni, Yin Chengxin, Zeng Zhen, Huang Xuechen",silver
Q26256651,"Aika Hakoyama, Yukiko Inui, Kei Marumo, Risako Mitsui, Kanami Nakamaki, Mai Nakamura, Kano Omata, Kurumi Yoshida, Aiko Hayashi",bronze
Q26271817,Davor Štefanek,gold
Q26271817,Mihran Harutyunyan,silver
Q26271817,Shmagi Bolkvadze,bronze
Q26265754,Hannah Mills,gold
Q26265754,Saskia Clark,gold
Q26265754,Jo Aleh,silver
Q26265754,Polly Powrie,silver
Q26265754,Camille Lecointre,bronze
Q26265754,Hélène Defrance,bronze
Q26262261,Martine Grael,gold
Q26262261,Kahena Kunze,gold
Q26262261,Alex Maloney,silver
Q26262261,Molly Meech,silver
Q26262261,Jena Hansen,bronze
Q26262261,Katja Salskov-Iversen,bronze
Q26268456,Davit Chakvetadze,gold
Q26268456,Zhan Beleniuk,silver
Q26268456,Javid Hamzatau,bronze
Q2732034,Zac Purchase,gold
Q2732034,Mark Hunter,gold
Q2732034,Dimitrios Mougios,silver
Q2732034,Vasileios Polymeros,silver
Q2732034,Mads Rasmussen and Rasmus Quist Hansen,bronze
Q26389812,Nick Skelton,gold
Q26389812,Peder Fredricson,silver
Q26389812,Eric Lamaze,bronze
Q2718015,Jason Kenny,gold
Q2718015,Grégory Baugé,silver
Q2718015,Shane Perkins,bronze
Q26419091,Kyle Snyder,gold
Q26419091,Khetag Gazyumov,silver
Q26419091,Albert Saritov,bronze
Q26308744,Sebastian Brendel,gold
Q26308744,Jan Vandrey,gold
Q26308744,Erlon Silva,silver
Q26308744,Isaquias Queiroz,silver
Q26308744,Dmytro Ianchuk,bronze
Q26308744,Taras Mishchuk,bronze
Q26406504,Chloe Esposito,gold
Q26406504,Élodie Clouvel,silver
Q26406504,Oktawia Nowacka,bronze
Q2648878,Eirik Verås Larsen,gold
Q2648878,Adam van Koeverden,silver
Q2648878,Max Hoff,bronze
Q26404105,Abdulrashid Sadulaev,gold
Q26404105,Selim Yaşar,silver
Q26404105,Sharif Sharifov,bronze
Q2726820,Svetlana Boyko,gold
Q2726820,Aida Chanaeva,gold
Q2726820,Victoria Nikichina,gold
Q2726820,Evgenia Lamonova,gold
Q2726820,Emily Cross,silver
Q2726820,Erinn Smart,silver
Q2726820,Hanna Thompson,silver
Q2726820,Margherita Granbassi,bronze
Q2726820,Ilaria Salvatori,bronze
Q2726820,Giovanna Trillini,bronze
Q2726820,Valentina Vezzali,bronze
Q26334986,Liam Heath,gold
Q26334986,Maxime Beaumont,silver
Q26334986,Saúl Craviotto,bronze
Q2726788,Nicolas Lopez,gold
Q2726788,Julien Pillet,gold
Q2726788,Boris Sanson,gold
Q2726788,Tim Morehouse,silver
Q2726788,Jason Rogers,silver
Q2726788,Keeth Smart,silver
Q2726788,James Williams,silver
Q2726788,Aldo Montano,bronze
Q2726788,Diego Occhiuzzi,bronze
Q2726788,Giampiero Pastore,bronze
Q2726788,Luigi Tarantino,bronze
Q26334232,Danuta Kozák,gold
Q26334232,Emma Jørgensen,silver
Q26334232,Lisa Carrington,bronze
Q26305911,Saúl Craviotto,gold
Q26305911,Cristian Toro,gold
Q26305911,Liam Heath,silver
Q26305911,Jon Schofield,silver
Q26305911,Aurimas Lankas,bronze
Q26305911,Edvinas Ramanauskas,bronze
Q26320658,Helen Maroulis,gold
Q26320658,Saori Yoshida,silver
Q26320658,Nataliya Synyshyn,bronze
Q2726746,Valentina Vezzali,gold
Q2726746,Nam Hyun-Hee,silver
Q2726746,Margherita Granbassi,bronze
Q26308566,"Philippe Rozier, Kevin Staut, Roger-Yves Bost, Pénélope Leprevost",gold
Q26308566,"Kent Farrington, Lucy Davis, Mc",silver
Q26308566,"Lain Ward, Elizabeth Madden",silver
Q26308566,"Daniel Deusser, Meredith Michaels-Beerbaum, Ludger Beerbaum, Christian Ahlmann",bronze
Q269521,Chen Wei-ling,gold
Q269521,Im Jyoung-hwa,silver
Q269521,Pensiri Laosirikul,bronze
Q26404138,Taha Akgül,gold
Q26404138,Komeil Ghasemi,silver
Q26404138,Ibrahim Saidau,bronze
Q26406514,Aleksander Lesun,gold
Q26406514,Pavlo Tymoshchenko,silver
Q26406514,Ismael Hernández,bronze
Q26328066,Erica Wiebe,gold
Q26328066,Guzel Manyurova,silver
Q26328066,Zhang Fengliu,bronze
Q26334713,Ren Qian,gold
Q26334713,Si Yajie,silver
Q26334713,Meaghan Benfeito,bronze
Q2726750,Fabrice Jeannet,gold
Q2726750,Jérôme Jeannet,gold
Q2726750,Ulrich Robeiri,gold
Q2726750,Robert Andrzejuk,silver
Q2726750,Tomasz Motyka,silver
Q2726750,Adam Wiercioch,silver
Q2726750,Radosław Zawrotniak,silver
Q2726750,Stefano Carozzo,bronze
Q2726750,Diego Confalonieri,bronze
Q2726750,Alfredo Rota,bronze
Q2726750,Matteo Tagliariol,bronze
Q263926,Torah Bright,gold
Q263926,Hannah Teter,silver
Q263926,Kelly Clark,bronze
Q26339635,Hassan Yazdani,gold
Q26339635,Aniuar Geduev,silver
Q26339635,Jabrayil Hasanov,bronze
Q26334907,Max Rendschmidt,gold
Q26334907,Tom Liebscher,gold
Q26334907,Max Hoff,gold
Q26334907,Marcus Gross,gold
Q26334907,Denis Myšák,silver
Q26334907,Erik Vlček,silver
Q26334907,Juraj Tarr,silver
Q26334907,Tibor Linka,silver
Q26334907,Daniel Havel,bronze
Q26334907,Lukáš Trefil,bronze
Q26334907,Josef Dostál,bronze
Q26334907,Jan Štěrba,bronze
Q2687405,Tom Slingsby,gold
Q2687405,Pavlos Kontides,silver
Q2687405,Rasmus Myrgren,bronze
Q2634280,Sarah Ayton,gold
Q2634280,Sarah Webb,gold
Q2634280,Pippa Wilson,gold
Q2634280,Mandy Mulder,silver
Q2634280,Annemieke Bes,silver
Q2634280,Merel Witteveen,silver
Q2634280,Sofia Bekatorou,bronze
Q2634280,Virginia Kravarioti,bronze
Q2634280,Sofia Papadopoulou,bronze
Q2715839,Lin Qingfeng,gold
Q2715839,Triyatno,silver
Q2715839,Kim Myong-hyok,bronze
Q26280676,Sara Dosho,gold
Q26280676,Natalia Vorobieva,silver
Q26280676,Elmira Syzdykova,bronze
Q26294065,Eri Tosaka,gold
Q26294065,Mariya Stadnik,silver
Q26294065,Sun Yanan,bronze
Q26339577,Vladimer Khinchegashvili,gold
Q26339577,Rei Higuchi,silver
Q26339577,Haji Aliyev,bronze
Q2732321,Kirsten van der Kolk and Marit van Eupen,gold
Q2732321,Minna Nieminen and Sanna Stén,silver
Q2732321,Tracy Cameron and Melanie Kok,bronze
Q2731531,Konrad Wasielewski,gold
Q2731531,Marek Kolbowicz,gold
Q2731531,Michał Jeliński,gold
Q2731531,Adam Korol,gold
Q2731531,Luca Agamennoni,silver
Q2731531,Simone Venier,silver
Q2731531,Rossano Galtarossa,silver
Q2731531,Simone Raineri,silver
Q2731531,Jonathan Coeffic,bronze
Q2731531,Pierre-Jean Peltier,bronze
Q2731531,Julien Bahain,bronze
Q2731531,Cédric Berrest,bronze
Q2731998,Thomas Ebert,gold
Q2731998,Morten Jørgensen,gold
Q2731998,Mads Andersen,gold
Q2731998,Eskild Ebbesen,gold
Q2731998,Łukasz Pawłowski,silver
Q2731998,Bartłomiej Pawełczak,silver
Q2731998,Miłosz Bernatajtys,silver
Q2731998,Paweł Rańda,silver
Q2731998,Iain Brambell,bronze
Q2731998,Jon Beare,bronze
Q2731998,Mike Lewis,bronze
Q2731998,Liam Parsons,bronze
Q26294109,Kaori Icho,gold
Q26294109,Valeria Koblova,silver
Q26294109,Marwa Amri,bronze
Q2718019,Anna Meares,gold
Q2718019,Victoria Pendleton,silver
Q2718019,Guo Shuang,bronze
Q26333692,Yuriy Cheban,gold
Q26333692,Valentin Demyanenko,silver
Q26333692,Isaquias Queiroz,bronze
Q26401684,Gwen Jorgensen,gold
Q26401684,Nicola Spirig Hug,silver
Q26401684,Vicky Holland,bronze
Q26419030,Soslan Ramonov,gold
Q26419030,Toghrul Asgarov,silver
Q26419030,Frank Chamizo,bronze
Q26335055,Gabriella SzabóDanuta Kozák,gold
Q26335055,Tamara Csipes,gold
Q26335055,Krisztina Fazekas,gold
Q26335055,Sabrina Hering,silver
Q26335055,Franziska Weber,silver
Q26335055,Steffi Kriegerstein,silver
Q26335055,Tina Dietze,silver
Q26335055,Marharyta Makhneva,bronze
Q26335055,Nadzeya Liapeshka,bronze
Q26335055,Volha Khudzenka,bronze
Q26335055,Maryna Litvinchuk,bronze
Q26234091,Sandra Perković,gold
Q26234091,Mélina Robert-Michon,silver
Q26234091,Denia Caballero,bronze
Q26328052,Risako Kawai,gold
Q26328052,Maryia Mamashuk,silver
Q26328052,Yekaterina Larionova,bronze
Q2732386,Paul Goodison,gold
Q2732386,Vasilij Žbogar,silver
Q2732386,Diego Romero,bronze
Q26233790,Max Whitlock,gold
Q26233790,Diego Hypólito,silver
Q26233790,Arthur Mariano,bronze
Q26233786,Kōhei Uchimura,gold
Q26233786,Oleg Verniaiev,silver
Q26233786,Max Whitlock,bronze
Q26233793,Eleftherios Petrounias,gold
Q26233793,Arthur Zanetti,silver
Q26233793,Denis Ablyazin,bronze
Q26233796,Sanne Wevers,gold
Q26233796,Laurie Hernandez,silver
Q26233796,Simone Biles,bronze
Q26233794,Oleg Verniaiev,gold
Q26233794,Danell Leyva,silver
Q26233794,David Belyavskiy,bronze
Q26233798,Simone Biles,gold
Q26233798,Maria Paseka,silver
Q26233798,Giulia Steingruber,bronze
Q288549,Barbora Špotáková,gold
Q288549,Christina Obergföll,silver
Q288549,Goldie Sayers,bronze
Q305439,Alan Khugaev,gold
Q305439,Karam Gaber,silver
Q305439,Daniyal Gadzhiyev,bronze
Q3039134,Marina Alabau,gold
Q3039134,Tuuli Petäjä,silver
Q3039134,Zofia Klepacka,bronze
Q303268,Jason Lamy Chappuis,gold
Q303268,Johnny Spillane,silver
Q303268,Alessandro Pittin,bronze
Q26233791,Max Whitlock,gold
Q26233791,Louis Smith,silver
Q26233791,Alexander Naddour,bronze
Q26233478,Josip Glasnović,gold
Q26233478,Giovanni Pellielo,silver
Q26233478,Edward Ling,bronze
Q2936542,Yury Postrigay,gold
Q2936542,Alexander Dyachenko,gold
Q2936542,Raman Piatrushenka,silver
Q2936542,Vadzim Makhneu,silver
Q2936542,Liam Heath,bronze
Q2936542,Jon Schofield,bronze
Q2740554,Lü Xiaojun,gold
Q2740554,Lu Haojie,silver
Q2740554,Iván Cambar,bronze
Q26233783,Ryōhei KatōKenzō Shirai,gold
Q26233783,Yūsuke Tanaka,gold
Q26233783,Kōhei Uchimura,gold
Q26233783,Koji Yamamuro,gold
Q26233783,Denis Ablyazin,silver
Q26233783,David Belyavskiy,silver
Q26233783,Ivan Stretovich,silver
Q26233783,Nikolai Kuksenkov,silver
Q26233783,Nikita Nagornyy,silver
Q26233783,Deng Shudi,bronze
Q26233783,Lin Chaopan,bronze
Q26233783,Liu Yang,bronze
Q26233783,You Hao,bronze
Q26233783,Zhang Chenglong,bronze
Q26233795,Fabian Hambüchen,gold
Q26233795,Danell Leyva,silver
Q26233795,Nile Wilson,bronze
Q3082335,Carl Hester,gold
Q3082335,Laura Bechtolsheimer,gold
Q3082335,Charlotte Dujardin,gold
Q3082335,Dorothee Schneider,silver
Q3082335,Kristina Sprehe,silver
Q3082335,Helen Langehanenberg,silver
Q3082335,Anky van Grunsven,bronze
Q3082335,Edward Gal,bronze
Q3082335,Adelinde Cornelissen,bronze
Q305171,Dana Vollmer,gold
Q305171,Lu Ying,silver
Q305171,Alicia Coutts,bronze
Q26233789,Ri Se-gwang,gold
Q26233789,Denis Ablyazin,silver
Q26233789,Kenzō Shirai,bronze
Q26233797,Aliya Mustafina,gold
Q26233797,Madison Kocian,silver
Q26233797,Sophie Scheder,bronze
Q326382,Anthony Joshua,gold
Q326382,Roberto Cammarelle,silver
Q326382,Magomedrasul Majidov,bronze
Q26228283,Catherine Skinner,gold
Q26228283,Natalie Rooney,silver
Q26228283,Corey Cogdell,bronze
Q1043354,Pamela Jelimo,gold
Q1043354,Janeth Jepkosgei Busienei,silver
Q1043354,Hasna Benhassi,bronze
Q1042705,Gabriella SzabóDanuta Kozák,gold
Q1042705,Katalin Kovács,gold
Q1042705,Krisztina Fazekas Zur,gold
Q1042705,Carolin Leonhardt,silver
Q1042705,Franziska Weber,silver
Q1042705,Katrin Wagner-Augustin,silver
Q1042705,Tina Dietze,silver
Q1042705,Iryna Pamialova,bronze
Q1042705,Nadzeya Papok,bronze
Q1042705,Volha Khudzenka,bronze
Q1042705,Maryna Pautaran,bronze
Q26212366,Ma Long,gold
Q26212366,Zhang Jike,silver
Q26212366,Jun Mizutani,bronze
Q26212190,Xiang Yanmei,gold
Q26212190,Zhazira Zhapparkul,silver
Q26212190,Sara Ahmed,bronze
Q1043361,Dawn Harper,gold
Q1043361,Sally Mc,silver
Q1043361,Lellan,silver
Q1043361,Priscilla Lopes-Schliep,bronze
Q1043405,Sun Yang,gold
Q1043405,Park Tae-hwan,silver
Q1043405,Peter Vanderkaay,bronze
Q348720,Egor Mekhontsev,gold
Q348720,Adilbek Niyazymbetov,silver
Q348720,Yamaguchi Falcão,bronze
Q1043347,Tirunesh Dibaba,gold
Q1043347,Meseret Defar,silver
Q1043347,Sylvia Kibet,bronze
Q3513763,Wu Jingyu,gold
Q3513763,Brigitte Yagüe,silver
Q3513763,Chanatip Sonkham,bronze
Q348714,Serik Sapiyev,gold
Q348714,Fred Evans,silver
Q348714,Taras Shelestyuk,bronze
Q26220718,Zhang Mengxue,gold
Q26220718,Vitalina Batsarashkina,silver
Q26220718,Anna Korakaki,bronze
Q1005771,Jan Frodeno,gold
Q1005771,Simon Whitfield,silver
Q1005771,Bevan Docherty,bronze
Q26219852,Radik Isayev,gold
Q26219852,Abdoul Issoufou,silver
Q26219852,Maicon Siqueira,bronze
Q1064571,Victoria Pendleton,gold
Q1064571,Anna Meares,silver
Q1064571,Guo Shuang,bronze
Q26212275,Denis Gargaud Chanut,gold
Q26212275,Matej Beňuš,silver
Q26212275,Takuya Haneda,bronze
Q26212310,Meng Suping,gold
Q26212310,Kim Kuk-hyang,silver
Q26212310,Sarah Robles,bronze
Q26219853,Jade Jones,gold
Q26219853,Eva Calvo,silver
Q26219853,Hedaya Malak,bronze
Q1064381,Anne-Caroline Chausson,gold
Q1064381,Laëtitia Le Corguillé,silver
Q1064381,Jill Kintner,bronze
Q334901,Niccolò Campriani,gold
Q334901,Kim Jong-Hyun,silver
Q334901,Matthew Emmons,bronze
Q332673,Robeisy Ramírez,gold
Q332673,Nyambayaryn Tögstsogt,silver
Q332673,Misha Aloyan,bronze
Q1005722,Artur Ayvazyan,gold
Q1005722,Matthew Emmons,silver
Q1005722,Warren Potent,bronze
Q1042441,Anastasia Davydova,gold
Q1042441,Anastasia Ermakova,gold
Q1042441,Andrea Fuentes,silver
Q1042441,Gemma Mengual,silver
Q1042441,Saho Harada,bronze
Q1042441,Emiko Suzuki,bronze
Q26219865,Sönke Rothenberger,gold
Q26219865,Dorothee Schneider,gold
Q26219865,Kristina Bröring-Sprehe,gold
Q26219865,Isabell Werth,gold
Q26219865,Spencer Wilton,silver
Q26219865,Fiona Bigwood,silver
Q26219865,Carl Hester,silver
Q26219865,Charlotte Dujardin,silver
Q26219865,Allison Brock,bronze
Q26219865,Kasey Perry-Glass,bronze
Q26219865,Steffen Peters,bronze
Q26219865,Laura Graves,bronze
Q1064410,Nicolien Sauerbreij,gold
Q1064410,Yekaterina Ilyukhina,silver
Q1064410,Marion Kreiner,bronze
Q26219855,Zheng Shuyin,gold
Q26219855,María Espinoza,silver
Q26219855,Bianca Walkden,bronze
Q1051974,Britta Heidemann,gold
Q1051974,Ana Maria Brânză,silver
Q1051974,Ildikó Mincza-Nébald,bronze
Q26212177,Deng Wei,gold
Q26212177,Choe Hyo-sim,silver
Q26212177,Karina Goricheva,bronze
Q26213159,Maialen Chourraut,gold
Q26213159,Luuka Jones,silver
Q26213159,Jessica Fox,bronze
Q368950,Antón Paz Fernando Echávarri,gold
Q368950,Darren Bundock,silver
Q368950,Glenn Ashby,silver
Q368950,Santiago Lange Carlos Espínola,bronze
Q1005719,Vincent Hancock,gold
Q1005719,Tore Brovold,silver
Q1005719,Anthony Terras,bronze
Q1750589,Taner Sağır,gold
Q1750589,Sergey Filimonov,silver
Q1750589,Reyhan Arabacıoğlu,bronze
Q25991462,Rie Kaneto,gold
Q25991462,Yuliya Yefimova,silver
Q25991462,Shi Jinglin,bronze
Q1077323,Marianne Vos,gold
Q1077323,Yoanka González,silver
Q1077323,Leire Olaberria,bronze
Q497491,Jo Aleh,gold
Q497491,Polly Powrie,gold
Q497491,Hannah Mills,silver
Q497491,Saskia Clark,silver
Q497491,Lisa Westerhof,bronze
Q497491,Lobke Berkhout,bronze
Q1565131,Ha Tae-kwon Kim Dong-moon,gold
Q1565131,Lee Dong-soo,silver
Q1565131,Yoo Yong-sung,silver
Q1565131,Eng Hian,bronze
Q1565131,Flandy Limpele,bronze
Q2171151,Kim Hyeon-woo,gold
Q2171151,Tamás Lőrincz,silver
Q2171151,Manuchar Tskhadaia,bronze
Q107861717,Johannes Thingnes Bø,gold
Q107861717,Martin Ponsiluoma,silver
Q107861717,Vetle Sjåstad Christiansen,bronze
Q544177,Brimin Kiprop Kipruto,gold
Q544177,Mahiedine Mekhissi-Benabbad,silver
Q544177,Richard Kipkemboi Mateelong,bronze
Q539696,Tate Smith,gold
Q539696,Dave Smith,gold
Q539696,Murray Stewart,gold
Q539696,Jacob Clear,gold
Q539696,Zoltán Kammerer,silver
Q539696,Dávid Tóth,silver
Q539696,Tamás Kulifai,silver
Q539696,Dániel Pauman,silver
Q539696,Daniel Havel,bronze
Q539696,Lukáš Trefil,bronze
Q539696,Josef Dostál,bronze
Q539696,Jan Štěrba,bronze
Q26218171,Virginia Thrasher,gold
Q26218171,Du Li,silver
Q26218171,Yi Siling,bronze
Q656724,Bernhard Gruber,gold
Q656724,Felix Gottwald,gold
Q656724,Mario Stecher,gold
Q656724,David Kreiner,gold
Q656724,Brett Camerota,silver
Q656724,Todd Lodwick,silver
Q656724,Johnny Spillane,silver
Q656724,Bill Demong,silver
Q656724,Johannes Rydzek,bronze
Q656724,Tino Edelmann,bronze
Q656724,Eric Frenzel,bronze
Q656724,Björn Kircheisen,bronze
Q7372006,Rob Waddell,gold
Q7372006,Xeno Müller,silver
Q7372006,Marcel Hacker,bronze
Q370708,Saori Yoshida,gold
Q370708,Xu Li,silver
Q370708,Tonya Verbeek,bronze
Q2570052,Matteo Tagliariol,gold
Q2570052,Fabrice Jeannet,silver
Q2570052,José Luis Abajo,bronze
Q7400301,Michael Mc,gold
Q7400301,Intyre Bryn Vaile,gold
Q7400301,Mark Reynolds Hal Haenel,silver
Q7400301,Torben Grael Nelson Falcão,bronze
Q2070431,Claressa Shields,gold
Q2070431,Nadezda Torlopova,silver
Q2070431,Marina Volnova,bronze
Q1573389,Kathryn Watt,gold
Q1573389,Jeannie Longo-Ciprelli,silver
Q1573389,Monique Knol,bronze
Q2563908,Iain Percy,gold
Q2563908,Andrew Simpson,gold
Q2563908,Robert Scheidt,silver
Q2563908,Bruno Prada,silver
Q2563908,Fredrik Lööf,bronze
Q2563908,Anders Ekström,bronze
Q18391270,Thomas Lange,gold
Q18391270,Peter-Michael Kolbe,silver
Q18391270,Eric Verdonk,bronze
Q22964432,Kerstin Köppen,gold
Q22964432,Kathrin Boron,gold
Q22964432,Veronica Cochela,silver
Q22964432,Elisabeta Lipă,silver
Q22964432,Gu Xiaoli,bronze
Q22964432,Lu Huali,bronze
Q25991452,Joseph Schooling,gold
Q25991452,Michael Phelps,silver
Q7400304,Luis Doreste Domingo Manrique,gold
Q7400304,Paul Foerster Stephen Bourdow,silver
Q7400304,Jørgen Bojsen-Møller Jens Bojsen-Møller,bronze
Q7372003,Agostino Abbagnale,gold
Q7372003,Alessio Sartori,gold
Q7372003,Rossano Galtarossa,gold
Q7372003,Simone Raineri,gold
Q7372003,Jochem Verberne,silver
Q7372003,Dirk Lippits,silver
Q7372003,Diederik Simon,silver
Q7372003,Michiel Bartman,silver
Q7372003,Marco Geisler,bronze
Q7372003,Andreas Hajek,bronze
Q7372003,Stephan Volkert,bronze
Q7372003,André Willms,bronze
Q1439757,Florence Griffith-Joyner,gold
Q1439757,Evelyn Ashford,silver
Q1439757,Heike Drechsler,bronze
Q1573400,Monique Knol,gold
Q1573400,Jutta Niehaus,silver
Q1573400,Laima Zilporytė,bronze
Q526367,Sebastian Brendel,gold
Q526367,David Cal,silver
Q526367,Mark Oldershaw,bronze
Q1066796,Lim Su-Jeong,gold
Q1066796,Azize Tanrıkulu,silver
Q1066796,Diana López,bronze
Q25932069,Katie Ledecky,gold
Q25932069,Sarah Sjöström,silver
Q25932069,Emma Mc,bronze
Q25932069,Keon,bronze
Q602540,Rebecca Adlington,gold
Q602540,Alessia Filippi,silver
Q602540,Lotte Friis,bronze
Q25863642,Pernille Blume,gold
Q25863642,Simone Manuel,silver
Q25863642,Aliaksandra Herasimenia,bronze
Q2570149,Zhong Man,gold
Q2570149,Nicolas Lopez,silver
Q2570149,Mihai Covaliu,bronze
Q47309900,Lim Hyo-jun,gold
Q47309900,Sjinkie Knegt,silver
Q47309900,Semion Elistratov,bronze
Q22964430,Andy Holmes,gold
Q22964430,Steve Redgrave,gold
Q22964430,Dănuț Dobre,silver
Q22964430,Dragoș Neagu,silver
Q22964430,Sadik MujkičBojan Prešern,bronze
Q1560063,Ji Xinpeng,gold
Q1560063,Hendrawan,silver
Q1560063,Xia Xuanze,bronze
Q7400296,Thierry Péponnet Luc Pillot,gold
Q7400296,Tõnu Tõniste Toomas Tõniste,silver
Q7400296,John Shadden Charles Mc,bronze
Q7400296,Kee,bronze
Q7372011,Angela Alupei,gold
Q7372011,Constanța Burcică,gold
Q7372011,Claudia Blasberg,silver
Q7372011,Valerie Viehoff,silver
Q7372011,Christine Collins,bronze
Q7372011,Sarah Garner,bronze
Q26212154,Arlen López,gold
Q26212154,Bektemir Melikuziev,silver
Q26212154,Kamran Shakhsuvarly,bronze
Q2070029,Ranomi Kromowidjojo,gold
Q2070029,Aliaksandra Herasimenia,silver
Q2070029,Marleen Veldhuis,bronze
Q17063531,Kristin Otto,gold
Q17063531,Krisztina Egerszegi,silver
Q17063531,Cornelia Sirch,bronze
Q47309816,Wu Dajing,gold
Q47309816,Hwang Dae-heon,silver
Q47309816,Lim Hyo-jun,bronze
Q26155833,Justin Rose,gold
Q26155833,Henrik Stenson,silver
Q26155833,Matt Kuchar,bronze
Q522820,Zhang Xiangxiang,gold
Q522820,Diego Salazar,silver
Q522820,Triyatno,bronze
Q26212159,Beslan Mudranov,gold
Q26212159,Yeldos Smetov,silver
Q26212159,Naohisa Takato,bronze
Q2070048,Katie Taylor,gold
Q2070048,Sofya Ochigava,silver
Q2070048,Mavzuna Chorieva,bronze
Q2071238,Tony Estanguet,gold
Q2071238,Sideris Tasiadis,silver
Q2071238,Michal Martikán,bronze
Q107802331,Marte Olsbu Røiseland,gold
Q107802331,Tiril Eckhoff,gold
Q107802331,Tarjei BøJohannes Thingnes Bø,gold
Q107802331,Anaïs Chevalier-Bouchet,silver
Q107802331,Julia SimonÉmilien Jacquelin,silver
Q107802331,Quentin Fillon Maillet,silver
Q107802331,Uliana Nigmatullina,bronze
Q107802331,Kristina Reztsova,bronze
Q107802331,Alexander Loginov,bronze
Q107802331,Eduard Latypov,bronze
Q1067796,Sun Yang,gold
Q1067796,Ryan Cochrane,silver
Q1067796,Oussama Mellouli,bronze
Q26212148,Shi Zhiyong,gold
Q26212148,Daniyar İsmayilov,silver
Q26212148,Luis Javier Mosquera,bronze
Q2022105,Bang Soo-hyun,gold
Q2022105,Mia Audina,silver
Q2022105,Susi Susanti,bronze
Q603505,Liu Zige,gold
Q603505,Jiao Liuyang,silver
Q603505,Jessicah Schipper,bronze
Q2566720,Jonas Warrer Martin Kirketerp,gold
Q2566720,Iker Martínez Xabier Fernández,silver
Q2566720,Jan-Peter Peckolt Hannes Peckolt,bronze
Q526698,Ryan Lochte,gold
Q526698,Aaron Peirsol,silver
Q526698,Arkady Vyatchanin,bronze
Q1997551,Om Yun-chol,gold
Q1997551,Wu Jingbiao,silver
Q1997551,Trần Lê Quốc Toàn,bronze
Q383513,Anastasiya Kuzmina,gold
Q383513,Magdalena Neuner,silver
Q383513,Marie Dorin,bronze
Q2026292,Ranomi Kromowidjojo,gold
Q2026292,Aliaksandra Herasimenia,silver
Q2026292,Tang Yi,bronze
Q1192124,Chen Yanqing,gold
Q1192124,O Jong-ae,silver
Q1192124,Wandee Kameaim,bronze
Q1856784,Miguel Martinez,gold
Q1856784,Filip Meirhaeghe,silver
Q1856784,Christoph Sauser,bronze
Q508776,Lu Yong,gold
Q508776,Tigran Martirosyan,silver
Q508776,Jadier Valladares,bronze
Q65242336,Belinda Bencic,gold
Q65242336,Markéta Vondroušová,silver
Q65242336,Elina Svitolina,bronze
Q26212150,Long Qingquan,gold
Q26212150,Om Yun-chol,silver
Q26212150,Sinphet Kruaithong,bronze
Q2065523,Sara Carrigan,gold
Q2065523,Judith Arndt,silver
Q2065523,Olga Slyusareva,bronze
Q580474,Chris Hoy,gold
Q580474,Maximilian Levy,silver
Q580474,Simon van Velthooven,bronze
Q578012,Simon Ammann,gold
Q578012,Adam Małysz,silver
Q578012,Gregor Schlierenzauer,bronze
Q1444605,Valentina Yegorova,gold
Q1444605,Yuko Arimori,silver
Q1444605,Lorraine Moller,bronze
Q2071266,Jiao Liuyang,gold
Q2071266,Mireia Belmonte Garcia,silver
Q2071266,Natsumi Hoshi,bronze
Q17033536,Ennio Falco,gold
Q17033536,Mirosław Rzepkowski,silver
Q17033536,Andrea Benelli,bronze
Q379473,Charles Hamelin,gold
Q379473,Sung Si-bak,silver
Q379473,François-Louis Tremblay,bronze
Q727674,Amanda Beard,gold
Q727674,Leisel Jones,silver
Q727674,Anne Poleska,bronze
Q15056263,Guillermo Rigondeaux,gold
Q15056263,Worapoj Petchkoom,silver
Q15056263,Aghasi Mammadov,bronze
Q7400300,Jorgen Bojsen-Moller Christian Gronborg,gold
Q7400300,Ole Petter Pollen Erik Bjørkum,silver
Q7400300,Frank Mc,bronze
Q7400300,Laughlin John Millen,bronze
Q65242164,Nafissatou Thiam,gold
Q65242164,Anouk Vetter,silver
Q65242164,Emma Oosterwegel,bronze
Q734628,Philipp Schoch,gold
Q734628,Richard Richardsson,silver
Q734628,Chris Klug,bronze
Q26212147,vacant,gold
Q26212147,Lü Xiaojun,silver
Q26212147,Mohamed Ehab,bronze
Q2212666,Julien Absalon,gold
Q2212666,José Antonio Hermida,silver
Q2212666,Bart Brentjens,bronze
Q609985,Kristin Armstrong,gold
Q609985,Emma Pooley,silver
Q609985,Karin Thürig,bronze
Q727687,Pieter van den Hoogenband,gold
Q727687,Roland Schoeman,silver
Q727687,Ian Thorpe,bronze
Q107802335,Quentin Fillon Maillet,gold
Q107802335,Anton Smolski,silver
Q107802335,Johannes Thingnes Bø,bronze
Q2133123,Leontien Zijlaard,gold
Q2133123,Hanka Kupfernagel,silver
Q2133123,Diana Žiliūtė,bronze
Q26218913,Charlotte Dujardin,gold
Q26218913,Isabell Werth,silver
Q26218913,Kristina Bröring-Sprehe,bronze
Q22964428,Agostino Abbagnale,gold
Q22964428,Davide Tizzano,gold
Q22964428,Gianluca Farina,gold
Q22964428,Piero Poli,gold
Q22964428,Alf Hansen,silver
Q22964428,Rolf Thorsen,silver
Q22964428,Lars Bjønness,silver
Q22964428,Vetle Vinje,silver
Q22964428,Jens Köppen,bronze
Q22964428,Steffen Zühlke,bronze
Q22964428,Steffen Bogs,bronze
Q22964428,Heiko Habermann,bronze
Q22964421,Kerstin Förster,gold
Q22964421,Kristina Mundt,gold
Q22964421,Beate Schramm,gold
Q22964421,Jana Sorgers,gold
Q22964421,Irina Kalimbet,silver
Q22964421,Svitlana Maziy,silver
Q22964421,Inna Frolova,silver
Q22964421,Antonina Zelikovich,silver
Q22964421,Anișoara Bălan,bronze
Q22964421,Anişoara Minea,bronze
Q22964421,Veronica Cogeanu,bronze
Q22964421,Elisabeta Lipă,bronze
Q22964427,Roland Schröder,gold
Q22964427,Ralf Brudel,gold
Q22964427,Olaf Förster,gold
Q22964427,Thomas Greiner,gold
Q22964427,Raoul Rodriguez,silver
Q22964427,Thomas Bohrer,silver
Q22964427,Richard Kennelly,silver
Q22964427,David Krmpotich,silver
Q22964427,Guido Grabow,bronze
Q22964427,Volker Grabow,bronze
Q22964427,Norbert Keßlau,bronze
Q22964427,Jörg Puttlitz,bronze
Q635304,"GBREd Clancy, Paul Manning, Geraint Thomas, Bradley Wiggins",gold
Q635304,"DENCasper Jørgensen, Jens-Erik Madsen, Michael Mørkøv, Alex Rasmussen, Michael Færk Christensen",silver
Q635304,"NZLSam Bewley, Hayden Roulston, Marc Ryan, Jesse Sergent, Westley Gough",bronze
Q25927636,Mack Horton,gold
Q25927636,Sun Yang,silver
Q25927636,Gabriele Detti,bronze
Q25991454,Michael Phelps,gold
Q25991454,Kosuke Hagino,silver
Q25991454,Wang Shun,bronze
Q7372004,Georgeta Damian,gold
Q7372004,Doina Ignat,gold
Q7372004,Kate Slatter,silver
Q7372004,Rachael Taylor,silver
Q7372004,Karen Kraft,bronze
Q7372004,Melissa Ryan,bronze
Q684586,Anier García,gold
Q684586,Terrence Trammell,silver
Q684586,Mark Crear,bronze
Q25932068,Katie Ledecky,gold
Q25932068,Jazmin Carlin,silver
Q25932068,Leah Smith,bronze
Q22964424,Annegret Strauch,gold
Q22964424,Judith Zeidler,gold
Q22964424,Kathrin Haacker,gold
Q22964424,Ute Wild,gold
Q22964424,Anja Kluge,gold
Q22964424,Beatrix Schröer,gold
Q22964424,Ramona Balthasar,gold
Q22964424,Ute Stange,gold
Q22964424,Daniela Neunast,gold
Q22964424,Doina Șnep-Bălan,silver
Q22964424,Veronica Necula,silver
Q22964424,Herta AnitașMarioara TrașcăAdriana Bazon,silver
Q22964424,Mihaela Armășescu,silver
Q22964424,Rodica Arba,silver
Q22964424,Olga Homeghi,silver
Q22964424,Ecaterina Oancia,silver
Q22964424,Zhou Xiuhua,bronze
Q22964424,Zhang Yali,bronze
Q22964424,He Yanwen,bronze
Q22964424,Han Yaqin,bronze
Q22964424,Zhang Xianghua,bronze
Q22964424,Zhou Shouying,bronze
Q22964424,Yang Xiao,bronze
Q22964424,Hu Yadong,bronze
Q22964424,Li Ronghua,bronze
Q1184283,Hinrich Romeike,gold
Q1184283,Gina Miles,silver
Q1184283,Kristina Cook,bronze
Q1067970,María del Rosario Espinoza,gold
Q1067970,Nina Solheim,silver
Q1067970,Sarah Stevenson,bronze
Q26208276,Robson Conceição,gold
Q26208276,Sofiane Oumiha,silver
Q26208276,Lázaro Álvarez,bronze
Q26218605,Claressa Shields,gold
Q26218605,Nouchka Fontijn,silver
Q26218605,Dariga Shakimova,bronze
Q17018014,Florian Rousseau,gold
Q17018014,Erin Hartwell,silver
Q17018014,Takanobu Jumonji,bronze
Q65235550,Nora Gjakova,gold
Q65235550,Sarah-Léonie Cysique,silver
Q65235550,Tsukasa Yoshida,bronze
Q7400311,Jordi Calafat Kiko Sánchez,gold
Q7400311,Morgan Reeser Kevin Burnham,silver
Q7400311,Tõnu Tõniste Toomas Tõniste,bronze
Q1095367,Oxana Slivenko,gold
Q1095367,Leydi Solís,silver
Q1095367,Abeer Abdelrahman,bronze
Q574129,Zhang Ning,gold
Q574129,Xie Xingfang,silver
Q574129,Maria Kristin Yulianti,bronze
Q7372002,Tomasz Kucharski,gold
Q7372002,Robert Sycz,gold
Q7372002,Elia Luini,silver
Q7372002,Leonardo Pettinari,silver
Q7372002,Pascal Touron,bronze
Q7372002,Thibaud Chapelle,bronze
Q22964423,Rodica Arba Olga Homeghi,gold
Q22964423,Radka Stoyanova Lalka Berberova,silver
Q22964423,Nikki Payne Lynley Hannen,bronze
Q26217722,Ma Long,gold
Q26217722,Xu Xin,gold
Q26217722,Zhang Jike,gold
Q26217722,Koki Niwa,silver
Q26217722,Jun Mizutani,silver
Q26217722,Maharu Yoshimura,silver
Q26217722,Timo Boll,bronze
Q26217722,Dimitrij Ovtcharov,bronze
Q26217722,Bastian Steger,bronze
Q1194001,Rebecca Adlington,gold
Q1194001,Katie Hoff,silver
Q1194001,Joanne Jackson,bronze
Q2025976,Wang Hao,gold
Q2025976,Zhang Jike,gold
Q2025976,Ma Long,gold
Q2025976,Oh Sang-Eun,silver
Q2025976,Joo Se-Hyuk,silver
Q2025976,Ryu Seung-Min,silver
Q2025976,Timo Boll,bronze
Q2025976,Dimitrij Ovtcharov,bronze
Q2025976,Bastian Steger,bronze
Q1139399,Kim Un-guk,gold
Q1139399,Óscar Figueroa,silver
Q1139399,Eko Yuli Irawan,bronze
Q600157,Mijaín López,gold
Q600157,Mindaugas Mizgaitis,silver
Q600157,Yannick Szczepaniak,bronze
Q257545,La,gold
Q257545,Shawn Merritt,gold
Q257545,Jeremy Wariner,silver
Q257545,David Neville,bronze
Q25932666,Maya Di,gold
Q25932666,Rado,gold
Q25932666,Katinka Hosszú,silver
Q25932666,Hilary Caldwell,bronze
Q17063534,Heike Friedrich,gold
Q17063534,Silvia Poll,silver
Q17063534,Manuela Stellmach,bronze
Q1750582,Nurcan Taylan,gold
Q1750582,Li Zhuo,silver
Q1750582,Aree Wiratthaworn,bronze
Q17515791,Xeno Müller,gold
Q17515791,Derek Porter,silver
Q17515791,Thomas Lange,bronze
Q26218947,Adam Peaty,gold
Q26218947,Cameron van der Burgh,silver
Q26218947,Cody Miller,bronze
Q2563992,Zhang Yining,gold
Q2563992,Wang Nan,silver
Q2563992,Guo Yue,bronze
Q7372009,Veronica Cochela,gold
Q7372009,Georgeta Damian,gold
Q7372009,Maria Magdalena Dumitrache,gold
Q7372009,Liliana Gafencu,gold
Q7372009,Elena Georgescu,gold
Q7372009,Doina Ignat,gold
Q7372009,Elisabeta LipăIoana Olteanu,gold
Q7372009,Viorica Susanu,gold
Q7372009,Tessa Appeldoorn,silver
Q7372009,Carin ter Beek,silver
Q7372009,Pieta van Dishoeck,silver
Q7372009,Elien Meijer,silver
Q7372009,Eeke van Nes,silver
Q7372009,Nelleke Penninx,silver
Q7372009,Martijntje Quik,silver
Q7372009,Anneke Venema,silver
Q7372009,Marieke Westerhof,silver
Q7372009,Buffy Alexander,bronze
Q7372009,Laryssa Biesenthal,bronze
Q7372009,Heather Davis,bronze
Q7372009,Alison Korn,bronze
Q7372009,Theresa Luke,bronze
Q7372009,Heather Mc,bronze
Q7372009,Dermid,bronze
Q7372009,Emma Robinson,bronze
Q7372009,Lesley Thompson,bronze
Q7372009,Dorota Urbaniak,bronze
Q374871,Ki Bo-bae,gold
Q374871,Aída Román,silver
Q374871,Mariana Avitia,bronze
Q2022221,Tony Gunawan,gold
Q2022221,Candra Wijaya,gold
Q2022221,Lee Dong-soo,silver
Q2022221,Yoo Yong-sung,silver
Q2022221,Ha Tae-kwon,bronze
Q2022221,Kim Dong-moon,bronze
Q26212176,Sukanya Srisurat,gold
Q26212176,Pimsiri Sirikaew,silver
Q26212176,Kuo Hsing-chun,bronze
Q571174,Steeve Guénot,gold
Q571174,Kanatbek Begaliev,silver
Q571174,Armen Vardanyan,bronze
Q2022115,Poul-Erik Høyer Larsen,gold
Q2022115,Dong Jiong,silver
Q2022115,Rashid Sidek,bronze
Q65242363,Kristian Blummenfelt,gold
Q65242363,Alex Yee,silver
Q65242363,Hayden Wilde,bronze
Q1750592,Shi Zhiyong,gold
Q1750592,Le Maosheng,silver
Q1750592,Israel José Rubio,bronze
Q571263,Evi Sachenbacher-Stehle,gold
Q571263,Claudia Nystad,gold
Q571263,Charlotte Kalla,silver
Q571263,Anna Haag,silver
Q571263,Irina Khazova Natalya Korostelyova,bronze
Q15703663,Hippolyt Kempf,gold
Q15703663,Klaus Sulzenbacher,silver
Q15703663,Allar Levandi,bronze
Q613571,Martin Fourcade,gold
Q613571,Pavol Hurajt,silver
Q613571,Christoph Sumann,bronze
Q22964422,Jutta Behrendt,gold
Q22964422,Anne Marden,silver
Q22964422,Magdalena Georgieva,bronze
Q2051400,Missy Franklin,gold
Q2051400,Anastasia Zuyeva,silver
Q2051400,Elizabeth Beisel,bronze
Q595972,Lee Seung-hoon,gold
Q595972,Ivan Skobrev,silver
Q595972,Bob de Jong,bronze
Q17515790,Markus Gier,gold
Q17515790,Michael Gier,gold
Q17515790,Maarten van der Linden,silver
Q17515790,Pepijn Aardewijn,silver
Q17515790,Anthony Edwards,bronze
Q17515790,Bruce Hick,bronze
Q593761,Tomasz Majewski,gold
Q593761,David Storl,silver
Q593761,Reese Hoffa,bronze
Q65242200,Damian Warner,gold
Q65242200,Kevin Mayer,silver
Q65242200,Ashley Moloney,bronze
Q47309929,Choi Min-jeong,gold
Q47309929,Li Jinyu,silver
Q47309929,Kim Boutin,bronze
Q26208602,Evgeny Tishchenko,gold
Q26208602,Vasily Levit,silver
Q26208602,Rustam Tulaganov,bronze
Q737066,Taufik Hidayat,gold
Q737066,Shon Seung-mo,silver
Q737066,Sony Dwi Kuncoro,bronze
Q22964434,Kirsten Barnes,gold
Q22964434,Jessica Monroe,gold
Q22964434,Brenda Taylor,gold
Q22964434,Kay Worthington,gold
Q22964434,Shelagh Donohoe,silver
Q22964434,Cynthia Eckert,silver
Q22964434,Carol Feeney,silver
Q22964434,Amy Fuller,silver
Q22964434,Antje Frank,bronze
Q22964434,Annette Hohn,bronze
Q22964434,Gabriele Mehl,bronze
Q22964434,Birte Siech,bronze
Q628945,Māris Štrombergs,gold
Q628945,Mike Day,silver
Q628945,Donny Robinson,bronze
Q2570068,Mariel Zagunis,gold
Q2570068,Sada Jacobson,silver
Q2570068,Rebecca Ward,bronze
Q26212144,Ruslan Nurudinov,gold
Q26212144,Simon Martirosyan,silver
Q26212144,Aleksandr Zaychikov,bronze
Q107861723,Denise Herrmann,gold
Q107861723,Anaïs Chevalier-Bouchet,silver
Q107861723,Marte Olsbu Røiseland,bronze
Q1066390,Nataliya Dobrynska,gold
Q1066390,Hyleas Fountain,silver
Q1066390,Kelly Sotherton,bronze
Q7400298,José Luis Doreste,gold
Q7400298,Peter Holmberg,silver
Q7400298,John Cutler,bronze
Q26212146,Kianoush Rostami,gold
Q26212146,Tian Tao,silver
Q26212146,Denis Ulanov,bronze
Q26219832,Khasan Khalmurzaev,gold
Q26219832,Travis Stevens,silver
Q26219832,Sergiu Toma,bronze
Q17088224,Hrachya Petikyan,gold
Q17088224,Robert Foth,silver
Q17088224,Ryohei Koba,bronze
Q47309958,Shim Suk-hee,gold
Q47309958,Choi Min-jeong,gold
Q47309958,Kim Ye-jin,gold
Q47309958,Kim A-lang,gold
Q47309958,Lee Yu-bin,gold
Q47309958,Arianna Fontana,silver
Q47309958,Lucia Peretti,silver
Q47309958,Cecilia Maffei,silver
Q47309958,Martina Valcepina,silver
Q47309958,Suzanne Schulting,bronze
Q47309958,Yara van Kerkhof,bronze
Q47309958,Lara van Ruijven,bronze
Q47309958,Jorien ter Mors,bronze
Q198766,Joe De,gold
Q198766,Loach,gold
Q198766,Carl Lewis,silver
Q198766,Robson da Silva,bronze
Q1067077,Wu Jingyu,gold
Q1067077,Buttree Puedpong,silver
Q1067077,Daynellis Montejo,bronze
Q25991451,Dmitriy Balandin,gold
Q25991451,Josh Prenot,silver
Q25991451,Anton Chupkov,bronze
Q584030,Laura Asadauskaitė,gold
Q584030,Samantha Murray,silver
Q584030,Yane Marques,bronze
Q7371998,James Cracknell,gold
Q7371998,Steve Redgrave,gold
Q7371998,Tim Foster,gold
Q7371998,Matthew Pinsent,gold
Q7371998,Valter Molea,silver
Q7371998,Riccardo Dei Rossi,silver
Q7371998,Lorenzo Carboncini,silver
Q7371998,Carlo Mornati,silver
Q7371998,James Stewart,bronze
Q7371998,Ben Dodwell,bronze
Q7371998,Geoff Stewart,bronze
Q7371998,Bo Hanson,bronze
Q595962,Charlotte Kalla,gold
Q595962,Kristina Šmigun-Vähi,silver
Q595962,Marit Bjørgen,bronze
Q581364,Bakhtiyar Akhmedov,gold
Q581364,David Musuľbes,silver
Q581364,Disney Rodríguez,bronze
Q26217871,Haruka Tachimoto,gold
Q26217871,Yuri Alvear,silver
Q26217871,Sally Conway,bronze
Q20948675,Max Rendschmidt,gold
Q20948675,Marcus Gross,gold
Q20948675,Marko Tomićević,silver
Q20948675,Milenko Zorić,silver
Q20948675,Ken Wallace,bronze
Q20948675,Lachlan Tame,bronze
Q25927635,Sun Yang,gold
Q25927635,Chad le Clos,silver
Q25927635,Conor Dwyer,bronze
Q7400299,Jochen Schümann Thomas Flach Bernd Jäkel,gold
Q7400299,John Kostecki William Baylis Robert Billingham,silver
Q7400299,Jesper Bank Jan Mathiasen Steen Secher,bronze
Q1137721,Yi Siling,gold
Q1137721,Sylwia Bogacka,silver
Q1137721,Yu Dan,bronze
Q26218607,Estelle Mossely,gold
Q26218607,Yin Junhua,silver
Q26218607,Mira Potkonen,bronze
Q547331,Georgina Evers-Swindell,gold
Q547331,Caroline Evers-Swindell,gold
Q547331,Annekatrin Thiele,silver
Q547331,Christiane Huth,silver
Q547331,Elise Laverick and Anna Bebington,bronze
Q26219824,Christian Reitz,gold
Q26219824,Jean Quiquampoix,silver
Q26219824,Li Yuehong,bronze
Q1440658,Natalya Sadova,gold
Q1440658,Anastasia Kelesidou,silver
Q1440658,Věra Pospíšilová-Cechlová,bronze
Q18449954,Karen Josephson,gold
Q18449954,Sarah Josephson,gold
Q18449954,Penny Vilagos,silver
Q18449954,Vicky Vilagos,silver
Q18449954,Fumiko Okuno,bronze
Q18449954,Aki Takayama,bronze
Q2142977,Servet Tazegül,gold
Q2142977,M Bagheri Motamed,silver
Q2142977,Terrence Jennings,bronze
Q7400307,Jesper Bank Steen Secher Jesper Seier,gold
Q7400307,Kevin Mahaney Jim Brady Doug Kern,silver
Q7400307,Lawrie Smith Robert Cruickshank Ossie Stewart,bronze
Q2048869,Jordan Burroughs,gold
Q2048869,Sadegh Goudarzi,silver
Q2048869,Gábor Hatos,bronze
Q25991449,Ryan Murphy,gold
Q25991449,Mitch Larkin,silver
Q25991449,Evgeny Rylov,bronze
Q1156695,Yana Shemyakina,gold
Q1156695,Britta Heidemann,silver
Q1156695,Sun Yujie,bronze
Q2198226,Christian Olsson,gold
Q2198226,Marian Oprea,silver
Q2198226,Danil Burkenya,bronze
Q1143843,Rubén Limardo,gold
Q1143843,Bartosz Piasecki,silver
Q1143843,Jung Jin-Sun,bronze
Q16968702,Meike Evers,gold
Q16968702,Kerstin Kowalski,gold
Q16968702,Manja Kowalski,gold
Q16968702,Manuela Lutze,gold
Q16968702,Guin Batten,silver
Q16968702,Miriam Batten,silver
Q16968702,Katherine Grainger,silver
Q16968702,Gillian Lindsay,silver
Q16968702,Oksana Dorodnova,bronze
Q16968702,Irina Fedotova,bronze
Q16968702,Yuliya Levina,bronze
Q16968702,Larisa Merk,bronze
Q1750576,Halil Mutlu,gold
Q1750576,Wu Meijin,silver
Q1750576,Sedat Artuç,bronze
Q1193987,Britta Steffen,gold
Q1193987,Lisbeth Trickett,silver
Q1193987,Natalie Coughlin,bronze
Q679870,Zhang Guozheng,gold
Q679870,Lee Bae-young,silver
Q679870,Nikolaj Pešalov,bronze
Q374383,Bob Bryan,gold
Q374383,Mike Bryan,gold
Q374383,Jo-Wilfried Tsonga,silver
Q374383,Michaël Llodra,silver
Q374383,Julien Benneteau,bronze
Q374383,Richard Gasquet,bronze
Q735286,Sébastien Vieilledent,gold
Q735286,Adrien Hardy,gold
Q735286,Iztok Čop,silver
Q735286,Luka Špik,silver
Q735286,Rossano Galtarossa,bronze
Q735286,Alessio Sartori,bronze
Q2563962,Elise Rechichi,gold
Q2563962,Tessa Parkinson,gold
Q2563962,Marcelien de Koning,silver
Q2563962,Lobke Berkhout,silver
Q2563962,Fernanda Oliveira,bronze
Q2563962,Isabel Swan,bronze
Q1089565,Federica Pellegrini,gold
Q1089565,Sara Isakovič,silver
Q1089565,Pang Jiaying,bronze
Q1439323,Osleidys Menéndez,gold
Q1439323,Steffi Nerius,silver
Q1439323,Miréla Manjani,bronze
Q2563927,Tom Ashley,gold
Q2563927,Julien Bontemps,silver
Q2563927,Shahar Tzuberi,bronze
Q26212160,Fabio Basile,gold
Q26212160,An Ba-ul,silver
Q26212160,Rishod Sobirov,bronze
Q577260,Chris Hoy,gold
Q577260,Ross Edgar,silver
Q577260,Kiyofumi Nagai,bronze
Q26219830,Shohei Ono,gold
Q26219830,Rustam Orujov,silver
Q26219830,Lasha Shavdatuashvili,bronze
Q2091137,Hamid Sourian,gold
Q2091137,Rovshan Bayramov,silver
Q2091137,Péter Módos,bronze
Q220855,Justin Gatlin,gold
Q220855,Francis Obikwelu,silver
Q220855,Maurice Greene,bronze
Q26213161,Ladislav Škantár,gold
Q26213161,Peter Škantár,gold
Q26213161,David Florence,silver
Q26213161,Richard Hounslow,silver
Q26213161,Gauthier Klauss,bronze
Q26213161,Matthieu Péché,bronze
Q2618235,Michael Jung,gold
Q2618235,Sara Algotsson Ostholt,silver
Q2618235,Sandra Auffarth,bronze
Q1075752,Andrey Moiseev,gold
Q1075752,Edvinas Krungolcas,silver
Q1075752,Andrejus Zadneprovskis,bronze
Q1439338,Veronica Campbell,gold
Q1439338,Allyson Felix,silver
Q1439338,Debbie Ferguson,bronze
Q25991466,Katinka Hosszú,gold
Q25991466,Maya Di,silver
Q25991466,Rado,silver
Q25991466,Mireia Belmonte,bronze
Q656634,Nelson Évora,gold
Q656634,Phillips Idowu,silver
Q656634,Leevan Sands,bronze
Q579227,Michael Phelps,gold
Q579227,Milorad Čavić,silver
Q579227,Andrew Lauterstein,bronze
Q25991463,Sarah Sjöström,gold
Q25991463,Penny Oleksiak,silver
Q25991463,Dana Vollmer,bronze
Q221335,Giorgio Di Centa,gold
Q221335,Yevgeny Dementyev,silver
Q221335,Mikhail Botvinov,bronze
Q613470,Bill Demong,gold
Q613470,Johnny Spillane,silver
Q613470,Bernhard Gruber,bronze
Q1156706,Li Na,gold
Q1156706,Luo Xiaojuan,gold
Q1156706,Sun Yujie,gold
Q1156706,Xu Anqi,gold
Q1156706,Shin A-Lam,silver
Q1156706,Jung Hyo-Jung,silver
Q1156706,Choi In-Jeong,silver
Q1156706,Choi Eun-Sook,silver
Q1156706,Maya Lawrence,bronze
Q1156706,Courtney Hurley,bronze
Q1156706,Kelley Hurley,bronze
Q1156706,Susie Scanlan,bronze
Q1156710,Andrea Baldini,gold
Q1156710,Giorgio Avola,gold
Q1156710,Andrea CassaràValerio Aspromonte,gold
Q1156710,Ryo Miyake,silver
Q1156710,Yuki Ota,silver
Q1156710,Kenta Chida,silver
Q1156710,Suguru Awaji,silver
Q1156710,Peter Joppich,bronze
Q1156710,Sebastian Bachmann,bronze
Q1156710,Benjamin Kleibrink,bronze
Q1156710,André Weßels,bronze
Q25932055,Penny Oleksiak,gold
Q25932055,Sarah Sjöström,bronze
Q65235579,FRAAmandine Buchard,gold
Q65235579,Guillaume Chaine,gold
Q65235579,Sarah-Léonie Cysique,gold
Q65235579,Kilian Le Blouch,gold
Q65235579,Clarisse Agbegnenou,gold
Q65235579,Axel Clerget,gold
Q65235579,Margaux Pinot,gold
Q65235579,Alexandre Iddir,gold
Q65235579,Romane Dicko,gold
Q65235579,Teddy Riner,gold
Q65235579,Madeleine Malonga,gold
Q65235579,JPNHifumi Abe,silver
Q65235579,Uta Abe,silver
Q65235579,Shohei Ono,silver
Q65235579,Tsukasa Yoshida,silver
Q65235579,Shoichiro Mukai,silver
Q65235579,Chizuru Arai,silver
Q65235579,Takanori Nagase,silver
Q65235579,Miku Tashiro,silver
Q65235579,Hisayoshi Harasawa,silver
Q65235579,Shori Hamada,silver
Q65235579,Aaron Wolf,silver
Q65235579,Akira Sone,silver
Q65235579,ISRTohar Butbul,bronze
Q65235579,Timna Nelson-Levy,bronze
Q65235579,Baruch Shmailov,bronze
Q65235579,Shira Rishony,bronze
Q65235579,Li Kochman,bronze
Q65235579,Gili Sharir,bronze
Q65235579,Sagi Muki,bronze
Q65235579,Raz Hershko,bronze
Q65235579,Peter Paltchik,bronze
Q65235579,Inbar Lanir,bronze
Q65235579,Or Sasson,bronze
Q1156700,Lei Sheng,gold
Q1156700,Alaaeldin Abouelkassem,silver
Q1156700,Choi Byung-chul,bronze
Q607576,Sa Jae-hyouk,gold
Q607576,Li Hongli,silver
Q607576,Gevorg Davtyan,bronze
Q2157561,Milica Mandić,gold
Q2157561,Anne-Caroline Graffe,silver
Q2157561,Anastasia Baryshnikova,bronze
Q65242174,Neeraj Chopra,gold
Q65242174,Jakub Vadlejch,silver
Q65242174,Vítězslav Veselý,bronze
Q2112865,Paola Pezzo,gold
Q2112865,Alison Sydor,silver
Q2112865,Susan De,bronze
Q2112865,Mattei,bronze
Q1575430,Zhang Ning,gold
Q1575430,Mia Audina,silver
Q1575430,Zhou Mi,bronze
Q596094,Oussama Mellouli,gold
Q596094,Grant Hackett,silver
Q596094,Ryan Cochrane,bronze
Q107861696,Sturla Holm Lægreid,gold
Q107861696,Tarjei BøJohannes Thingnes BøVetle Sjåstad Christiansen,gold
Q107861696,Fabien ClaudeÉmilien Jacquelin,silver
Q107861696,Simon Desthieux,silver
Q107861696,Quentin Fillon Maillet,silver
Q107861696,Said Karimulla Khalili,bronze
Q107861696,Alexander Loginov,bronze
Q107861696,Maxim Tsvetkov,bronze
Q107861696,Eduard Latypov,bronze
Q2070832,Philip Hindes,gold
Q2070832,Chris Hoy,gold
Q2070832,Jason Kenny,gold
Q2070832,Grégory Bauge,silver
Q2070832,Michaël D'Almeida,silver
Q2070832,Kévin Sireau,silver
Q2070832,René Enders,bronze
Q2070832,Maximilian Levy,bronze
Q2070832,Robert Förstemann,bronze
Q107861714,Marte Olsbu Røiseland,gold
Q107861714,Elvira Öberg,silver
Q107861714,Tiril Eckhoff,bronze
Q47309836,Arianna Fontana,gold
Q47309836,Yara van Kerkhof,silver
Q47309836,Kim Boutin,bronze
Q584005,Dorian van Rijsselberghe,gold
Q584005,Nick Dempsey,silver
Q584005,Przemysław Miarczyński,bronze
Q517035,Gerd Kanter,gold
Q517035,Piotr Małachowski,silver
Q517035,Virgilijus Alekna,bronze
Q1750716,Chen Yanqing,gold
Q1750716,Ri Song-hui,silver
Q1750716,Wandee Kameaim,bronze
Q26212152,Robeisy Ramírez,gold
Q26212152,Shakur Stevenson,silver
Q26212152,Vladimir Nikitin,bronze
Q1604222,Jin Sun-yu,gold
Q1604222,Wang Meng,silver
Q1604222,Yang Yang (A),bronze
Q162056,Zhang Jun Gao Ling,gold
Q162056,Tri Kusharyanto Minarti Timur,silver
Q162056,Simon Archer Joanne Goode,bronze
Q107861706,Linn Persson,gold
Q107861706,Mona Brorsson,gold
Q107861706,Hanna Öberg,gold
Q107861706,Elvira Öberg,gold
Q107861706,Irina Kazakevich,silver
Q107861706,Kristina Reztsova,silver
Q107861706,Svetlana Mironova,silver
Q107861706,Uliana Nigmatullina,silver
Q107861706,Vanessa Voigt,bronze
Q107861706,Vanessa Hinz,bronze
Q107861706,Franziska PreußDenise Herrmann,bronze
Q7400306,Linda Andersen,gold
Q7400306,Natalia Vía Dufresne,silver
Q7400306,Julia Trotman,bronze
Q1084677,Melaine Walker,gold
Q1084677,Sheena Tosta,silver
Q1084677,Tasha Danvers,bronze
Q22964420,Martina Walther,gold
Q22964420,Gerlinde Doberschütz,gold
Q22964420,Carola Hornig,gold
Q22964420,Birte Siech,gold
Q22964420,Sylvia Rose,gold
Q22964420,Zhang Xianghua,silver
Q22964420,Hu Yadong,silver
Q22964420,Yang Xiao,silver
Q22964420,Zhou Shouying,silver
Q22964420,Li Ronghua,silver
Q22964420,Marioara TrașcăVeronica Necula,bronze
Q22964420,Herta AnitașDoina Șnep-Bălan,bronze
Q22964420,Ecaterina Oancia,bronze
Q107861726,Justine Braisaz-Bouchet,gold
Q107861726,Tiril Eckhoff,silver
Q107861726,Marte Olsbu Røiseland,bronze
Q733026,Fermín Cacho,gold
Q733026,Rachid El Basir,silver
Q733026,Mohamed Suleiman,bronze
Q1534918,Kjetil André Aamodt,gold
Q1534918,Marc Girardelli,silver
Q1534918,Jan Einar Thorsen,bronze
Q25863624,Anthony Ervin,gold
Q25863624,Florent Manaudou,silver
Q25863624,Nathan Adrian,bronze
Q259965,Simon Ammann,gold
Q259965,Adam Małysz,silver
Q259965,Gregor Schlierenzauer,bronze
Q7400309,Franck David,gold
Q7400309,Mike Gebhardt,silver
Q7400309,Lars Kleppich,bronze
Q16953154,Vassili Jirov,gold
Q16953154,Seung-Bae Lee,silver
Q16953154,Antonio Tarver,bronze
Q2072744,Kim Il,gold
Q2072744,Kim Jong-shin,silver
Q2072744,Vugar Orujov,bronze
Q609385,Georgeta Damian,gold
Q609385,Viorica Susanu,gold
Q609385,Wu You,silver
Q609385,Gao Yulan,silver
Q609385,Yuliya Bichyk,bronze
Q609385,Natallia Helakh,bronze
Q26217896,Kayla Harrison,gold
Q26217896,Audrey Tcheuméo,silver
Q26217896,Mayra Aguiar,bronze
Q19819174,Matthew Ryan,gold
Q19819174,Herbert Blöcker,silver
Q19819174,Blyth Tait,bronze
Q47309990,Shaoang Liu,gold
Q47309990,Shaolin Sándor Liu,gold
Q47309990,Viktor Knoch,gold
Q47309990,Csaba Burján,gold
Q47309990,Wu Dajing,silver
Q47309990,Han Tianyu,silver
Q47309990,Chen Dequan,silver
Q47309990,Xu Hongzhi,silver
Q47309990,Ren Ziwei,silver
Q47309990,Samuel Girard,bronze
Q47309990,Charles Hamelin,bronze
Q47309990,Charle Cournoyer,bronze
Q47309990,Pascal Dion,bronze
Q25991461,Lilly King,gold
Q25991461,Yuliya Yefimova,silver
Q25991461,Katie Meili,bronze
Q1094686,Leisel Jones,gold
Q1094686,Rebecca Soni,silver
Q1094686,Mirna Jukić,bronze
Q2096231,Saori Yoshida,gold
Q2096231,Tonya Verbeek,silver
Q2096231,Jackeline Rentería,bronze
Q26155830,Hsu Shu-ching,gold
Q26155830,Hidilyn Diaz,silver
Q26155830,Yoon Jin-hee,bronze
Q26218598,Tina Trstenjak,gold
Q26218598,Clarisse Agbegnenou,silver
Q26218598,Yarden Gerbi,bronze
Q26212155,Tony Yoka,gold
Q26212155,Joe Joyce,silver
Q26212155,Filip Hrgović,bronze
Q26155834,Inbee Park,gold
Q26155834,Lydia Ko,silver
Q26155834,Shanshan Feng,bronze
Q2570158,Benjamin Kleibrink,gold
Q2570158,Yuki Ota,silver
Q2570158,Salvatore Sanzo,bronze
Q25991459,Katinka Hosszú,gold
Q25991459,Kathleen Baker,silver
Q25991459,Kylie Masse,bronze
Q7400308,José van der Ploeg,gold
Q7400308,Brian Ledbetter,silver
Q7400308,Craig Monk,bronze
Q1067772,Ye Shiwen,gold
Q1067772,Elizabeth Beisel,silver
Q1067772,Li Xuanxu,bronze
Q1750578,Udomporn Polsak,gold
Q1750578,Raema Lisa Rumbewas,silver
Q1750578,Mabel Mosquera,bronze
Q107861699,Johannes Thingnes Bø,gold
Q107861699,Quentin Fillon Maillet,silver
Q107861699,Tarjei Bø,bronze
Q107861710,Marte Olsbu Røiseland,gold
Q107861710,Elvira Öberg,silver
Q107861710,Dorothea Wierer,bronze
Q26212161,Majlinda Kelmendi,gold
Q26212161,Odette Giuffrida,silver
Q26212161,Misato Nakamura,bronze
Q1193982,Natalie Coughlin,gold
Q1193982,Kirsty Coventry,silver
Q1193982,Margaret Hoelzer,bronze
Q635823,Jasey-Jay Anderson,gold
Q635823,Benjamin Karl,silver
Q635823,Mathieu Bozzetto,bronze
Q2201769,Dwight Phillips,gold
Q2201769,John Moffitt,silver
Q2201769,Joan Lino Martínez,bronze
Q7371997,Michel Andrieux,gold
Q7371997,Jean-Christophe Rolland,gold
Q7371997,Ted Murphy,silver
Q7371997,Sebastian Bea,silver
Q7371997,Matthew Long,bronze
Q7371997,James Tomkins,bronze
Q1005685,Son Tae-Jin,gold
Q1005685,Mark López,silver
Q1005685,Servet Tazegül,bronze
Q2564420,Nathan Wilmot,gold
Q2564420,Malcolm Page,gold
Q2564420,Nick Rogers,silver
Q2564420,Joe Glanfield,silver
Q2564420,Nicolas Charbonnier,bronze
Q2564420,Olivier Bausset,bronze
Q586729,Ireen Wüst,gold
Q586729,Kristina Groves,silver
Q586729,Martina Sáblíková,bronze
Q22964419,Birgit Peter,gold
Q22964419,Martina Schröter,gold
Q22964419,Elisabeta LipăVeronica Cogeanu,silver
Q22964419,Violeta Ninova,bronze
Q22964419,Stefka Madina,bronze
Q26218466,Teddy Riner,gold
Q26218466,Hisayoshi Harasawa,silver
Q26218466,Rafael Silva,bronze
Q22964425,Nico Rienks,gold
Q22964425,Ronald Florijn,gold
Q22964425,Beat Schwerzmann,silver
Q22964425,Ueli Bodenmann,silver
Q22964425,Oleksandr Marchenko,bronze
Q22964425,Vasil Yakusha,bronze
Q26215191,Christian Taylor,gold
Q26215191,Will Claye,silver
Q26215191,Dong Bin,bronze
Q26155829,Sopita Tanasan,gold
Q26155829,Sri Wahyuni Agustiani,silver
Q26155829,Hiromi Miyake,bronze
Q1075735,Lena Schöneborn,gold
Q1075735,Heather Fell,silver
Q1075735,Anastasiya Samusevich,bronze
Q1193966,Lisbeth Trickett,gold
Q1193966,Christine Magnuson,silver
Q1193966,Jessicah Schipper,bronze
Q26217865,Rafaela Silva,gold
Q26217865,Sumiya Dorjsuren,silver
Q26217865,Telma Monteiro,bronze
Q1156715,Kim Ji-yeon,gold
Q1156715,Sofiya Velikaya,silver
Q1156715,Olha Kharlan,bronze
Q662887,Evelyne Leu,gold
Q662887,Li Nina,silver
Q662887,Alisa Camplin,bronze
Q1439291,Hicham El Guerrouj,gold
Q1439291,Kenenisa Bekele,silver
Q1439291,Eliud Kipchoge,bronze
Q580481,Martina Sáblíková,gold
Q580481,Stephanie Beckert,silver
Q580481,Kristina Groves,bronze
Q1131387,Eric Lamaze,gold
Q1131387,Rolf-Göran Bengtsson,silver
Q1131387,Beezie Madden,bronze
Q2070058,Nicola Adams,gold
Q2070058,Ren Cancan,silver
Q2070058,Mary Kom,bronze
Q65235532,Lukáš Krpálek,gold
Q65235532,Guram Tushishvili,silver
Q65235532,Teddy Riner,bronze
Q7400302,Jean-Yves Le Déroff Nicolas Hénard,gold
Q7400302,Chris Timms Rex Sellers,silver
Q7400302,Lars Grael Clinio Freitas,bronze
Q1997032,Lydia Valentín,gold
Q1997032,Abeer Abdelrahman,silver
Q1997032,Madias Nzesso,bronze
Q7372007,Kathrin Boron,gold
Q7372007,Jana Thieme,gold
Q7372007,Pieta van Dishoeck,silver
Q7372007,Eeke van Nes,silver
Q7372007,Kristina Poplavskaja,bronze
Q7372007,Birutė Šakickienė,bronze
Q1750591,Pawina Thongsuk,gold
Q1750591,Natalya Zabolotnaya,silver
Q1750591,Valentina Popova,bronze
Q26212162,Paula Pareto,gold
Q26212162,Jeong Bo-kyeong,silver
Q26212162,Ami Kondo,bronze
Q610603,Vincent Jay,gold
Q610603,Emil Hegle Svendsen,silver
Q610603,Jakov Fak,bronze
Q26218320,Karim Laghouag,gold
Q26218320,Thibaut Vallette,gold
Q26218320,Mathieu Lemoine,gold
Q26218320,Astier Nicolas,gold
Q26218320,Julia Krajewski,silver
Q26218320,Sandra Auffarth,silver
Q26218320,Ingrid Klimke,silver
Q26218320,Michael Jung,silver
Q26218320,Shane Rose,bronze
Q26218320,Stuart Tinney,bronze
Q26218320,Sam Griffiths,bronze
Q26218320,Chris Burton,bronze
Q2022215,Ge Fei Gu Jun,gold
Q2022215,Huang Nanyan Yang Wei,silver
Q2022215,Gao Ling Qin Yiyuan,bronze
Q1750587,Liu Chunhong,gold
Q1750587,Eszter Krutzler,silver
Q1750587,Zarema Kasaeva,bronze
Q664418,Clara Hughes,gold
Q664418,Claudia Pechstein,silver
Q664418,Cindy Klassen,bronze
Q634029,Tom James,gold
Q634029,Steve Williams,gold
Q634029,Pete Reed,gold
Q634029,Andrew Triggs Hodge,gold
Q634029,Matt Ryan,silver
Q634029,James Marburg,silver
Q634029,Cameron Mc,silver
Q634029,Kenzie-Mc,silver
Q634029,Harg,silver
Q634029,Francis Hegerty,silver
Q634029,Julien Desprès,bronze
Q634029,Benjamin Rondeau,bronze
Q634029,Germain Chardin,bronze
Q634029,Dorian Mortelette,bronze
Q1067383,Lee Sung-Jin,gold
Q1067383,Ki Bo-Bae,gold
Q1067383,Choi Hyeonju,gold
Q1067383,Fang Yuting,silver
Q1067383,Cheng Ming,silver
Q1067383,Xu Jing,silver
Q1067383,Kaori Kawanaka,bronze
Q1067383,Ren Hayakawa,bronze
Q1067383,Miki Kanie,bronze
Q25932075,Katie Ledecky,gold
Q25932075,Jazmin Carlin,silver
Q25932075,Boglárka Kapás,bronze
Q26212145,Sohrab Moradi,gold
Q26212145,Vadzim Straltsou,silver
Q26212145,Aurimas Didžbalis,bronze
Q20670790,Kristen Babb-Sprague,gold
Q20670790,Fumiko Okuno,bronze
Q26212151,Fazliddin Gaibnazarov,gold
Q26212151,Lorenzo Sotomayor,silver
Q26212151,Vitaly Dunaytsev,bronze
Q26218274,Michael Jung,gold
Q26218274,Astier Nicolas,silver
Q26218274,Phillip Dutton,bronze
Q1750595,Giorgi Asanidze,gold
Q1750595,Andrei Rybakou,silver
Q1750595,Pyrros Dimas,bronze
Q26219847,Lukáš Krpálek,gold
Q26219847,Elmar Gasimov,silver
Q26219847,Cyrille Maret,bronze
Q651065,Wang Jiao,gold
Q651065,Stanka Zlateva,silver
Q651065,Kyoko Hamaguchi,bronze
Q107861704,Quentin Fillon Maillet,gold
Q107861704,Tarjei Bø,silver
Q107861704,Eduard Latypov,bronze
Q1439276,Andreas Thorkildsen,gold
Q1439276,Vadims Vasiļevskis,silver
Q1439276,Sergey Makarov,bronze
Q25991448,Gregorio Paltrinieri,gold
Q25991448,Connor Jaeger,silver
Q25991448,Gabriele Detti,bronze
Q7400297,Bruce Kendall,gold
Q7400297,Jan Boersma,silver
Q7400297,Mike Gebhardt,bronze
Q1137646,Elisa Di Francisca,gold
Q1137646,Arianna Errigo,silver
Q1137646,Valentina Vezzali,bronze
Q735299,Jari Mantila,gold
Q735299,Hannu Manninen,gold
Q735299,Jaakko Tallus,gold
Q735299,Samppa Lajunen,gold
Q735299,Björn Kircheisen,silver
Q735299,Georg Hettich,silver
Q735299,Marcel Höhlig,silver
Q735299,Ronny Ackermann,silver
Q735299,Christoph Bieler,bronze
Q735299,Michael Gruber,bronze
Q735299,Mario Stecher,bronze
Q735299,Felix Gottwald,bronze
Q22964429,Carmine Abbagnale,gold
Q22964429,Giuseppe Abbagnale,gold
Q22964429,Giuseppe Di Capua (cox),gold
Q22964429,Mario Streit,silver
Q22964429,Detlef Kirchhoff,silver
Q22964429,René Rensch (cox),silver
Q22964429,Andy Holmes,bronze
Q22964429,Steve Redgrave,bronze
Q22964429,Patrick Sweeney (cox),bronze
Q26219831,Mashu Baker,gold
Q26219831,Varlam Liparteliani,silver
Q26219831,Gwak Dong-han,bronze
Q25927634,Kyle Chalmers,gold
Q25927634,Pieter Timmers,silver
Q25927634,Nathan Adrian,bronze
Q15056264,Aleksei Tishchenko,gold
Q15056264,Kim Song-Guk,silver
Q15056264,Vitali Tajbert,bronze
Q1092809,Prapawadee Jaroenrattanatarakoon,gold
Q1092809,Yoon Jin-hee,silver
Q1092809,Raema Lisa Rumbewas,bronze
Q65242345,Alexander Zverev,gold
Q65242345,Karen Khachanov,silver
Q65242345,Pablo Carreño Busta,bronze
Q25991456,"Caeleb Dressel, Michael Phelps, Ryan Held, Nathan Adrian, Jimmy Feigen*, Blake Pieroni*, Anthony Ervin*",gold
Q25991456,"Mehdy Metella, Fabien Gilot, Florent Manaudou, Jérémy Stravius, William Meynard*, Clément Mignon*",silver
Q25991456,"James Roberts, Kyle Chalmers, James Magnussen, Cameron Mc",bronze
Q25991456,"Evoy, Matthew Abood* *Indicates the swimmer only competed in the preliminary heats.",bronze
Q2562124,Ma Lin,gold
Q2562124,Wang Hao,silver
Q2562124,Wang Liqin,bronze
Q26205999,Shakhobidin Zoirov,gold
Q26205999,Yoel Finol,silver
Q26205999,Hu Jianguan,bronze
Q26213160,Joe Clarke,gold
Q26213160,Peter Kauzer,silver
Q26213160,Jiří Prskavec,bronze
Q1065640,Jang Mi-ran,gold
Q1065640,Ele Opeloge,silver
Q1065640,Mariam Usman,bronze
Q26212149,Óscar Figueroa,gold
Q26212149,Eko Yuli Irawan,silver
Q26212149,Farkhad Kharki,bronze
Q1094667,Britta Steffen,gold
Q1094667,Dara Torres,silver
Q1094667,Cate Campbell,bronze
Q722895,Manfred Kurzer,gold
Q722895,Aleksandr Blinov,silver
Q722895,Dimitri Lykin,bronze
Q65242359,Flora Duffy,gold
Q65242359,Georgia Taylor-Brown,silver
Q65242359,Katie Zaferes,bronze
Q26037184,Hasanboy Dusmatov,gold
Q26037184,Yuberjen Martínez,silver
Q26037184,Joahnys Argilagos,bronze
Q7400305,Mark Reynolds Hal Haenel,gold
Q7400305,Rod Davis Don Cowie,silver
Q7400305,Ross Mac,bronze
Q7400305,Donald Eric Jespersen,bronze
Q548072,Maëlle Ricker,gold
Q548072,Déborah Anthonioz,silver
Q548072,Olivia Nobs,bronze
Q730927,Anna Dahlberg & Lina Andersson,gold
Q730927,Sara Renner & Beckie Scott,silver
Q730927,Aino-Kaisa Saarinen & Virpi Kuitunen,bronze
Q65235526,Lasha Bekauri,gold
Q65235526,Eduard Trippel,silver
Q65235526,Davlat Bobonov,bronze
Q26218608,Nicola Adams,gold
Q26218608,Sarah Ourahmoune,silver
Q26218608,Ren Cancan,bronze
Q65242331,Barbora KrejčíkováKateřina Siniaková,gold
Q65242331,Belinda Bencic,silver
Q65242331,Viktorija Golubic,silver
Q65242331,Laura Pigossi,bronze
Q65242331,Luisa Stefani,bronze
Q1570183,Alan Budikusuma,gold
Q1570183,Ardy Wiranata,silver
Q1570183,Thomas Stuer-Lauridsen,bronze
Q1750579,Milen Dobrev,gold
Q1750579,Khadzhimurat Akkaev,silver
Q1750579,Eduard Tyukin,bronze
Q65235557,Clarisse Agbegnenou,gold
Q65235557,Tina Trstenjak,silver
Q65235557,Maria Centracchio,bronze
Q22964435,Sybille Schmidt,gold
Q22964435,Birgit Peter,gold
Q22964435,Kerstin Müller,gold
Q22964435,Kristina Mundt,gold
Q22964435,Anişoara Dobre,silver
Q22964435,Doina Ignat,silver
Q22964435,Constanța BurcicăVeronica Cochela,silver
Q22964435,Antonina Zelikovich,bronze
Q22964435,Tetiana Ustiuzhanina,bronze
Q22964435,Ekaterina Karsten,bronze
Q22964435,Yelena Khloptseva,bronze
Q26208316,Daniyar Yeleussinov,gold
Q26208316,Shakhram Giyasov,silver
Q26208316,Mohammed Rabii,bronze
Q734997,Nicolás Massú,gold
Q734997,Mardy Fish,silver
Q734997,Fernando González,bronze
Q614894,Wang Meng,gold
Q614894,Katherine Reutter,silver
Q614894,Park Seung-hi,bronze
Q1750583,Dmitry Berestov,gold
Q1750583,Ihor Razoronov,silver
Q1750583,Gleb Pisarevskiy,bronze
Q26208513,Julio César La Cruz,gold
Q26208513,Adilbek Niyazymbetov,silver
Q26208513,Mathieu Bauderlique,bronze
Q599412,Áron Szilágyi,gold
Q599412,Diego Occhiuzzi,silver
Q599412,Nikolay Kovalev,bronze
Q25991447,Ryan Murphy,gold
Q25991447,Xu Jiayu,silver
Q25991447,David Plummer,bronze
Q26219849,Ahmad Abughaush,gold
Q26219849,Alexey Denisenko,silver
Q26219849,Joel González,bronze
Q25991455,Kosuke Hagino,gold
Q25991455,Chase Kalisz,silver
Q25991455,Daiya Seto,bronze
Q17063526,Adrian Moorhouse,gold
Q17063526,Károly Güttler,silver
Q17063526,Dmitry Volkov,bronze
Q581788,Andy Murray,gold
Q581788,Roger Federer,silver
Q581788,Juan Martín del Potro,bronze
Q588440,Scott Brash Peter Charles Ben Maher Nick Skelton,gold
Q588440,Marc Houtzager Gerco Schroder Maikel Van Der Vleuten Jur Vrieling,silver
Q588440,Ramzy Al Duhami Abdullah bin Mutaib Al Saud Kamal Bahamdan Abdullah Waleed Sharbatly,bronze
Q260204,Hwang Kyung-Seon,gold
Q260204,Karine Sergerie,silver
Q260204,Sandra Šarić,bronze
Q25991464,Mireia Belmonte,gold
Q25991464,Madeline Groves,silver
Q25991464,Natsumi Hoshi,bronze
Q7371994,Thomas Lange,gold
Q7371994,Václav Chalupa,silver
Q7371994,Kajetan Broniewski,bronze
Q26217860,Liu Shiwen,gold
Q26217860,Ding Ning,gold
Q26217860,Li Xiaoxia,gold
Q26217860,Han Ying,silver
Q26217860,Petrissa Solja,silver
Q26217860,Shan Xiaona,silver
Q26217860,Kasumi Ishikawa,bronze
Q26217860,Ai Fukuhara,bronze
Q26217860,Mima Ito,bronze
Q26218599,Émilie Andéol,gold
Q26218599,Idalys Ortiz,silver
Q26218599,Kanae Yamabe,bronze
Q2174649,Nicola Spirig,gold
Q2174649,Lisa Nordén,silver
Q2174649,Erin Densham,bronze
Q7371999,Luka Špik,gold
Q7371999,Iztok Čop,gold
Q7371999,Olaf Tufte,silver
Q7371999,Fredrik Bekken,silver
Q7371999,Giovanni Calabrese,bronze
Q7371999,Nicola Sartori,bronze
Q2000524,Zou Shiming,gold
Q2000524,Kaeo Pongprayoon,silver
Q2000524,Paddy Barnes,bronze
Q662184,Patric Leitner & Alexander Resch,gold
Q662184,Mark Grimmette & Brian Martin,silver
Q662184,Chris Thorpe & Clay Ives,bronze
Q26219848,Zhao Shuai,gold
Q26219848,Tawin Hanprab,silver
Q26219848,Luisito Pié,bronze
Q7372001,Laurent Porchier,gold
Q7372001,Jean-Christophe Bette,gold
Q7372001,Yves Hocdé,gold
Q7372001,Xavier Dorfman,gold
Q7372001,Simon Burgess,silver
Q7372001,Anthony Edwards,silver
Q7372001,Darren Balmforth,silver
Q7372001,Robert Richards,silver
Q7372001,Søren Madsen,bronze
Q7372001,Thomas Ebert,bronze
Q7372001,Eskild Ebbesen,bronze
Q7372001,Victor Feddersen,bronze
Q1194982,Kaori Icho,gold
Q1194982,Alena Kartashova,silver
Q1194982,Yelena Shalygina,bronze
Q384953,Dario Cologna,gold
Q384953,Pietro Piller Cottrer,silver
Q384953,Lukáš Bauer,bronze
Q1439249,Liu Xiang,gold
Q1439249,Terrence Trammell,silver
Q1439249,Anier García,bronze
Q22964437,Elisabeta Lipă,gold
Q22964437,Annelies Bredael,silver
Q22964437,Silken Laumann,bronze
Q7400312,Barbara Kendall,gold
Q7400312,Zhang Xiaodong,silver
Q7400312,Dorien de Vries,bronze
Q1222467,Kerrin Lee-Gartner,gold
Q1222467,Hilary Lindh,silver
Q1222467,Veronika Stallmaier,bronze
Q22964445,Matthew Pinsent,gold
Q22964445,Steve Redgrave,gold
Q22964445,Colin von Ettingshausen,silver
Q22964445,Peter Hoeltzenbein,silver
Q22964445,Iztok Čop,bronze
Q22964445,Denis Žvegelj,bronze
Q1222171,Larisa Lazutina,gold
Q1222171,Kateřina Neumannová,silver
Q1222171,Bente Martinsen,bronze
Q826852,Aleksandr Golubev,gold
Q826852,Sergey Klevchenya,silver
Q826852,Manabu Horii,bronze
Q1221935,Ekaterina Dafovska,gold
Q1221935,Olena Petrova,silver
Q1221935,Uschi Disl,bronze
Q31844,Vasyl Lomachenko,gold
Q31844,Han Soon-chul,silver
Q31844,Yasniel Toledo,bronze
Q1222146,Beckie Scott,gold
Q1222146,Kateřina Neumannová,silver
Q1222146,Viola Bauer,bronze
Q917323,Irving Saladino,gold
Q917323,Khotso Mokoena,silver
Q917323,Ibrahim Camejo,bronze
Q7500747,Miroslav Varga,gold
Q7500747,Cha Young-chul,silver
Q7500747,Attila Záhonyi,bronze
Q1222543,Erin Cafaro,gold
Q1222543,Lindsay Shoop,gold
Q1222543,Anna Goodale,gold
Q1222543,Elle Logan,gold
Q1222543,Anna Cummins,gold
Q1222543,Susan Francia,gold
Q1222543,Caroline Lind,gold
Q1222543,Caryn Daviescox: Mary Whipple,gold
Q1222543,Femke Dekker,silver
Q1222543,Marlies Smulders,silver
Q1222543,Nienke Kingma,silver
Q1222543,Roline Repelaer van Driel,silver
Q1222543,Annemarieke van Rumpt,silver
Q1222543,Helen Tanger,silver
Q1222543,Sarah Siegelaar,silver
Q1222543,Annemiek de Haancox: Ester Workel,silver
Q1222543,Constanța BurcicăViorica Susanu,bronze
Q1222543,Rodica Şerban,bronze
Q1222543,Enikő Barabás,bronze
Q1222543,Simona Muşat,bronze
Q1222543,Ioana Papuc,bronze
Q1222543,Georgeta Andrunache,bronze
Q1222543,Doina Ignatcox: Elena Georgescu,bronze
Q22964449,Constanța BurcicăCamelia Macoviciuc,gold
Q22964449,Teresa Bell,silver
Q22964449,Lindsay Burns,silver
Q22964449,Virginia Lee,bronze
Q22964449,Rebecca Joyce,bronze
Q3001407,Giovanni Lombardi,gold
Q3001407,Léon van Bon,silver
Q3001407,Cédric Mathy,bronze
Q2550697,Mijaín López,gold
Q2550697,Heiki Nabi,silver
Q2550697,Rıza Kayaalp,bronze
Q748648,Giorgio Di Centa,gold
Q748648,Pietro Piller Cottrer,gold
Q748648,Fulvio Valbusa,gold
Q748648,Cristian Zorzi,gold
Q748648,Tobias Angerer,silver
Q748648,Jens Filbrich,silver
Q748648,Andreas Schlütter,silver
Q748648,René Sommerfeldt,silver
Q748648,Mathias Fredriksson,bronze
Q748648,Mats Larsson,bronze
Q748648,"Johan Olsson, Anders Södergren",bronze
Q14643126,Ole Einar Bjørndalen,gold
Q14643126,Dominik Landertinger,silver
Q14643126,Jaroslav Soukup,bronze
Q7656687,Igor Polyansky,gold
Q7656687,Frank Baltrusch,silver
Q7656687,Paul Kingsman,bronze
Q7500819,Renata Mauer,gold
Q7500819,Tatiana Goldobina,silver
Q7500819,Maria Feklistova,bronze
Q4786035,Jay Barrs,gold
Q4786035,Park Sung-soo,silver
Q4786035,Vladimir Yesheyev,bronze
Q2299006,Tatsuhiro Yonemitsu,gold
Q2299006,Sushil Kumar,silver
Q2299006,Akzhurek Tanatarov,bronze
Q2494175,Peter Kretschmer,gold
Q2494175,Kurt Kuschela,gold
Q2494175,Andrei Bahdanovich,silver
Q2494175,Aliaksandr Bahdanovich,silver
Q2494175,Alexey Korovashkov,bronze
Q2494175,Ilya Pervukhin,bronze
Q2358274,Omid Norouzi,gold
Q2358274,Revaz Lashkhi,silver
Q2358274,Zaur Kuramagomedov,bronze
Q8979743,Steve Guerdat,gold
Q8979743,Gerco Schroder,silver
Q8979743,Cian O'Connor,bronze
Q782429,Mark Tuitert,gold
Q782429,Shani Davis,silver
Q782429,Håvard Bøkko,bronze
Q15056068,Eric Frenzel,gold
Q15056068,Akito Watabe,silver
Q15056068,Magnus Krog,bronze
Q905472,Alexandre Bilodeau,gold
Q905472,Dale Begg-Smith,silver
Q905472,Bryon Wilson,bronze
Q2521962,Kaori Icho,gold
Q2521962,Jing Ruixue,silver
Q2521962,Soronzonboldyn Battsetseg,bronze
Q848666,Lee Sang-hwa,gold
Q848666,Jenny Wolf,silver
Q848666,Wang Beixing,bronze
Q27961940,Cho Min-sun,gold
Q27961940,Aneta Szczepańska,silver
Q27961940,Wang Xianbo,bronze
Q826539,Jochem Uytdehaage,gold
Q826539,Gianni Romme,silver
Q826539,Lasse Sætre,bronze
Q25397018,Ding Ning,gold
Q25397018,Li Xiaoxia,silver
Q25397018,Kim Song-i,bronze
Q769467,Martín López-Zubero,gold
Q769467,Vladimir Selkov,silver
Q769467,Stefano Battistelli,bronze
Q1005322,"Chris Hoy, Jason Kenny, Jamie Staff",gold
Q1005322,"Grégory Baugé, Kévin Sireau, Arnaud Tournant",silver
Q1005322,"René Enders, Maximilian Levy, Stefan Nimke",bronze
Q1222469,Katja Seizinger,gold
Q1222469,Picabo Street,silver
Q1222469,Isolde Kostner,bronze
Q7979982,Tymur Taimazov,gold
Q7979982,Sergey Syrtsov,silver
Q7979982,Nicu Vlad,bronze
Q15055009,Sandro Viletta,gold
Q15055009,Ivica Kostelić,silver
Q15055009,Christof Innerhofer,bronze
Q15055028,Marit Bjørgen,gold
Q15055028,Therese Johaug,silver
Q15055028,Kristin Størmer Steira,bronze
Q15055033,Marit Bjørgen,gold
Q15055033,Ingvild Flugstad Østberg,gold
Q15055033,Aino-Kaisa Saarinen,silver
Q15055033,Kerttu Niskanen,silver
Q15055033,Ida Ingemarsdotter,bronze
Q15055033,Stina Nilsson,bronze
Q886732,Alexei Nemov,gold
Q886732,Yang Wei,silver
Q886732,Oleksandr Beresch,bronze
Q1433101,Adam Nelson,gold
Q1433101,Joachim Olsen,silver
Q1433101,Manuel Martínez,bronze
Q7979974,Israel Militosyan,gold
Q7979974,Yoto Yotov,silver
Q7979974,Andreas Behm,bronze
Q3499001,Makharbek Khadartsev,gold
Q3499001,Kenan Şimşek,silver
Q3499001,Chris Campbell,bronze
Q1432187,Sergey Klyugin,gold
Q1432187,Javier Sotomayor,silver
Q1432187,Abderrahmane Hammad,bronze
Q1005244,Liao Hui,gold
Q1005244,Vencelas Dabaya,silver
Q1005244,Yordanis Borrero,bronze
Q7500847,Diána Igaly,gold
Q7500847,Wei Ning,silver
Q7500847,Zemfira Meftahatdinova,bronze
Q781406,Mikhail Ivanov,gold
Q781406,Andrus Veerpalu,silver
Q781406,Odd-Bjørn Hjelmeset,bronze
Q906128,Magdalena Neuner,gold
Q906128,Olga Zaitseva,silver
Q906128,Simone Hauswald,bronze
Q1221939,Olga Danilova,gold
Q1221939,Larisa Lazutina,silver
Q1221939,Anita Moen-Guidon,bronze
Q848696,Shani Davis,gold
Q848696,Mo Tae-bum,silver
Q848696,Chad Hedrick,bronze
Q22964443,Andreas Hajek,gold
Q22964443,Michael Steinbach,gold
Q22964443,Stephan Volkert,gold
Q22964443,André Willms,gold
Q22964443,Kjetil Undset,silver
Q22964443,Per Sætersdal,silver
Q22964443,Lars Bjønness,silver
Q22964443,Rolf Thorsen,silver
Q22964443,Alessandro Corona,bronze
Q22964443,Gianluca Farina,bronze
Q22964443,Rossano Galtarossa,bronze
Q22964443,Filippo Soffici,bronze
Q963859,Li Xiaoshuang,gold
Q963859,Alexei Nemov,silver
Q963859,Vitaly Scherbo,bronze
Q1222533,Hilde Gerg,gold
Q1222533,Deborah Compagnoni,silver
Q1222533,Zali Steggall,bronze
Q7979972,Jeon Byeong-gwan,gold
Q7979972,Liu Shoubin,silver
Q7979972,Luo Jianming,bronze
Q3001455,Fabio Casartelli,gold
Q3001455,Erik Dekker,silver
Q3001455,Dainis Ozols,bronze
Q685266,Rumyana Neykova,gold
Q685266,Michelle Guerette,silver
Q685266,Ekaterina Karsten,bronze
Q7979977,Pyrros Dimas,gold
Q7979977,Krzysztof Siemion,silver
Q7979977,not awarded,bronze
Q765657,Svetlana Zhurova,gold
Q765657,Wang Manli,silver
Q765657,Ren Hui,bronze
Q7500737,Goran Maksimović,gold
Q7500737,Nicolas Berthelot,silver
Q7500737,Johann Riederer,bronze
Q1005423,Oleksandr Petriv,gold
Q1005423,Ralf Schumann,silver
Q1005423,Christian Reitz,bronze
Q61539,Mavlet Batirov,gold
Q61539,Kenichi Yumoto,silver
Q61539,Bazar Bazarguruev,bronze
Q899312,Primož Kozmus,gold
Q899312,Vadim Devyatovskiy,silver
Q899312,Ivan Tsikhan,bronze
Q22964442,Andrew Cooper,gold
Q22964442,Nick Green,gold
Q22964442,Mike Mc,gold
Q22964442,Kay,gold
Q22964442,James Tomkins,gold
Q22964442,Jeffrey Mc,silver
Q22964442,Laughlin,silver
Q22964442,William Burden,silver
Q22964442,Thomas Bohrer,silver
Q22964442,Patrick Manning,silver
Q22964442,Milan Janša,bronze
Q22964442,Sadik MujkičSašo MirjaničJanez Klemenčič,bronze
Q7400314,Theresa Zabell Patricia Guerra,gold
Q7400314,Leslie Jean Egnot Jan Shearer,silver
Q7400314,Jennifer Isler Pamela Healy,bronze
Q1222168,Marjo Matikainen,gold
Q1222168,Tamara Tikhonova,silver
Q1222168,Vida Vencienė,bronze
Q15056105,Joss Christensen,gold
Q15056105,Gus Kenworthy,silver
Q15056105,Nick Goepper,bronze
Q7674783,Lee Sun-hee,gold
Q7674783,Trude Gundersen,silver
Q7674783,Yoriko Okamoto,bronze
Q4951839,Wijan Ponlid,gold
Q4951839,Bulat Zhumadilov,silver
Q4951839,Jérôme Thomas,bronze
Q15056067,Jørgen Graabak,gold
Q15056067,Magnus Moan,silver
Q15056067,Fabian Rießle,bronze
Q2353351,Émilie Fer,gold
Q2353351,Jessica Fox,silver
Q2353351,Maialen Chourraut,bronze
Q932865,Christine Ohuruogu,gold
Q932865,Shericka Williams,silver
Q932865,Sanya Richards,bronze
Q906859,Nataliya Skakun,gold
Q906859,Hanna Batsiushka,silver
Q906859,Tatsiana Stukalava,bronze
Q3498676,Vasile Puşcaşu,gold
Q3498676,Leri Khabelov,silver
Q3498676,William Scherr,bronze
Q677063,Komeil Ghasemi,gold
Q677063,Tervel Dlagnev,bronze
Q846788,Michael Greis,gold
Q846788,Ole Einar Bjørndalen,silver
Q846788,Halvard Hanevold,bronze
Q247070,Alex Schwazer,gold
Q247070,Jared Tallent,silver
Q247070,Denis Nizhegorodov,bronze
Q691742,Shaun White,gold
Q691742,Peetu Piiroinen,silver
Q691742,Scott Lago,bronze
Q7400334,Mark Reynolds Magnus Liljedahl,gold
Q7400334,Ian Walker Mark Covell,silver
Q7400334,Torben Grael Marcelo Ferreira,bronze
Q7500748,Axel Wegner,gold
Q7500748,Alfonso de Iruarrizaga,silver
Q7500748,Jorge Guardiola,bronze
Q1222651,Alisa Camplin,gold
Q1222651,Veronica Brenner,silver
Q1222651,Deidra Dionne,bronze
Q7656712,Kristin Otto,gold
Q7656712,Birte Weigang,silver
Q7656712,Qian Hong,bronze
Q1222109,Claudia Pechstein,gold
Q1222109,Gunda Niemann-Kleemann,silver
Q1222109,Hiromi Yamamoto,bronze
Q240257,Stephanie Rice,gold
Q240257,Kirsty Coventry,silver
Q240257,Katie Hoff,bronze
Q15056095,Justine Dufour-Lapointe,gold
Q15056095,Chloé Dufour-Lapointe,silver
Q15056095,Hannah Kearney,bronze
Q7656705,Tanya Dangalakova,gold
Q7656705,Antoaneta Frenkeva,silver
Q7656705,Silke Hörner,bronze
Q5280017,Alexei Urmanov,gold
Q5280017,Elvis Stojko,silver
Q5280017,Philippe Candeloro,bronze
Q1222524,Vreni Schneider,gold
Q1222524,Mateja Svet,silver
Q1222524,Christa Kinshofer,bronze
Q22964439,Kirsten Barnes,gold
Q22964439,Shannon Crawford,gold
Q22964439,Megan Delehanty,gold
Q22964439,Kathleen Heddle,gold
Q22964439,Marnie Mc,gold
Q22964439,Bean,gold
Q22964439,Jessica Monroe,gold
Q22964439,Brenda Taylor,gold
Q22964439,Lesley Thompson,gold
Q22964439,Kay Worthington,gold
Q22964439,Viorica Neculai,silver
Q22964439,Adriana Bazon,silver
Q22964439,Maria Păduraru,silver
Q22964439,Iulia Bulie,silver
Q22964439,Doina Robu,silver
Q22964439,Victoria Lepădatu,silver
Q22964439,Doina Șnep-Bălan,silver
Q22964439,Elena Georgescu,silver
Q22964439,Ioana Olteanu,silver
Q22964439,Sylvia Dördelmann,bronze
Q22964439,Kathrin Haacker,bronze
Q22964439,Christiane Harzendorf,bronze
Q22964439,Daniela Neunast,bronze
Q22964439,Cerstin Petersmann,bronze
Q22964439,Dana Pyritz,bronze
Q22964439,Annegret Strauch,bronze
Q22964439,Ute Schell,bronze
Q22964439,Judith Zeidler,bronze
Q1221810,Chun Lee-kyung,gold
Q1221810,Nathalie Lambert,silver
Q1221810,Kim So-hee,bronze
Q15055034,Iivo Niskanen,gold
Q15055034,Sami Jauhojärvi,gold
Q15055034,Maxim Vylegzhanin,silver
Q15055034,Nikita Kryukov,silver
Q15055034,Emil Jönsson,bronze
Q15055034,Teodor Peterson,bronze
Q638285,Marianne Timmer,gold
Q638285,Chris Witty,silver
Q638285,Catriona Le,bronze
Q638285,May Doan,bronze
Q15054994,Tina Maze,gold
Q15054994,Lara Gut,bronze
Q4786049,Justin Huish,gold
Q4786049,Magnus Petersson,silver
Q4786049,Oh Kyo-Moon,bronze
Q917752,Antoine Dénériaz,gold
Q917752,Michael Walchhofer,silver
Q917752,Bruno Kernen,bronze
Q7656695,Uwe Daßler,gold
Q7656695,Duncan Armstrong,silver
Q7656695,Artur Wojdat,bronze
Q3498940,Kenny Monday,gold
Q3498940,Adlan Varaev,silver
Q3498940,Rahmat Sofiadi,bronze
Q2724464,Stefan Holm,gold
Q2724464,Matt Hemingway,silver
Q2724464,Jaroslav Bába,bronze
Q847288,Vincent Defrasne,gold
Q847288,Ole Einar Bjørndalen,silver
Q847288,Sven Fischer,bronze
Q1222212,Pernilla Wiberg,gold
Q1222212,Vreni Schneider,silver
Q1222212,Alenka Dovžan,bronze
Q870649,Masashi Abe,gold
Q870649,Takanori Kono,gold
Q870649,Kenji Ogiwara,gold
Q870649,Bjarte Engen Vik,silver
Q870649,Knut Tore Apeland,silver
Q870649,Fred Børre Lundberg,silver
Q870649,Jean-Yves Cuendet,bronze
Q870649,Andreas Schaad,bronze
Q870649,Hippolyt Kempf,bronze
Q775967,David Kostelecký,gold
Q775967,Giovanni Pellielo,silver
Q775967,Aleksei Alipov,bronze
Q917348,Veronica Campbell-Brown,gold
Q917348,Allyson Felix,silver
Q917348,Kerron Stewart,bronze
Q3498987,Leri Khabelov,gold
Q3498987,Heiko Balz,silver
Q3498987,Ali Kayalı,bronze
Q4951834,Daniel Petrov,gold
Q4951834,Mansueto Velasco,silver
Q4951834,Oleg Kiryukhin,bronze
Q1202526,Rebecca Romero,gold
Q1202526,Wendy Houvenaghel,silver
Q1202526,Lesya Kalytovska,bronze
Q1222025,Yuliya Chepalova,gold
Q1222025,Stefania Belmondo,silver
Q1222025,Larisa Lazutina,bronze
Q15052012,Emil Hegle Svendsen,gold
Q15052012,Martin Fourcade,silver
Q15052012,Ondřej Moravec,bronze
Q1222529,Vreni Schneider,gold
Q1222529,Elfi Eder,silver
Q1222529,Katja Koren,bronze
Q7500840,Lioubov Galkina,gold
Q7500840,Valentina Turisini,silver
Q7500840,Wang Chengyi,bronze
Q1221864,Vida Vencienė,gold
Q1221864,Raisa Smetanina,silver
Q1221864,Marjo Matikainen,bronze
Q15056096,Alexandre Bilodeau,gold
Q15056096,Mikaël Kingsbury,silver
Q15056096,Alexandr Smyshlyaev,bronze
Q7400342,Robert Scheidt,gold
Q7400342,Andreas Geritzer,silver
Q7400342,Vasilij Žbogar,bronze
Q1337042,Michele Frangilli,gold
Q1337042,Marco Galiazzo,gold
Q1337042,Mauro Nespoli,gold
Q1337042,Brady Ellison,silver
Q1337042,Jacob Wukie,silver
Q1337042,Jake Kaminski,silver
Q1337042,Im Dong-Hyun,bronze
Q1337042,Kim Bub-Min,bronze
Q1337042,Oh Jin-Hyek,bronze
Q25386274,Emese Szász,gold
Q25386274,Rossella Fiamingo,silver
Q25386274,Sun Yiwen,bronze
Q7656689,József Szabó,gold
Q7656689,Nick Gillingham,silver
Q7656689,Sergio López Miró,bronze
Q841897,Maria Riesch,gold
Q841897,Julia Mancuso,silver
Q841897,Anja Pärson,bronze
Q1432476,Haile Gebrselassie,gold
Q1432476,Paul Tergat,silver
Q1432476,Assefa Mezgebu,bronze
Q7500739,Afanasijs Kuzmins,gold
Q7500739,Ralf Schumann,silver
Q7500739,Zoltán Kovács,bronze
Q2557145,Behdad Salimi,gold
Q2557145,Sajjad Anoushiravani,silver
Q2557145,Jeon Sang-guen,bronze
Q15055073,Pierre Vaultier,gold
Q15055073,Nikolay Olyunin,silver
Q15055073,Alex Deibold,bronze
Q3400664,Antonella Bellutti,gold
Q3400664,Marion Clignet,silver
Q3400664,Judith Arndt,bronze
Q7400341,Ben Ainslie,gold
Q7400341,Rafael Trujillo,silver
Q7400341,Mateusz Kusznierewicz,bronze
Q7500816,Mykola Milchev,gold
Q7500816,Petr Málek,silver
Q7500816,James Graves,bronze
Q762663,Yang Wei,gold
Q762663,Kōhei Uchimura,silver
Q762663,Benoît Caranobe,bronze
Q15055013,Kjetil Jansrud,gold
Q15055013,Andrew Weibrecht,silver
Q15055013,Jan Hudec,bronze
Q15055074,Jamie Anderson,gold
Q15055074,Enni Rukajärvi,silver
Q15055074,Jenny Jones,bronze
Q906865,Tang Gonghong,gold
Q906865,Jang Mi-ran,silver
Q906865,Agata Wróbel,bronze
Q853003,Usain Bolt,gold
Q853003,Shawn Crawford,silver
Q853003,Walter Dix,bronze
Q3001409,Joan Llaneras,gold
Q3001409,Milton Wynants,silver
Q3001409,Aleksei Markov,bronze
Q7979978,Kakhi Kakhiashvili,gold
Q7979978,Sergey Syrtsov,silver
Q7979978,Sergiusz Wołczaniecki,bronze
Q7979968,Viktor Tregubov,gold
Q7979968,Tymur Taimazov,silver
Q7979968,Waldemar Malak,bronze
Q771886,Long Qingquan,gold
Q771886,Hoàng Anh Tuấn,silver
Q771886,Eko Yuli Irawan,bronze
Q4951846,Jorge Gutiérrez,gold
Q4951846,Gaydarbek Gaydarbekov,silver
Q4951846,Vugar Alakbarov,bronze
Q2364389,Navab Nassirshalal,gold
Q2364389,Bartłomiej Bonk,silver
Q2364389,Ivan Efremov,bronze
Q1433079,Tatyana Lebedeva,gold
Q1433079,Irina Simagina,silver
Q1433079,Tatyana Kotova,bronze
Q15056100,Anton Kushnir,gold
Q15056100,David Morris,silver
Q15056100,Jia Zongyang,bronze
Q7400319,Yevhen Braslavets Ihor Matviyenko,gold
Q7400319,John Merricks Ian Walker,silver
Q7400319,Hugo Rocha Nuno Barreto,bronze
Q7656686,Anthony Nesty,gold
Q7656686,Matt Biondi,silver
Q7656686,Andy Jameson,bronze
Q3498597,Kevin Jackson,gold
Q3498597,Elmadi Zhabrailov,silver
Q3498597,Rasoul Khadem,bronze
Q3498966,Alejandro Puerto,gold
Q3498966,Sergey Smal,silver
Q3498966,Kim Yong-sik,bronze
Q1360895,Chen Ying,gold
Q1360895,Otryadyn Gündegmaa,silver
Q1360895,Munkhbayar Dorjsuren,bronze
Q1222466,Marina Kiehl,gold
Q1222466,Brigitte Oertli,silver
Q1222466,Karen Percy,bronze
Q24906829,Ismael Borrero,gold
Q24906829,Shinobu Ota,silver
Q24906829,Elmurat Tasmuradov,bronze
Q7400328,Iain Percy,gold
Q7400328,Luca Devoti,silver
Q7400328,Fredrik Lööf,bronze
Q3001459,Jan Ullrich,gold
Q3001459,Alexander Vinokourov,silver
Q3001459,Andreas Klöden,bronze
Q7400320,Nikolaos Kaklamanakis,gold
Q7400320,Carlos Mauricio Espinola,silver
Q7400320,Gal Fridman,bronze
Q279295,Tristan Gale,gold
Q279295,Lea Ann Parsley,silver
Q279295,Alex Coomber,bronze
Q841946,Lindsey Vonn,gold
Q841946,Julia Mancuso,silver
Q841946,Elisabeth Görgl,bronze
Q14643199,Darya Domracheva,gold
Q14643199,Tora Berger,silver
Q14643199,Teja Gregorin,bronze
Q1222632,Maya Pedersen,gold
Q1222632,Shelley Rudman,silver
Q1222632,Mellisa Hollingsworth,bronze
Q1005235,Nazyr Mankiev,gold
Q1005235,Rovshan Bayramov,silver
Q1005235,Roman Amoyan,bronze
Q923513,Revaz Mindorashvili,gold
Q923513,Yusup Abdusalomov,silver
Q923513,Taras Danko,bronze
Q704595,Guillermo Pérez,gold
Q704595,Gabriel Mercedes,silver
Q704595,Chu Mu-Yen,bronze
Q942244,Venus Williams,gold
Q942244,Elena Dementieva,silver
Q942244,Monica Seles,bronze
Q15056104,Dara Howell,gold
Q15056104,Devin Logan,silver
Q15056104,Kim Lamarre,bronze
Q1432289,Derartu Tulu,gold
Q1432289,Gete Wami,silver
Q1432289,Fernanda Ribeiro,bronze
Q2297621,Ed Clancy,gold
Q2297621,Geraint Thomas,gold
Q2297621,Steven Burke,gold
Q2297621,Peter Kennaugh,gold
Q2297621,Jack Bobridge,silver
Q2297621,Glenn O'Shea,silver
Q2297621,Rohan Dennis,silver
Q2297621,Michael Hepburn,silver
Q2297621,Sam Bewley,bronze
Q2297621,Aaron Gate,bronze
Q2297621,Marc Ryan,bronze
Q2297621,Jesse Sergent,bronze
Q2297621,Westley Gough,bronze
Q917333,Maurren Maggi,gold
Q917333,Blessing Okagbare,silver
Q917333,Chelsea Hammond,bronze
Q1372090,Saeid Mohammadpour,gold
Q1372090,Kim Min-jae,silver
Q1372090,Tomasz Zieliński,bronze
Q488601,Carl Lewis,gold
Q488601,Linford Christie,silver
Q488601,Calvin Smith,bronze
Q1222644,Diann Roffe,gold
Q1222644,Svetlana Gladysheva,silver
Q1222644,Isolde Kostner,bronze
Q3498626,Makharbek Khadartsev,gold
Q3498626,Akira Ota,silver
Q3498626,Kim Tae-woo,bronze
Q1222474,Katja Seizinger,gold
Q1222474,Pernilla Wiberg,silver
Q1222474,Florence Masnada,bronze
Q15055083,Patrizia Kummer,gold
Q15055083,Tomoka Takeuchi,silver
Q15055083,Alena Zavarzina,bronze
Q681571,Giovanni Cernogoraz,gold
Q681571,Massimo Fabbrizi,silver
Q681571,Fehaid Al-Deehani,bronze
Q523492,Jens Weißflog,gold
Q523492,Espen Bredesen,silver
Q523492,Andreas Goldberger,bronze
Q15055007,Maria Höfl-Riesch,gold
Q15055007,Nicole Hosp,silver
Q15055007,Julia Mancuso,bronze
Q936086,Alain Bernard,gold
Q936086,Eamon Sullivan,silver
Q936086,César Cielo,bronze
Q2430785,Ding Ning,gold
Q2430785,Li Xiaoxia,gold
Q2430785,Guo Yue,gold
Q2430785,Ai Fukuhara,silver
Q2430785,Sayaka Hirano,silver
Q2430785,Kasumi Ishikawa,silver
Q2430785,Li Jiawei,bronze
Q2430785,Feng Tianwei,bronze
Q2430785,Wang Yuegu,bronze
Q1221869,Lyubov Yegorova,gold
Q1221869,Stefania Belmondo,silver
Q1221869,Yelena Välbe,bronze
Q1222299,Kelly Clark,gold
Q1222299,Doriane Vidal,silver
Q1222299,Fabienne Reuteler,bronze
Q7500827,Mikhail Nestruyev,gold
Q7500827,Jin Jong-oh,silver
Q7500827,Kim Jong-su,bronze
Q917747,Ted Ligety,gold
Q917747,Ivica Kostelić,silver
Q917747,Rainer Schönfelder,bronze
Q1222092,Katrin Apel,gold
Q1222092,Uschi Disl,gold
Q1222092,Andrea Henkel,gold
Q1222092,Kati Wilhelm,gold
Q1222092,Ann-Elen Skjelbreid,silver
Q1222092,Linda Tjørhom,silver
Q1222092,Gunn Margit Andreassen,silver
Q1222092,Liv Grete Poirée,silver
Q1222092,Olga Pyleva,bronze
Q1222092,Galina Kukleva,bronze
Q1222092,Svetlana Ishmuratova,bronze
Q1222092,Albina Akhatova,bronze
Q905493,Wang Mingjuan,gold
Q905493,Hiromi Miyake,silver
Q905493,Ryang Chun-hwa,bronze
Q3499032,Arsen Fadzaev,gold
Q3499032,Park Jang-soon,silver
Q3499032,Nate Carr,bronze
Q7500842,Kim Rhode,gold
Q7500842,Lee Bo-na,silver
Q7500842,Gao E,bronze
Q780808,Gunda Niemann-Kleemann,gold
Q780808,Heike Warnicke,silver
Q780808,Claudia Pechstein,bronze
Q1005260,Manuchar Kvirkvelia,gold
Q1005260,Chang Yongxiang,silver
Q1005260,Yavor Yanakiev,bronze
Q15055036,Ola Vigen Hattestad,gold
Q15055036,Teodor Peterson,silver
Q15055036,Emil Jönsson,bronze
Q917217,Tora Berger,gold
Q917217,Elena Khrustaleva,silver
Q917217,Darya Domracheva,bronze
Q7979967,Aleksandr Kurlovich,gold
Q7979967,Leonid Taranenko,silver
Q7979967,Manfred Nerlinger,bronze
Q7500813,Rajmond Debevec,gold
Q7500813,Juha Hirvi,silver
Q7500813,Harald Stenvaag,bronze
Q1222023,Manuela Di Centa,gold
Q1222023,Marit Wold,silver
Q1222023,Marja-Liisa Kirvesniemi,bronze
Q1221915,Marianne Timmer,gold
Q1221915,Gunda Niemann-Stirnemann,silver
Q1221915,Chris Witty,bronze
Q7656694,Tamás Darnyi,gold
Q7656694,Patrick Kühl,silver
Q7656694,Vadim Yaroshchuk,bronze
Q15056225,Michel Mulder,gold
Q15056225,Jan Smeekens,silver
Q15056225,Ronald Mulder,bronze
Q2308161,David Svoboda,gold
Q2308161,Cao Zhongrong,silver
Q2308161,Ádám Marosi,bronze
Q4786036,Park Sung-soo,gold
Q4786036,Chun In-soo,gold
Q4786036,Lee Han-sup,gold
Q4786036,Jay Barrs,silver
Q4786036,Richard Mc,silver
Q4786036,Kinney,silver
Q4786036,Darrell Pace,silver
Q4786036,Leroy Watson,bronze
Q4786036,Steven Hallard,bronze
Q4786036,Richard Priestman,bronze
Q1198508,Ye Shiwen,gold
Q1198508,Alicia Coutts,silver
Q1198508,Caitlin Leverenz,bronze
Q1005486,André Lange,gold
Q1005486,Kevin Kuske,gold
Q1005486,Thomas Florschütz,silver
Q1005486,Richard Adjei,silver
Q1005486,Alexandr Zubkov,bronze
Q1005486,Alexey Voyevoda,bronze
Q679802,Ramazan Şahin,gold
Q679802,Andriy Stadnik,silver
Q679802,Otar Tushishvili,bronze
Q1426735,Gail Devers,gold
Q1426735,Merlene Ottey,silver
Q1426735,Gwen Torrence,bronze
Q15052025,Vita Semerenko,gold
Q15052025,Juliya Dzhyma,gold
Q15052025,Valentyna Semerenko,gold
Q15052025,Olena Pidhrushna,gold
Q15052025,Fanny Welle-Strand Horn,silver
Q15052025,Tiril Eckhoff,silver
Q15052025,Ann Kristin Aafedt Flatland,silver
Q15052025,Tora Berger,silver
Q15052025,Eva PuskarčíkováGabriela SoukalováJitka LandováVeronika Vítková,bronze
Q1222497,Janica Kostelić,gold
Q1222497,Laure Pequegnot,silver
Q1222497,Anja Pärson,bronze
Q7979984,Tang Lingsheng,gold
Q7979984,Leonidas Sabanis,silver
Q7979984,Nikolaj Pešalov,bronze
Q918076,Jon Montgomery,gold
Q918076,Martins Dukurs,silver
Q918076,Aleksandr Tretyakov,bronze
Q1222232,Anfisa Reztsova,gold
Q1222232,Antje Misersky,silver
Q1222232,Yelena Belova,bronze
Q3499929,Levon Julfalakyan,gold
Q3499929,Kim Sung-moon,silver
Q3499929,Tapio Sipilä,bronze
Q263070,Janica Kostelić,gold
Q263070,Renate Götschl,silver
Q263070,Martina Ertl,bronze
Q7674782,Jung Jae-eun,gold
Q7674782,Tran Hieu Ngan,silver
Q7674782,Hamide Bıkçın Tosun,bronze
Q761318,Shawn Johnson,gold
Q761318,Nastia Liukin,silver
Q761318,Cheng Fei,bronze
Q3400667,Andrea Collinelli,gold
Q3400667,Philippe Ermenault,silver
Q3400667,Bradley Mc,bronze
Q3400667,Gee,bronze
Q15054999,Tina Maze,gold
Q15054999,Anna Fenninger,silver
Q15054999,Viktoria Rebensburg,bronze
Q841622,Serena Williams,gold
Q841622,Venus Williams,gold
Q841622,Andrea Hlaváčková Lucie Hradecká,silver
Q841622,Maria Kirilenko Nadia Petrova,bronze
Q904345,Tia Hellebaut,gold
Q904345,Blanka Vlašić,silver
Q904345,Chaunté Howard,bronze
Q1432202,Yelena Yelesina,gold
Q1432202,Hestrie Cloete,silver
Q1432202,Kajsa Bergqvist,bronze
Q22964447,Kathleen Heddle,gold
Q22964447,Marnie Mc,gold
Q22964447,Bean,gold
Q22964447,Zhang Xiuyun,silver
Q22964447,Cao Mianying,silver
Q22964447,Irene Eijs,bronze
Q22964447,Eeke van Nes,bronze
Q1222127,Catriona Le May Doan,gold
Q1222127,Susan Auch,silver
Q1222127,Tomomi Okazaki,bronze
Q15055004,Mario Matt,gold
Q15055004,Marcel Hirscher,silver
Q15055004,Henrik Kristoffersen,bronze
Q4786041,Juan Holgado,gold
Q4786041,Alfonso Menéndez,gold
Q4786041,Antonio Vázquez,gold
Q4786041,Ismo Falck,silver
Q4786041,Jari Lipponen,silver
Q4786041,Tomi Poikolainen,silver
Q4786041,Steven Hallard,bronze
Q4786041,Richard Priestman,bronze
Q4786041,Simon Terry,bronze
Q975449,Zhang Jun,gold
Q975449,Gao Ling,gold
Q975449,Nathan Robertson,silver
Q975449,Gail Emms,silver
Q975449,Jens Eriksen,bronze
Q975449,Mette Schjoldager,bronze
Q429621,Maria Riesch,gold
Q429621,Marlies Schild,silver
Q429621,Šárka Záhrobská,bronze
Q915092,Anna Bogaliy,gold
Q915092,Svetlana Ishmouratova,gold
Q915092,Olga Zaitseva,gold
Q915092,Albina Akhatova,gold
Q915092,Martina Glagow,silver
Q915092,Andrea Henkel,silver
Q915092,Katrin Apel,silver
Q915092,Kati Wilhelm,silver
Q915092,Delphyne Peretto,bronze
Q915092,Florence Baverel-Robert,bronze
Q915092,Sylvie Becaert,bronze
Q915092,Sandrine Bailly,bronze
Q942805,Li Ting,gold
Q942805,Sun Tiantian,gold
Q942805,Conchita Martínez,silver
Q942805,Virginia Ruano Pascual,silver
Q942805,Paola Suárez,bronze
Q942805,Patricia Tarabini,bronze
Q1221917,Ko Gi-hyun,gold
Q1221917,Choi Eun-kyung,silver
Q1221917,Evgeniya Radanova,bronze
Q2329168,Victoria Pendleton,gold
Q2329168,Guo Shuang,silver
Q2329168,Lee Wai Sze,bronze
Q15056099,Alla Tsuper,gold
Q15056099,Xu Mengtao,silver
Q15056099,Lydia Lassila,bronze
Q7500743,Sorin Babii,gold
Q7500743,Ragnar Skanåker,silver
Q7500743,Igor Basinski,bronze
Q1222187,Galina Kukleva,gold
Q1222187,Uschi Disl,silver
Q1222187,Katrin Apel,bronze
Q1222124,Yang Yang (A),gold
Q1222124,Evgeniya Radanova,silver
Q1222124,Wang Chunlu,bronze
Q2460802,Olaf Tufte,gold
Q2460802,Ondřej Synek,silver
Q2460802,Mahé Drysdale,bronze
Q2358214,Dzhamal Otarsultanov,gold
Q2358214,Vladimer Khinchegashvili,silver
Q2358214,Yang Kyong-il,bronze
Q637365,Dan O'Brien,gold
Q637365,Frank Busemann,silver
Q637365,Tomáš Dvořák,bronze
Q7674793,Luo Wei,gold
Q7674793,Elisavet Mystakidou,silver
Q7674793,Hwang Kyung-seon,bronze
Q22964450,Katrin Rutschow,gold
Q22964450,Jana Sorgers,gold
Q22964450,Kerstin Köppen,gold
Q22964450,Kathrin Boron,gold
Q22964450,Svitlana Maziy,silver
Q22964450,Dina Miftakhutdynova,silver
Q22964450,Inna Frolova,silver
Q22964450,Olena Ronzhyna,silver
Q22964450,Laryssa Biesenthal,bronze
Q22964450,Diane O'Grady,bronze
Q22964450,Kathleen Heddle,bronze
Q22964450,Marnie Mc,bronze
Q22964450,Bean,bronze
Q2521899,Peter Thomsen Dirk Schrade Ingrid Klimke Sandra Auffarth Michael Jung,gold
Q2521899,Nicola Wilson Mary King Zara Phillips Kristina Cook William Fox-Pitt,silver
Q2521899,Jonelle Richards Jonathan Paget Caroline Powell Andrew Nicholson Mark Todd,bronze
Q970610,Tomas Gustafson,gold
Q970610,Michael Hadschieff,silver
Q970610,Leo Visser,bronze
Q6303884,Yuan Hua,gold
Q6303884,Daima Beltrán,silver
Q6303884,Kim Seon-Young,bronze
Q827175,Natalya Baranova-Masalkina,gold
Q827175,Larisa Kurkina,gold
Q827175,Yuliya Chepalova,gold
Q827175,Yevgeniya Medvedeva-Arbuzova,gold
Q827175,Stefanie Böhler,silver
Q827175,Viola Bauer,silver
Q827175,Evi Sachenbacher-Stehle,silver
Q827175,Claudia Künzel,silver
Q827175,Arianna Follis,bronze
Q827175,Gabriella Paruzzi,bronze
Q827175,Antonella Confortola,bronze
Q827175,Sabina Valbusa,bronze
Q7500822,Pia Hansen,gold
Q7500822,Deborah Gelisio,silver
Q7500822,Kim Rhode,bronze
Q3499038,Arsen Fadzaev,gold
Q3499038,Valentin Getsov,silver
Q3499038,Kosei Akaishi,bronze
Q956359,Andrus Veerpalu,gold
Q956359,Frode Estil,silver
Q956359,Jaak Mae,bronze
Q1222186,Myriam Bédard,gold
Q1222186,Svetlana Paramygina,silver
Q1222186,Valentina Tserbe,bronze
Q906117,Giuliano Razzoli,gold
Q906117,Ivica Kostelić,silver
Q906117,André Myhrer,bronze
Q1222259,Silke Kraushaar,gold
Q1222259,Barbara Niedernhuber,silver
Q1222259,Angelika Neuner,bronze
Q955688,Uwe-Jens Mey,gold
Q955688,Jan Ykema,silver
Q955688,Akira Kuroiwa,bronze
Q7656707,Kristin Otto,gold
Q7656707,Zhuang Yong,silver
Q7656707,Catherine Plewinski,bronze
Q1222137,Annie Perreault,gold
Q1222137,Yang Yang (S),silver
Q1222137,Chun Lee-Kyung,bronze
Q7500809,Tanyu Kiryakov,gold
Q7500809,Igor Basinski,silver
Q7500809,Martin Tenk,bronze
Q1222492,Stine Lise Hattestad,gold
Q1222492,Liz Mc,silver
Q1222492,Intyre,silver
Q1222492,Yelizaveta Kozhevnikova,bronze
Q1222654,Lina Cheryazova,gold
Q1222654,Marie Lindgren,silver
Q1222654,Hilde Synnøve Lid,bronze
Q2358254,Ghasem Rezaei,gold
Q2358254,Rustam Totrov,silver
Q2358254,Artur Aleksanyan,bronze
Q922361,Yipsi Moreno,gold
Q922361,Zhang Wenxiu,silver
Q922361,Manuela Montebrun,bronze
Q870651,Fred Børre Lundberg,gold
Q870651,Kenneth Braaten,gold
Q870651,Halldor Skard,gold
Q870651,Bjarte Engen Vik,gold
Q870651,Jari Mantila,silver
Q870651,Hannu Manninen,silver
Q870651,Tapio Nurmela,silver
Q870651,Samppa Lajunen,silver
Q870651,Fabrice Guy,bronze
Q870651,Nicolas Bal,bronze
Q870651,Ludovic Roux,bronze
Q870651,Sylvain Guillaume,bronze
Q25384916,Aleksey Cheremisinov,gold
Q25384916,Artur Akhmatkhuzin,gold
Q25384916,Timur Safin,gold
Q25384916,Jérémy Cadot,silver
Q25384916,Enzo Lefort,silver
Q25384916,Erwan Le Péchoux,silver
Q25384916,Jean-Paul Tony Helissey,silver
Q25384916,Miles Chamley-Watson,bronze
Q25384916,Alexander Massialas,bronze
Q25384916,Gerek Meinhardt,bronze
Q25384916,Race Imboden,bronze
Q6303861,Tadahiro Nomura,gold
Q6303861,Girolamo Giovinazzo,silver
Q6303861,Richard Trautmann,bronze
Q914969,Emma Snowsill,gold
Q914969,Vanessa Fernandes,silver
Q914969,Emma Moffatt,bronze
Q1222101,Uschi Disl,gold
Q1222101,Martina Zellner,gold
Q1222101,Katrin Apel,gold
Q1222101,Petra Behle,gold
Q1222101,Olga Melnik,silver
Q1222101,Galina Kukleva,silver
Q1222101,Albina Akhatova,silver
Q1222101,Olga Romasko,silver
Q1222101,Ann-Elen Skjelbreid,bronze
Q1222101,Annette Sikveland,bronze
Q1222101,Gunn Margit Andreassen,bronze
Q1222101,Liv Grete Skjelbreid,bronze
Q1438466,Jean Galfione,gold
Q1438466,Igor Trandenkov,silver
Q1438466,Andrei Tivontchik,bronze
Q5198393,Félicia Ballanger,gold
Q5198393,Oxana Grichina,silver
Q5198393,Iryna Yanovych,bronze
Q840683,"BLR Victoria Azarenka, Max Mirnyi",gold
Q840683,"GBR Laura Robson, Andy Murray",silver
Q840683,"USA Lisa Raymond, Mike Bryan",bronze
Q632742,Pavel Kolobkov,gold
Q632742,Hugues Obry,silver
Q632742,Lee Sang-ki,bronze
Q1221912,Jacqueline Börner,gold
Q1221912,Gunda Niemann-Kleemann,silver
Q1221912,Seiko Hashimoto,bronze
Q1222549,Tang Bin,gold
Q1222549,Jin Ziwei,gold
Q1222549,Xi Aihua,gold
Q1222549,Zhang Yangyang,gold
Q1222549,Annabel Vernon,silver
Q1222549,Debbie Flood,silver
Q1222549,Frances Houghton,silver
Q1222549,Katherine Grainger,silver
Q1222549,Britta Oppelt,bronze
Q1222549,Manuela Lutze,bronze
Q1222549,Kathrin Boron,bronze
Q1222549,Stephanie Schiller,bronze
Q752428,Rafael Nadal,gold
Q752428,Fernando González,silver
Q752428,Novak Djokovic,bronze
Q7500741,Tanyu Kiryakov,gold
Q7500741,Erich Buljung,silver
Q7500741,Xu Haifeng,bronze
Q1222437,Carole Montillet,gold
Q1222437,Isolde Kostner,silver
Q1222437,Renate Götschl,bronze
Q7656701,Matt Biondi,gold
Q7656701,Tom Jager,silver
Q7656701,Gennadiy Prigoda,bronze
Q3499009,David Gobejishvili,gold
Q3499009,Bruce Baumgartner,silver
Q3499009,Andreas Schröder,bronze
Q1005036,Michael Phelps,gold
Q1005036,László Cseh,silver
Q1005036,Takeshi Matsuda,bronze
Q15055029,Alexander Legkov,gold
Q15055029,Maxim Vylegzhanin,silver
Q15055029,Ilia Chernousov,bronze
Q3001452,Olaf Ludwig,gold
Q3001452,Bernd Gröne,silver
Q3001452,Christian Henn,bronze
Q7500830,Ralf Schumann,gold
Q7500830,Sergei Polyakov,silver
Q7500830,Sergei Alifirenko,bronze
Q15055018,Justyna Kowalczyk,gold
Q15055018,Charlotte Kalla,silver
Q15055018,Therese Johaug,bronze
Q910720,Bode Miller,gold
Q910720,Ivica Kostelić,silver
Q910720,Silvan Zurbriggen,bronze
Q962650,Charlotte Dujardin,gold
Q962650,Adelinde Cornelissen,silver
Q962650,Laura Bechtolsheimer,bronze
Q7500802,Aleksandra Ivošev,gold
Q7500802,Irina Gerasimenok,silver
Q7500802,Renata Mauer,bronze
Q526793,Yvonne van Gennip,gold
Q526793,Karin Kania,silver
Q526793,Andrea Ehrig,bronze
Q31843483,Ludger Beerbaum,gold
Q31843483,Wolfgang Brinkmann,gold
Q31843483,Dirk Hafemeister,gold
Q31843483,Franke Sloothaak,gold
Q31843483,Greg Best,silver
Q31843483,Lisa Ann Jacquin,silver
Q31843483,Anne Kursinski,silver
Q31843483,Joseph Fargis,silver
Q31843483,Hubert Bourdy,bronze
Q31843483,Frédéric Cottier,bronze
Q31843483,Michel Robert,bronze
Q31843483,Pierre Durand Jr.,bronze
Q1222018,Stefania Belmondo,gold
Q1222018,Lyubov Yegorova,silver
Q1222018,Yelena Välbe,bronze
Q7400345,Gal Fridman,gold
Q7400345,Nikolaos Kaklamanakis,silver
Q7400345,Nick Dempsey,bronze
Q940196,Pang Wei,gold
Q940196,Jin Jong-oh,silver
Q940196,Jason Turner,bronze
Q7500810,Sergei Alifirenko,gold
Q7500810,Michel Ansermet,silver
Q7500810,Iulian Raicea,bronze
Q4903025,Elena Berezhnayaand Anton Sikharulidze,gold
Q4903025,Shen Xueand Zhao Hongbo,bronze
Q30680431,Nicole Uphoff,gold
Q30680431,Isabell Werth,silver
Q30680431,Klaus Balkenhol,bronze
Q7400325,Theresa Zabell Begoña Vía Dufresne,gold
Q7400325,Yumiko Shige Alicia Kinoshita,silver
Q7400325,Ruslana Taran Olena Pakholchik,bronze
Q746397,Philipp Schoch,gold
Q746397,Simon Schoch,silver
Q746397,Siegfried Grabner,bronze
Q1426854,Vebjørn Rodal,gold
Q1426854,Hezekiél Sepeng,silver
Q1426854,Fred Onyancha,bronze
Q7400340,Siren Sundby,gold
Q7400340,Lenka Šmídová,silver
Q7400340,Signe Livbjerg,bronze
Q848641,Felix Loch,gold
Q848641,David Möller,silver
Q848641,Armin Zoeggeler,bronze
Q829370,Serena Williams,gold
Q829370,Maria Sharapova,silver
Q829370,Victoria Azarenka,bronze
Q635603,Claudia Pechstein,gold
Q635603,Gretha Smit,silver
Q635603,Clara Hughes,bronze
Q3499066,Han Myung-woo,gold
Q3499066,Necmi Gençalp,silver
Q3499066,Jozef Lohyňa,bronze
Q782385,Tatiana Navka / Roman Kostomarov,gold
Q782385,Tanith Belbin / Benjamin Agosto,silver
Q782385,Elena Grushina / Ruslan Goncharov,bronze
Q7500832,Matthew Emmons,gold
Q7500832,Christian Lusch,silver
Q7500832,Sergei Martynov,bronze
Q1222251,Doris Neuner,gold
Q1222251,Angelika Neuner,silver
Q1222251,Susi Erdmann,bronze
Q6303859,Udo Quellmalz,gold
Q6303859,Yukimasa Nakamura,silver
Q6303859,Israel Hernández,bronze
Q2558792,Yin Jian,gold
Q2558792,Alessandra Sensini,silver
Q2558792,Bryony Shaw,bronze
Q18728,CAN,gold
Q18728,NOR,silver
Q18728,SUI,bronze
Q736527,Guo Wenjun,gold
Q736527,Natalia Paderina,silver
Q736527,Nino Salukvadze,bronze
Q24906792,Kristin Armstrong,gold
Q24906792,Olga Zabelinskaya,silver
Q24906792,Anna van der Breggen,bronze
Q7400344,Paul Foerster Kevin Burnham,gold
Q7400344,Nick Rogers Joe Glanfield,silver
Q7400344,Kazuto Seki Kenjiro Todoroki,bronze
Q3390067,Halil Mutlu,gold
Q3390067,Zhang Xiangsen,silver
Q3390067,Sevdalin Minchev,bronze
Q22964444,Greg Searle,gold
Q22964444,Jonny Searle,gold
Q22964444,Garry Herbert (cox),gold
Q22964444,Carmine Abbagnale,silver
Q22964444,Giuseppe Abbagnale,silver
Q22964444,Giuseppe Di Capua (cox),silver
Q22964444,Dimitrie Popescu,bronze
Q22964444,Nicolae Țaga,bronze
Q22964444,Dumitru Răducanu (cox),bronze
Q4951843,Yermakhan Ibraimov,gold
Q4951843,Marian Simion,silver
Q4951843,Pornchai Thongburan,bronze
Q1005262,Buvaisar Saitiev,gold
Q1005262,Murad Gaidarov,silver
Q1005262,Gheorghiță Ștefan,bronze
Q2269694,Kristina Vogel,gold
Q2269694,Miriam Welte,gold
Q2269694,Gong Jinjie,silver
Q2269694,Guo Shuang,silver
Q2269694,Kaarle Mc,bronze
Q2269694,Culloch,bronze
Q2269694,Anna Meares,bronze
Q30680433,Nicole Uphoff,gold
Q30680433,Margit Otto-Crépin,silver
Q30680433,Christine Stückelberger,bronze
Q2410252,Ben Ainslie,gold
Q2410252,Jonas Høgh-Christensen,silver
Q2410252,Jonathan Lobert,bronze
Q847592,Yelena Isinbayeva,gold
Q847592,Jennifer Stuczynski,silver
Q847592,Svetlana Feofanova,bronze
Q1222641,Sigrid Wolf,gold
Q1222641,Michela Figini,silver
Q1222641,Karen Percy,bronze
Q2269716,Rebecca Soni,gold
Q2269716,Satomi Suzuki,silver
Q2269716,Yuliya Yefimova,bronze
Q2634499,Kenenisa Bekele,gold
Q2634499,Sileshi Sihine,silver
Q2634499,Zersenay Tadese,bronze
Q905715,Viktoria Rebensburg,gold
Q905715,Tina Maze,silver
Q905715,Elisabeth Görgl,bronze
Q936622,Ivano Brugnetti,gold
Q936622,Paquillo Fernández,silver
Q936622,Nathan Deakes,bronze
Q7400317,Kristine Roug,gold
Q7400317,Margriet Matthijsse,silver
Q7400317,Courtenay Becker-Dey,bronze
Q7400350,Shirley Robertson,gold
Q7400350,Sarah Webb,gold
Q7400350,Sarah Ayton,gold
Q7400350,Ruslana Taran,silver
Q7400350,Ganna Kalinina,silver
Q7400350,Svitlana Matevusheva,silver
Q7400350,Dorte Jensen,bronze
Q7400350,Helle Jespersen,bronze
Q7400350,Christina Otzen,bronze
Q15052022,Darya Domracheva,gold
Q15052022,Gabriela Soukalová,silver
Q15052022,Tiril Eckhoff,bronze
Q1426826,Erki Nool,gold
Q1426826,Roman Šebrle,silver
Q1426826,Chris Huffins,bronze
Q919242,Lisa Carrington,gold
Q919242,Inna Osypenko,silver
Q919242,Nataša Dušev-Janić,bronze
Q901754,Marc Rosset,gold
Q901754,Jordi Arrese,silver
Q901754,Goran Ivanišević,bronze
Q853040,Shelly-Ann Fraser,gold
Q853040,Sherone Simpson,silver
Q1222257,Gerda Weissensteiner,gold
Q1222257,Susi Erdmann,silver
Q1222257,Andrea Tagwerker,bronze
Q919388,Danuta Kozák,gold
Q919388,Inna Osypenko,silver
Q919388,Bridgette Hartley,bronze
Q15056224,Lee Sang-hwa,gold
Q15056224,Olga Fatkulina,silver
Q15056224,Margot Boer,bronze
Q1005237,Islambek Albiev,gold
Q1005237,Nurbakyt Tengizbayev,silver
Q1005237,Ruslan Tyumenbayev,bronze
Q15055037,Ida Ingemarsdotter,gold
Q15055037,Emma Wikén,gold
Q15055037,Anna Haag,gold
Q15055037,Charlotte Kalla,gold
Q15055037,Anne Kyllönen,silver
Q15055037,Aino-Kaisa Saarinen,silver
Q15055037,Kerttu Niskanen,silver
Q15055037,Krista Lähteenmäki,silver
Q15055037,Nicole Fessel,bronze
Q15055037,Stefanie Böhler,bronze
Q15055037,Claudia Nystad,bronze
Q15055037,Denise Herrmann,bronze
Q7500798,Olga Klochneva,gold
Q7500798,Marina Logvinenko,silver
Q7500798,Mariya Grozdeva,bronze
Q901122,Jennifer Capriati,gold
Q901122,Steffi Graf,silver
Q901122,Mary Joe Fernández,bronze
Q2303578,Hwang Kyung-Seon,gold
Q2303578,Nur Tatar,silver
Q2303578,Paige Mc,bronze
Q2303578,Pherson,bronze
Q1222203,Anita Wachter,gold
Q1222203,Brigitte Oertli,silver
Q1222203,Maria Walliser,bronze
Q853023,Valeriy Borchin,gold
Q853023,Jefferson Perez,silver
Q853023,Jared Tallent,bronze
Q4786038,Kim Soo-nyung,gold
Q4786038,Wang Hee-kyung,gold
Q4786038,Yun Young-sook,gold
Q4786038,Lilies Handayani,silver
Q4786038,Nurfitriyana Saiman,silver
Q4786038,Kusuma Wardhani,silver
Q4786038,Deborah Ochs,bronze
Q4786038,Denise Parker,bronze
Q4786038,Melanie Skillman,bronze
Q15055081,Iouri Podladtchikov,gold
Q15055081,Ayumu Hirano,silver
Q15055081,Taku Hiraoka,bronze
Q7674779,Steven López,gold
Q7674779,Sin Joon-Sik,silver
Q7674779,Hadi Saei,bronze
Q2451718,Li Xiaoxia,gold
Q2451718,Ding Ning,silver
Q2451718,Feng Tianwei,bronze
Q7656727,Kristin Otto,gold
Q7656727,Yang Wenyi,silver
Q7656727,Katrin Meissner,bronze
Q25396733,Hoàng Xuân Vinh,gold
Q25396733,Felipe Almeida Wu,silver
Q25396733,Pang Wei,bronze
Q1005660,Cha Dong-Min,gold
Q1005660,Alexandros Nikolaidis,silver
Q1005660,Chika Chukwumerije,bronze
Q7500799,Renata Mauer,gold
Q7500799,Petra Horneber,silver
Q7500799,Aleksandra Ivošev,bronze
Q916724,Petter Northug,gold
Q916724,Axel Teichmann,silver
Q916724,Johan Olsson,bronze
Q1001497,Ben Ainslie,gold
Q1001497,Zach Railey,silver
Q1001497,Guillaume Florent,bronze
Q2268100,Vincent Hancock,gold
Q2268100,Anders Golding,silver
Q2268100,Nasser Al-Attiyah,bronze
Q1005434,Ed Mc,gold
Q1005434,Keever,gold
Q1005434,Saúl Craviotto,silver
Q1005434,Mark de Jonge,bronze
Q917743,Benjamin Raich,gold
Q917743,Reinfried Herbst,silver
Q917743,Rainer Schönfelder,bronze
Q15055079,Kaitlyn Farrington,gold
Q15055079,Torah Bright,silver
Q15055079,Kelly Clark,bronze
Q1360804,Zhang Juanjuan,gold
Q1360804,Park Sung-hyun,silver
Q1360804,Yun Ok-Hee,bronze
Q1222176,Kati Wilhelm,gold
Q1222176,Uschi Disl,silver
Q1222176,Magdalena Forsberg,bronze
Q2723756,Meseret Defar,gold
Q2723756,Isabella Ochichi,silver
Q2723756,Tirunesh Dibaba,bronze
Q963453,"Amanda Borden, Amy Chow, Dominique Dawes, Shannon",gold
Q963453,"Miller, Dominique Moceanu,Jaycie Phelps, and Kerri Strug",gold
Q963453,"Elena Dolgopolova, Rozalia Galiyeva, Elena Grosheva,Svetlana Khorkina, Dina Kochetkova, Yevgeniya Kuznetsova, and Oksana Lyapina",silver
Q963453,"Simona Amânar, Gina Gogean, Ionela Loaieș, Alexandra",bronze
Q963453,"Marinescu, Lavinia Miloșovici,and Mirela Țugurlan",bronze
Q1222165,Marjut Lukkarinen,gold
Q1222165,Lyubov Yegorova,silver
Q1222165,Yelena Välbe,bronze
Q2390636,Yuriy Cheban,gold
Q2390636,Ivan Shtyl,silver
Q2390636,Alfonso Benavides,bronze
Q767959,Jake Varner,gold
Q767959,Valeriy Andriytsev,silver
Q767959,Giorgi Gogshelidze,bronze
Q683164,Michael Phelps,gold
Q683164,László Cseh,silver
Q683164,Ryan Lochte,bronze
Q2380135,Christine Girard,gold
Q2380135,Milka Maneva,silver
Q2380135,Luz Acosta,bronze
Q339188,Bonnie Blair,gold
Q339188,Ye Qiaobo,silver
Q339188,Christa Luding-R.,bronze
Q3499941,Kamandar Madzhidov,gold
Q3499941,Zhivko Vangelov,silver
Q3499941,An Dae-hyun,bronze
Q241789,Hsu Shu-ching,gold
Q241789,Citra Febrianti,silver
Q241789,Iulia Paratova,bronze
Q1222108,Claudia Pechstein,gold
Q1222108,Gunda Niemann-Stirnemann,silver
Q1222108,Lyudmila Prokasheva,bronze
Q7656716,Kathleen Nord,gold
Q7656716,Birte Weigang,silver
Q7656716,Mary T. Meagher,bronze
Q15055001,Ted Ligety,gold
Q15055001,Steve Missillier,silver
Q15055001,Alexis Pinturault,bronze
Q947678,Olga Kaniskina,gold
Q947678,Kjersti Plätzer,silver
Q947678,Elisa Rigaudo,bronze
Q1005606,Abhinav Bindra,gold
Q1005606,Zhu Qinan,silver
Q1005606,Henri Häkkinen,bronze
Q7656720,Janet Evans,gold
Q7656720,Heike Friedrich,silver
Q7656720,Anke Möhring,bronze
Q782722,Nathan Outteridge,gold
Q782722,Iain Jensen,gold
Q782722,Peter Burling,silver
Q782722,Blair Tuke,silver
Q782722,Allan Nørregaard,bronze
Q782722,Peter Lang,bronze
Q3498614,John Smith,gold
Q3498614,Askari Mohammadian,silver
Q3498614,Lázaro Reinoso,bronze
Q275887,Miguel Induráin,gold
Q275887,Abraham Olano,silver
Q275887,Chris Boardman,bronze
Q15021060,Martin Fourcade,gold
Q15021060,Erik Lesser,silver
Q15021060,Evgeniy Garanichev,bronze
Q7656713,Krisztina Egerszegi,gold
Q7656713,Kathrin Zimmermann,silver
Q7656713,Cornelia Sirch,bronze
Q1221812,Chun Lee-kyung,gold
Q1221812,Yang Yang (S),silver
Q1221812,Won Hye-kyung,bronze
Q6303882,Mark Huizinga,gold
Q6303882,Carlos Honorato,silver
Q6303882,Frédéric Demontfaucon,bronze
Q220386,Marit Bjørgen,gold
Q220386,Anna Haag,silver
Q220386,Justyna Kowalczyk,bronze
Q938791,Lee Jung-su,gold
Q938791,Lee Ho-suk,silver
Q938791,Apolo Anton Ohno,bronze
Q1005363,Chris Hoy,gold
Q1005363,Jason Kenny,silver
Q1005363,Mickaël Bourgain,bronze
Q7400316,Mateusz Kusznierewicz,gold
Q7400316,Sébastien Godefroid,silver
Q7400316,Roy Heiner,bronze
Q1005614,Juan Curuchet,gold
Q1005614,Walter Pérez,gold
Q1005614,Joan Llaneras,silver
Q1005614,Antonio Tauler,silver
Q1005614,Mikhail Ignatiev,bronze
Q1005614,Alexei Markov,bronze
Q7500834,Andrea Benelli,gold
Q7500834,Marko Kemppainen,silver
Q7500834,Juan Miguel Rodríguez,bronze
Q927660,Andre Agassi,gold
Q927660,Sergi Bruguera,silver
Q927660,Leander Paes,bronze
Q629871,Georg Hettich,gold
Q629871,Felix Gottwald,silver
Q629871,Magnus Moan,bronze
Q848278,Valerie Vili,gold
Q848278,Misleydis González,silver
Q848278,Gong Lijiao,bronze
Q916711,Øystein Pettersen,gold
Q916711,Petter Northug,gold
Q916711,Tim Tscharnke,silver
Q916711,Axel Teichmann,silver
Q916711,Nikolay Morilov,bronze
Q916711,Alexey Petukhov,bronze
Q2196657,Adrian Zieliński,gold
Q2196657,Kianoush Rostami,silver
Q2196657,Tarek Yehia,bronze
Q15056222,Zbigniew Bródka,gold
Q15056222,Koen Verweij,silver
Q15056222,Denny Morrison,bronze
Q1222134,Cathy Turner,gold
Q1222134,Li Yan,silver
Q1222134,Hwang Ok-sil,bronze
Q1346374,Qiu Jian,gold
Q1346374,Jury Sukhorukov,silver
Q1346374,Rajmond Debevec,bronze
Q903439,Steven Hooker,gold
Q903439,Yevgeny Lukyanenko,silver
Q903439,Derek Miles,bronze
Q25455359,Marcus Walz,gold
Q25455359,Josef Dostál,silver
Q25455359,Roman Anoshkin,bronze
Q905555,Dániel Gyurta,gold
Q905555,Michael Jamieson,silver
Q905555,Ryo Tateishi,bronze
Q727488,Fabian Cancellara,gold
Q727488,Gustav Larsson,silver
Q727488,Levi Leipheimer,bronze
Q1222209,Petra Kronberger,gold
Q1222209,Anita Wachter,silver
Q1222209,Florence Masnada,bronze
Q2353509,Jessica Rossi,gold
Q2353509,Zuzana Štefečeková,silver
Q2353509,Delphine Reau,bronze
Q15052019,Darya Domracheva,gold
Q15052019,Selina Gasparin,silver
Q15052019,Nadezhda Skardino,bronze
Q531844,Felix Gottwald,gold
Q531844,Magnus Moan,silver
Q531844,Georg Hettich,bronze
Q1004896,Andrei Aramnau,gold
Q1004896,Dmitry Klokov,silver
Q1004896,Marcin Dołęga,bronze
Q1222646,Picabo Street,gold
Q1222646,Michaela Dorfmeister,silver
Q1222646,Alexandra Meissnitzer,bronze
Q916771,Martina Sáblíková,gold
Q916771,Stephanie Beckert,silver
Q916771,Clara Hughes,bronze
Q276040,Zulfiya Zabirova,gold
Q276040,Jeannie Longo-Ciprelli,silver
Q276040,Clara Hughes,bronze
Q905659,Emil Hegle Svendsen,gold
Q905659,Ole Einar Bjørndalen,silver
Q1222066,Manuela Henkel,gold
Q1222066,Viola Bauer,gold
Q1222066,Claudia Künzel,gold
Q1222066,Evi Sachenbacher,gold
Q1222066,Marit Bjørgen,silver
Q1222066,Bente Skari,silver
Q1222066,Hilde G. Pedersen,silver
Q1222066,Anita Moen,silver
Q1222066,Andrea Huber,bronze
Q1222066,Laurence Rochat,bronze
Q1222066,Brigitte Albrecht-Loretan,bronze
Q1222066,Natascia Leonardi Cortesi,bronze
Q7979973,Naim Süleymanoğlu,gold
Q7979973,Nikolaj Pešalov,silver
Q7979973,He Yingqiang,bronze
Q25386262,Park Sang-young,gold
Q25386262,Géza Imre,silver
Q25386262,Gauthier Grumier,bronze
Q31843481,Mark Todd,gold
Q31843481,Ian Stark,silver
Q31843481,Virginia Leng,bronze
Q7500753,Irina Shilova,gold
Q7500753,Silvia Sperber,silver
Q7500753,Anna Maloukhina,bronze
Q938779,Wang Meng,gold
Q938779,Marianne St-Gelais,silver
Q938779,Arianna Fontana,bronze
Q7400318,Robert Scheidt,gold
Q7400318,Ben Ainslie,silver
Q7400318,Peer Moberg,bronze
Q7656726,Janet Evans,gold
Q7656726,Astrid Strauss,silver
Q7656726,Julie Mc,bronze
Q7656726,Donald,bronze
Q3498949,Mehmet Akif Pirim,gold
Q3498949,Sergey Martynov,silver
Q3498949,Juan Marén,bronze
Q1426670,Jan Železný,gold
Q1426670,Steve Backley,silver
Q1426670,Seppo Räty,bronze
Q1433072,Virgilijus Alekna,gold
Q1433072,Zoltán Kővágó,silver
Q1433072,Aleksander Tammert,bronze
Q280553,Ole Einar Bjørndalen,gold
Q280553,Raphaël Poirée,silver
Q280553,Ricco Groß,bronze
Q15052014,Erik Lesser,gold
Q15052014,Daniel Böhm,gold
Q15052014,Arnd Peiffer,gold
Q15052014,Simon Schempp,gold
Q15052014,Christoph Sumann,silver
Q15052014,Daniel Mesotitsch,silver
Q15052014,Simon Eder,silver
Q15052014,Dominik Landertinger,silver
Q15052014,Tarjei BøJohannes Thingnes BøOle Einar Bjørndalen,bronze
Q15052014,Emil Hegle Svendsen,bronze
Q7500838,Mariya Grozdeva,gold
Q7500838,Lenka Hyková,silver
Q7500838,Irada Ashumova,bronze
Q1432033,Stacy Dragila,gold
Q1432033,Tatiana Grigorieva,silver
Q1432033,Vala Flosadóttir,bronze
Q7500750,Dmitry Monakov,gold
Q7500750,Miloslav Bednařík,silver
Q7500750,Frans Peeters,bronze
Q850209,Apolo Ohno,gold
Q850209,François-Louis Tremblay,silver
Q850209,Ahn Hyun-soo,bronze
Q7500804,Kim Rhode,gold
Q7500804,Susanne Kiermayer,silver
Q7500804,Deserie Huddleston,bronze
Q7400335,Roman Hagara Hans Peter Steinacher,gold
Q7400335,Darren Bundock John Forbes,silver
Q7400335,Roland Gaebler Rene Schwall,bronze
Q7674778,Ángel Matos,gold
Q7674778,Faissal Ebnoutalib,silver
Q7674778,Víctor Estrada,bronze
Q917760,Michaela Dorfmeister,gold
Q917760,Janica Kostelić,silver
Q917760,Alexandra Meissnitzer,bronze
Q7400322,Jochen Schümann Thomas Flach Bernd Jäkel,gold
Q7400322,Georgy Shayduko Dmitri Shabanov Igor Skalin,silver
Q7400322,Jeff Madrigali Jim Barton Kent Massey,bronze
Q15055011,Anna Fenninger,gold
Q15055011,Maria Höfl-Riesch,silver
Q15055011,Nicole Hosp,bronze
Q750803,Janne Lahtela,gold
Q750803,Travis Mayer,silver
Q750803,Richard Gay,bronze
Q942846,Marie-José Pérec,gold
Q942846,Cathy Freeman,silver
Q942846,Falilat Ogunkoya,bronze
Q7674788,Moon Dae-Sung,gold
Q7674788,Alexandros Nikolaidis,silver
Q7674788,Pascal Gentil,bronze
Q4951837,Guillermo Rigondeaux,gold
Q4951837,Raimkul Malakhbekov,silver
Q4951837,Serhiy Danylchenko,bronze
Q1202903,Viktor Ruban,gold
Q1202903,Park Kyung-Mo,silver
Q1202903,Bair Badënov,bronze
Q4786045,Cho Youn-Jeong,gold
Q4786045,Kim Soo-Nyung,gold
Q4786045,Lee Eun-Kyung,gold
Q4786045,Ma Xiangjun,silver
Q4786045,Wang Hong,silver
Q4786045,Wang Xiaozhu,silver
Q4786045,Natalia Valeeva,bronze
Q4786045,Khatouna Kvrivichvili,bronze
Q4786045,Lyudmila Arzhanikova,bronze
Q850196,Jennifer Heil,gold
Q850196,Kari Traa,silver
Q850196,Sandra Laoura,bronze
Q15055087,Vic Wild,gold
Q15055087,Žan Košir,silver
Q15055087,Benjamin Karl,bronze
Q302701,Shizuka Arakawa,gold
Q302701,Sasha Cohen,silver
Q302701,Irina Slutskaya,bronze
Q7979969,Ronny Weller,gold
Q7979969,Artur Akoyev,silver
Q7979969,Stefan Botev,bronze
Q776835,Svetlana Sleptsova,gold
Q776835,Anna Bogaliy-Titovets,gold
Q776835,Olga Medvedtseva,gold
Q776835,Olga Zaytseva,gold
Q776835,Marie-Laure Brunet,silver
Q776835,Sylvie Becaert,silver
Q776835,Marie Dorin,silver
Q776835,Sandrine Bailly,silver
Q776835,Kati Wilhelm,bronze
Q776835,Simone Hauswald,bronze
Q776835,Martina Beck,bronze
Q776835,Andrea Henkel,bronze
Q6303889,Tang Lin,gold
Q6303889,Céline Lebrun,silver
Q6303889,Simona Richter,bronze
Q7500807,Yang Ling,gold
Q7500807,Oleg Moldovan,silver
Q7500807,Niu Zhiyuan,bronze
Q4951842,Aleksandr Lebziak,gold
Q4951842,Rudolf Kraj,silver
Q4951842,Andriy Fedchuk,bronze
Q1339098,Carlo Molfetta,gold
Q1339098,Anthony Obame,silver
Q1339098,Robelis Despaigne,bronze
Q946243,Simon Ammann,gold
Q946243,Adam Małysz,silver
Q946243,Matti Hautamäki,bronze
Q7500814,Richard Faulds,gold
Q7500814,Russell Mark,silver
Q7500814,Fehaid Al Deehani,bronze
Q843860,Magdalena Neuner,gold
Q843860,Anastasiya Kuzmina,silver
Q843860,Marie-Laure Brunet,bronze
Q220866,Serena Williams,gold
Q220866,Venus Williams,gold
Q220866,Anabel Medina Garrigues,silver
Q220866,Virginia Ruano Pascual,silver
Q220866,Yan Zi,bronze
Q220866,Zheng Jie,bronze
Q1222238,Sylke Otto,gold
Q1222238,Barbara Niedernhuber,silver
Q1222238,Silke Kraushaar,bronze
Q830711,Kenenisa Bekele,gold
Q830711,Sileshi Sihine,silver
Q830711,Micah Kogo,bronze
Q25384919,Yekaterina Dyachenko,gold
Q25384919,Yuliya Gavrilova,gold
Q25384919,Yana Egorian,gold
Q25384919,Sofya Velikaya,gold
Q25384919,Olha Kharlan,silver
Q25384919,Alina Komashchuk,silver
Q25384919,Olena Kravatska,silver
Q25384919,Olena Voronina,silver
Q25384919,Monica Aksamit,bronze
Q25384919,Ibtihaj Muhammad,bronze
Q25384919,Dagmara Wozniak,bronze
Q25384919,Mariel Zagunis,bronze
Q1426809,Trine Hattestad,gold
Q1426809,Mirela Manjani-Tzelili,silver
Q1426809,Osleidys Menéndez,bronze
Q905561,Hannah Kearney,gold
Q905561,Jennifer Heil,silver
Q905561,Shannon Bahrke,bronze
Q3499898,Mitsuru Sato,gold
Q3499898,Šaban Trstena,silver
Q3499898,Vladimir Toguzov,bronze
Q4471528,Phil Dalhausser,gold
Q4471528,Todd Rogers,gold
Q4471528,Márcio Araújo,silver
Q4471528,Fabio Luiz Magalhães,silver
Q4471528,Ricardo Santos,bronze
Q4471528,Emanuel Rego,bronze
Q853049,Tirunesh Dibaba,gold
Q853049,Shalane Flanagan,silver
Q853049,Linet Masai,bronze
Q2362858,Mariana Pajón,gold
Q2362858,Sarah Walker,silver
Q2362858,Laura Smulders,bronze
Q784131,Stephanie Rice,gold
Q784131,Kirsty Coventry,silver
Q784131,Natalie Coughlin,bronze
Q1202770,Bradley Wiggins,gold
Q1202770,Hayden Roulston,silver
Q1202770,Steven Burke,bronze
Q7400332,Alessandra Sensini,gold
Q7400332,Amelie Lux,silver
Q7400332,Barbara Kendall,bronze
Q853072,Kenenisa Bekele,gold
Q853072,Eliud Kipchoge,silver
Q853072,Edwin Cheruiyot Soi,bronze
Q1222080,Svetlana Nageykina,gold
Q1222080,Nina Gavrylyuk,gold
Q1222080,Tamara Tikhonova,gold
Q1222080,Anfisa Reztsova,gold
Q1222080,Trude Dybendahl,silver
Q1222080,Marit Wold,silver
Q1222080,Anne Jahren,silver
Q1222080,Marianne Dahlmo,silver
Q1222080,Pirkko MäättäMarja-Liisa Kirvesniemi,bronze
Q1222080,Marjo Matikainen,bronze
Q1222080,Jaana Savolainen,bronze
Q1004892,Kosuke Kitajima,gold
Q1004892,Alexander Dale Oen,silver
Q1004892,Hugues Duboscq,bronze
Q1005294,Aslanbek Khushtov,gold
Q1005294,Mirko Englich,silver
Q1005294,Adam Wheeler,bronze
Q1222173,Lyubov Yegorova,gold
Q1222173,Manuela Di Centa,silver
Q1222173,Marja-Liisa Kirvesniemi,bronze
Q4951841,Brahim Asloum,gold
Q4951841,Rafael Lozano,silver
Q4951841,Maikro Romero,bronze
Q1222255,Steffi Walter-Martin,gold
Q1222255,Ute Oberhoffner-Weiß,silver
Q1222255,Cerstin Schmidt,bronze
Q962842,Satu Mäkelä-Nummela,gold
Q962842,Zuzana Štefečeková,silver
Q962842,Corey Cogdell,bronze
Q977229,Kerri Walsh Jennings,gold
Q977229,Misty May-Treanor,gold
Q977229,Tian Jia,silver
Q977229,Wang Jie,silver
Q977229,Xue Chen,bronze
Q977229,Zhang Xi,bronze
Q1222483,Kari Traa,gold
Q1222483,Shannon Bahrke,silver
Q1222483,Tae Satoya,bronze
Q963481,Lilia Podkopayeva,gold
Q963481,Gina Gogean,silver
Q963481,Simona Amânar,bronze
Q1221867,Olga Pyleva,gold
Q1221867,Kati Wilhelm,silver
Q1221867,Irina Nikulchina,bronze
Q5198382,José Manuel Moreno,gold
Q5198382,Shane Kelly,silver
Q5198382,Erin Hartwell,bronze
Q7656719,Daniela Hunger,gold
Q7656719,Yelena Dendeberova,silver
Q7656719,Noemi Lung,bronze
Q1222287,Yuliya Chepalova,gold
Q1222287,Evi Sachenbacher,silver
Q1222287,Anita Moen,bronze
Q7400349,Faustine Merret,gold
Q7400349,Yin Jian,silver
Q7400349,Alessandra Sensini,bronze
Q532360,Johann Olav Koss,gold
Q532360,Kjell Storelid,silver
Q532360,Rintje Ritsma,bronze
Q826846,Anni Friesinger,gold
Q826846,Sabine Völker,silver
Q826846,Jennifer Rodriguez,bronze
Q15055072,Eva Samková,gold
Q15055072,Dominique Maltais,silver
Q15055072,Chloé Trespeuch,bronze
Q766954,Angelo Taylor,gold
Q766954,Kerron Clement,silver
Q766954,Bershawn Jackson,bronze
Q527985,Tereza Marinova,gold
Q527985,Tatyana Lebedeva,silver
Q527985,Olena Hovorova,bronze
Q4951845,Mario Kindelán,gold
Q4951845,Andriy Kotelnyk,silver
Q4951845,Cristián Bejarano,bronze
Q1005040,Michael Phelps,gold
Q1005040,László Cseh,silver
Q1005040,Ryan Lochte,bronze
Q757054,Roger Federer,gold
Q757054,Stan Wawrinka,gold
Q757054,Simon Aspelin,silver
Q757054,Thomas Johansson,silver
Q757054,Bob Bryan,bronze
Q757054,Mike Bryan,bronze
Q1005230,Henry Cejudo,gold
Q1005230,Tomohiro Matsunaga,silver
Q1005230,Radoslav Velikov,bronze
Q2521952,Hitomi Obara,gold
Q2521952,Mariya Stadnik,silver
Q2521952,Carol Huynh,bronze
Q7979975,Tudor Casapu,gold
Q7979975,Pablo Lara,silver
Q7979975,Kim Myong-nam,bronze
Q28402472,Yuko Emoto,gold
Q28402472,Gella Vandecaveye,silver
Q28402472,Jenny Gal,bronze
Q754844,Usain Bolt,gold
Q754844,Richard Thompson,silver
Q754844,Walter Dix,bronze
Q7674780,Chen Zhong,gold
Q7674780,Natalia Ivanova,silver
Q7674780,Dominique Bosshart,bronze
Q934172,Sebastián Crismanich,gold
Q934172,Nicolás García,silver
Q934172,Lutalo Muhammad,bronze
Q1360866,Park Sung-hyun,gold
Q1360866,Yun Ok-Hee,gold
Q1360866,Joo Hyun-Jung,gold
Q1360866,Chen Ling,silver
Q1360866,Guo Dan,silver
Q1360866,Zhang Juanjuan,silver
Q1360866,Bérengère Schuh,bronze
Q1360866,Sophie Dodemont,bronze
Q1360866,Virginie Arnold,bronze
Q848689,Marcus Hellner,gold
Q848689,Tobias Angerer,silver
Q848689,Johan Olsson,bronze
Q15055085,Julia Dujmovits,gold
Q15055085,Anke Karstens,silver
Q15055085,Amelie Kober,bronze
Q1222526,Petra Kronberger,gold
Q1222526,Annelise Coberger,silver
Q1222526,Blanca Fernández Ochoa,bronze
Q15055980,Oskars Melbārdis,gold
Q15055980,Arvis Vilkaste,gold
Q15055980,Daumants Dreiškens,gold
Q15055980,Jānis Strenga,gold
Q15055980,Steven Holcomb,silver
Q15055980,Steven Langton,silver
Q15055980,Curtis Tomasevicz,silver
Q15055980,Christopher Fogt,silver
Q15055980,John James Jackson,bronze
Q15055980,Bruce Tasker,bronze
Q15055980,Stuart Benson,bronze
Q15055980,Joel Fearon,bronze
Q3498926,Bruce Baumgartner,gold
Q3498926,Jeff Thue,silver
Q3498926,David Gobejishvili,bronze
Q972253,Jade Jones,gold
Q972253,Hou Yuzhuo,silver
Q972253,Marlène Harnois,bronze
Q647742,Mihai Covaliu,gold
Q647742,Mathieu Gourdain,silver
Q647742,Wiradech Kothny,bronze
Q15055031,Marit Bjørgen,gold
Q15055031,Charlotte Kalla,silver
Q15055031,Heidi Weng,bronze
Q1005298,Māris Štrombergs,gold
Q1005298,Sam Willoughby,silver
Q1005298,Carlos Oquendo,bronze
Q2322860,David Crawshay & Scott Brennan,gold
Q2322860,Tõnu Endrekson & Jüri Jaanson,silver
Q2322860,Stephen Rowbotham & Matthew Wells,bronze
Q952970,Isabelle Blanc,gold
Q952970,Karine Ruby,silver
Q952970,Lidia Trettel,bronze
Q7674777,Michalis Mouroutsos,gold
Q7674777,Gabriel Esparza,silver
Q7674777,Huang Chih-hsiung,bronze
Q4786042,Sébastien Flute,gold
Q4786042,Chung Jae-hun,silver
Q4786042,Simon Terry,bronze
Q765044,Evgeni Plushenko,gold
Q765044,Stéphane Lambiel,silver
Q765044,Jeffrey Buttle,bronze
Q841942,Mo Tae-bum,gold
Q841942,Keiichiro Nagashima,silver
Q841942,Joji Kato,bronze
Q7400346,Roman Hagara,gold
Q7400346,Hans-Peter Steinacher,gold
Q7400346,John Lovell,silver
Q7400346,Charlie Ogletree,silver
Q7400346,Santiago Lange,bronze
Q7400346,Carlos Espínola,bronze
Q647750,Jean-Noël Ferrari Lionel Plumenail,gold
Q647750,Brice Guyart Patrice Lhôtellier,gold
Q647750,Dong Zhaozhi Wang Haibin Ye Chong,silver
Q647750,Salvatore Sanzo Matteo Zennaro Daniele Crosta Gabriele Magni,bronze
Q7500821,Zemfira Meftahatdinova,gold
Q7500821,Svetlana Demina,silver
Q7500821,Diána Igaly,bronze
Q7400333,Jesper Bank Henrik Blakskjær Thomas Jacobsen,gold
Q7400333,Jochen Schümann Gunnar Bahr Ingo Borkowski,silver
Q7400333,Herman Horn Johannessen Paul Davis Espen Stokkeland,bronze
Q1222639,Deborah Compagnoni,gold
Q1222639,Carole Merle,silver
Q1222639,Katja Seizinger,bronze
Q4786037,Kim Soo-nyung,gold
Q4786037,Wang Hee-kyung,silver
Q4786037,Yun Young-sook,bronze
Q793973,Alexander Moskalenko,gold
Q793973,Ji Wallace,silver
Q793973,Mathieu Turgeon,bronze
Q827019,Andreas Linger & Wolfgang Linger,gold
Q827019,André Florschütz & Torsten Wustlich,silver
Q827019,Gerhard Plankensteiner & Oswald Haselrieder,bronze
Q2352412,Daniele Molmenti,gold
Q2352412,Vavřinec Hradilek,silver
Q2352412,Hannes Aigner,bronze
Q4951844,Mahammatkodir Abdullaev,gold
Q4951844,Ricardo Williams,silver
Q4951844,Mohamed Allalou,bronze
Q938164,Lydia Lassila,gold
Q938164,Li Nina,silver
Q938164,Guo Xinxin,bronze
Q763031,Chiara Cainero,gold
Q763031,Kim Rhode,silver
Q763031,Christine Brinker,bronze
Q3001405,Nathalie Lancien,gold
Q3001405,Ingrid Haringa,silver
Q3001405,Lucy Tyler-Sharman,bronze
Q905485,Lee Jung-su,gold
Q905485,Apolo Anton Ohno,silver
Q905485,J. R. Celski,bronze
Q25384917,Loredana Dinu,gold
Q25384917,Simona Gherman,gold
Q25384917,Simona Pop,gold
Q25384917,Ana Maria Popescu,gold
Q25384917,Hao Jialu,silver
Q25384917,Sun Yiwen,silver
Q25384917,Sun Yujie,silver
Q25384917,Xu Anqi,silver
Q25384917,Olga Kochneva,bronze
Q25384917,Violetta Kolobova,bronze
Q25384917,Tatiana Logunova,bronze
Q25384917,Lyubov Shutova,bronze
Q4786044,Cho Youn-jeong,gold
Q4786044,Kim Soo-nyung,silver
Q4786044,Natalia Valeeva,bronze
Q1221932,Myriam Bédard,gold
Q1221932,Anne Briand,silver
Q1221932,Uschi Disl,bronze
Q963420,Pak Hyon-suk,gold
Q963420,Lu Ying-chi,silver
Q963420,Christine Girard,bronze
Q2774005,Leontien Zijlaard,gold
Q2774005,Mari Holden,silver
Q2774005,Jeannie Longo-Ciprelli,bronze
Q7674790,Chen Zhong,gold
Q7674790,Myriam Baverel,silver
Q7674790,Adriana Carmona,bronze
Q1222098,Nadezhda Talanova,gold
Q1222098,Natalya Snytina,gold
Q1222098,Luiza Noskova,gold
Q1222098,Anfisa Reztsova,gold
Q1222098,Uschi Disl,silver
Q1222098,Antje Harvey,silver
Q1222098,Simone Greiner-Petter-Memm,silver
Q1222098,Petra Schaaf,silver
Q1222098,Corinne Niogret,bronze
Q1222098,Véronique Claudel,bronze
Q1222098,Delphyne Heymann,bronze
Q1222098,Anne Briand,bronze
Q632472,Kim Young-ho,gold
Q632472,Ralf Bißdorf,silver
Q632472,Dmitry Shevchenko,bronze
Q915058,Kati Wilhelm,gold
Q915058,Martina Glagow,silver
Q915058,Albina Akhatova,bronze
Q15056267,Andreas Wank Marinus Kraus,gold
Q15056267,Andreas Wellinger,gold
Q15056267,Severin Freund,gold
Q15056267,Michael Hayböck Thomas Morgenstern,silver
Q15056267,Thomas Diethart,silver
Q15056267,Gregor Schlierenzauer,silver
Q15056267,Reruhi Shimizu Taku Takeuchi,bronze
Q15056267,Daiki Ito,bronze
Q15056267,Noriaki Kasai,bronze
Q7500745,Malcolm Cooper,gold
Q7500745,Alister Allan,silver
Q7500745,Kirill Ivanov,bronze
Q2361588,Mathew Belcher,gold
Q2361588,Malcolm Page,gold
Q2361588,Luke Patience,silver
Q2361588,Stuart Bithell,silver
Q2361588,Lucas Calabrese,bronze
Q2361588,Juan de la Fuente,bronze
Q1203058,Joan Llaneras,gold
Q1203058,Roger Kluge,silver
Q1203058,Chris Newton,bronze
Q1005018,Michael Phelps,gold
Q1005018,Park Tae-Hwan,silver
Q1005018,Peter Vanderkaay,bronze
Q1371783,Zhou Lulu,gold
Q1371783,Tatiana Kashirina,silver
Q1371783,Jang Mi-ran,bronze
Q632754,Angelo Mazzoni Paolo Milanoli Alfredo Rota Maurizio Randazzo,gold
Q632754,Jean-François Di Martino Hugues Obry Éric Srecki,silver
Q632754,Carlos Pedroso Iván Trevejo Nelson Loyola,bronze
Q916916,Justyna Kowalczyk,gold
Q916916,Marit Bjørgen,silver
Q916916,Aino-Kaisa Saarinen,bronze
Q7400329,Ben Ainslie,gold
Q7400329,Robert Scheidt,silver
Q7400329,Michael Blackburn,bronze
Q939181,Amy Williams,gold
Q939181,Kerstin Szymkowiak,silver
Q939181,Anja Huber,bronze
Q18713,Sweden,gold
Q18713,Canada,silver
Q18713,China,bronze
Q7674781,Lauren Burns,gold
Q7674781,Urbia Melendez,silver
Q7674781,Chi Shu-ju,bronze
Q7500817,Mariya Grozdeva,gold
Q7500817,Tao Luna,silver
Q7500817,Lalita Yauhleuskaya,bronze
Q6303879,David Douillet,gold
Q6303879,Shinichi Shinohara,silver
Q6303879,Indrek Pertelson,bronze
Q848681,Andrea Fischbacher,gold
Q848681,Tina Maze,silver
Q848681,Lindsey Vonn,bronze
Q1221793,Bonnie Blair,gold
Q1221793,Anke Baier,silver
Q1221793,Ye Qiaobo,bronze
Q6303863,Kye Sun-hui,gold
Q6303863,Ryoko Tamura,silver
Q6303863,Amarilis Savón,bronze
Q2353475,Jin Jong-oh,gold
Q2353475,Choi Young-rae,silver
Q2353475,Wang Zhiwei,bronze
Q385563,Carol Huynh,gold
Q385563,Chiharu Icho,silver
Q385563,Mariya Stadnik,bronze
Q1344366,Im Dong-Hyun,gold
Q1344366,Lee Chang-Hwan,gold
Q1344366,Park Kyung-Mo,gold
Q1344366,Ilario Di BuòMauro Nespoli,silver
Q1344366,Marco Galiazzo,silver
Q1344366,Xue Haifeng,bronze
Q1344366,Jiang Lin,bronze
Q1344366,Li Wenquan,bronze
Q729339,Szymon Kołecki,gold
Q729339,Arsen Kasabiev,silver
Q729339,Yoandry Hernández,bronze
Q955943,Jan Železný,gold
Q955943,Seppo Räty,silver
Q955943,Steve Backley,bronze
Q659097,César Cielo,gold
Q659097,Amaury Leveaux,silver
Q659097,Alain Bernard,bronze
Q279234,Gunda Niemann-Kleemann,gold
Q279234,Heike Warnicke,silver
Q279234,Emese Hunyady,bronze
Q955487,Alla Vazhenina,gold
Q955487,Lydia Valentín,silver
Q955487,Damaris Aguirre,bronze
Q786799,Chad Hedrick,gold
Q786799,Sven Kramer,silver
Q786799,Enrico Fabris,bronze
Q536083,Lindsay Davenport,gold
Q536083,Arantxa Sánchez Vicario,silver
Q536083,Jana Novotná,bronze
Q22964440,Peter Antonie,gold
Q22964440,Stephen Hawkins,gold
Q22964440,Arnold Jonke,silver
Q22964440,Christoph Zerbst,silver
Q22964440,Nico Rienks,bronze
Q22964440,Henk-Jan Zwolle,bronze
Q15056065,Magnus Moan,gold
Q15056065,Magnus Krog,gold
Q15056065,Jørgen Graabak,gold
Q15056065,Håvard Klemetsen,gold
Q15056065,Fabian Rießle,silver
Q15056065,Björn Kircheisen,silver
Q15056065,Johannes Rydzek,silver
Q15056065,Eric Frenzel,silver
Q15056065,Lukas Klapfer,bronze
Q15056065,Christoph Bieler,bronze
Q15056065,Mario Stecher,bronze
Q15056065,Bernhard Gruber,bronze
Q7674791,Jang Ji-Won,gold
Q7674791,Nia Abdallah,silver
Q7674791,Iridia Salazar,bronze
Q6303877,Kōsei Inoue,gold
Q6303877,Nicolas Gill,silver
Q6303877,Yury Styopkin,bronze
Q249265,Florent Manaudou,gold
Q249265,Cullen Jones,silver
Q249265,César Cielo,bronze
Q7400321,Lai Shan Lee,gold
Q7400321,Barbara Kendall,silver
Q7400321,Alessandra Sensini,bronze
Q7656722,Janet Evans,gold
Q7656722,Noemi Lung,silver
Q7656722,Daniela Hunger,bronze
Q2995946,Bernd Dittert Christian Meyer,gold
Q2995946,Uwe Peschel,gold
Q2995946,Michael Rich,gold
Q2995946,Flavio Anastasia Luca Colombo Gianfranco Contri Andrea Peron,silver
Q2995946,Hervé Boussard,bronze
Q2995946,Didier Faivre-Pierret,bronze
Q2995946,"Philippe Gaumont,Jean-Louis Harel",bronze
Q25386279,Yana Egorian,gold
Q25386279,Sofiya Velikaya,silver
Q25386279,Olha Kharlan,bronze
Q658704,Olha Zhovnir,gold
Q658704,Olga Kharlan,gold
Q658704,Halyna Pundyk,gold
Q658704,Olena Khomrova,gold
Q658704,Bao Yingying,silver
Q658704,Huang Haiyang,silver
Q658704,Ni Hong,silver
Q658704,Tan Xue,silver
Q658704,Sada Jacobson,bronze
Q658704,Rebecca Ward,bronze
Q658704,Mariel Zagunis,bronze
Q7500812,Jonas Edman,gold
Q7500812,Torben Grimmel,silver
Q7500812,Sergei Martynov,bronze
Q653672,Florence Baverel-Robert,gold
Q653672,Anna Carin Olofsson,silver
Q653672,Lilia Efremova,bronze
Q1426702,Maurice Greene,gold
Q1426702,Ato Boldon,silver
Q1426702,Obadele Thompson,bronze
Q15055002,Mikaela Shiffrin,gold
Q15055002,Marlies Schild,silver
Q15055002,Kathrin Zettel,bronze
Q7656681,Daichi Suzuki,gold
Q7656681,David Berkoff,silver
Q7656681,Igor Polyansky,bronze
Q886372,Carly Patterson,gold
Q886372,Svetlana Khorkina,silver
Q886372,Zhang Nan,bronze
Q7500796,Michael Diamond,gold
Q7500796,Josh Lakatos,silver
Q7500796,Lance Bade,bronze
Q938765,Gu Bon-gil,gold
Q938765,Won Woo-young,gold
Q938765,Kim Jung-hwan,gold
Q938765,Oh Eun-seok,gold
Q938765,Rareș Dumitrescu,silver
Q938765,Tiberiu Dolniceanu,silver
Q938765,Florin Zalomir,silver
Q938765,Alexandru Sirițeanu,silver
Q938765,Diego Occhuizzi,bronze
Q938765,Aldo Montano,bronze
Q938765,Luigi Samele,bronze
Q938765,Luigi Tarantino,bronze
Q7656697,Tamás Darnyi,gold
Q7656697,David Wharton,silver
Q7656697,Stefano Battistelli,bronze
Q140244,Shirvani Muradov,gold
Q140244,Giorgi Gogshelidze,silver
Q140244,Michel Batista,bronze
Q7400313,Yves Loday Nicolas Hénard,gold
Q7400313,Randy Smyth Keith Notary,silver
Q7400313,Mitch Booth John Robert Forbes,bronze
Q737732,Zhang Jike,gold
Q737732,Wang Hao,silver
Q737732,Dimitrij Ovtcharov,bronze
Q4951838,Bekzat Sattarkhanov,gold
Q4951838,Ricardo Juarez,silver
Q4951838,Tahar Tamsamani,bronze
Q7674792,Chen Shih-Hsin,gold
Q7674792,Yanelis Labrada,silver
Q7674792,Yaowapa Boorapolchai,bronze
Q15056223,Sven Kramer,gold
Q15056223,Jan Blokhuijsen,silver
Q15056223,Jorrit Bergsma,bronze
Q645460,Jürgen Schult,gold
Q645460,Romas Ubartas,silver
Q645460,Rolf Danneberg,bronze
Q1221934,Stefania Belmondo,gold
Q1221934,Kateřina Neumannová,silver
Q1221934,Yuliya Chepalova,bronze
Q6303888,Sibelis Veranes,gold
Q6303888,Kate Howey,silver
Q6303888,Cho Min-Sun,bronze
Q7400339,Iker Martínez,gold
Q7400339,Xabier Fernández,gold
Q7400339,Rodion Luka,silver
Q7400339,George Leonchuk,silver
Q7400339,Chris Draper,bronze
Q7400339,Simon Hiscocks,bronze
Q7656684,Matt Biondi,gold
Q7656684,Chris Jacobs,silver
Q7656684,Stéphan Caron,bronze
Q7656714,Silke Hörner,gold
Q7656714,Huang Xiaomin,silver
Q7656714,Antoaneta Frenkeva,bronze
Q2297633,Dani King,gold
Q2297633,Laura Trott,gold
Q2297633,Joanna Rowsell,gold
Q2297633,Sarah Hammer,silver
Q2297633,Dotsie Bausch,silver
Q2297633,Jennie Reed,silver
Q2297633,Lauren Tamayo,silver
Q2297633,Tara Whitten,bronze
Q2297633,Gillian Carleton,bronze
Q2297633,Jasmin Glaesser,bronze
Q771123,Michaela Dorfmeister,gold
Q771123,Martina Schild,silver
Q771123,Anja Pärson,bronze
Q3498666,Jon Rønningen,gold
Q3498666,Alfred Ter-Mkrtchyan,silver
Q3498666,Min Kyung-gab,bronze
Q5124014,Ekaterina Gordeeva,gold
Q5124014,Sergei Grinkov,gold
Q5124014,Natalia Mishkutenok,silver
Q5124014,Artur Dmitriev,silver
Q5124014,Isabelle Brasseur,bronze
Q5124014,Lloyd Eisler,bronze
Q1222498,Tae Satoya,gold
Q1222498,Tatjana Mittermayer,silver
Q1222498,Kari Traa,bronze
Q7500801,Li Duihong,gold
Q7500801,Diana Iorgova,silver
Q7500801,Marina Logvinenko,bronze
Q4951848,Oleg Saitov,gold
Q4951848,Sergey Dotsenko,silver
Q4951848,Vitaly Gruşac,bronze
Q4951847,Audley Harrison,gold
Q4951847,Mukhtarkhan Dildabekov,silver
Q4951847,Paolo Vidoz,bronze
Q15055032,Dario Cologna,gold
Q15055032,Marcus Hellner,silver
Q15055032,Martin Johnsrud Sundby,bronze
Q875653,Pieter van den Hoogenband,gold
Q875653,Alexander Popov,silver
Q875653,"Gary Hall, Jr.",bronze
Q5395306,Jia Zhanbo,gold
Q5395306,Michael Anti,silver
Q5395306,Christian Planer,bronze
Q1222301,Nicola Thost,gold
Q1222301,Stine Brun Kjeldaas,silver
Q1222301,Shannon Dunn-Downing,bronze
Q7656691,Michael Gross,gold
Q7656691,Benny Nielsen,silver
Q7656691,Anthony Mosse,bronze
Q916976,Françoise Mbango Etone,gold
Q916976,Olga Rypakova,silver
Q916976,Yargelis Savigne,bronze
Q916930,Michael Phelps,gold
Q916930,Ryan Lochte,silver
Q916930,László Cseh,bronze
Q752413,Elena Dementieva,gold
Q752413,Dinara Safina,silver
Q752413,Vera Zvonareva,bronze
Q900405,Robert Korzeniowski,gold
Q900405,Denis Nizhegorodov,silver
Q900405,Aleksey Voyevodin,bronze
Q31843484,Pierre Durand Jr.,gold
Q31843484,Greg Best,silver
Q31843484,Karsten Huck,bronze
Q2268043,Guo Wenjun,gold
Q2268043,Celine Goberville,silver
Q2268043,Olena Kostevych,bronze
Q2254560,Alin Moldoveanu,gold
Q2254560,Niccolò Campriani,silver
Q2254560,Gagan Narang,bronze
Q1221927,Antje Misersky,gold
Q1221927,Svetlana Pechorskaya,silver
Q1221927,Myriam Bédard,bronze
Q826560,Sylke Otto,gold
Q826560,Silke Kraushaar,silver
Q826560,Tatjana Hüfner,bronze
Q1005272,Andrea Minguzzi,gold
Q1005272,Zoltán Fodor,silver
Q1005272,Nazmi Avluca,bronze
Q670039,Carlo Janka,gold
Q670039,Kjetil Jansrud,silver
Q670039,Aksel Lund Svindal,bronze
Q2332511,Támara EchegoyenÁngela Pumariega,gold
Q2332511,Sofía Toro,gold
Q2332511,Olivia Price,silver
Q2332511,Nina Curtis,silver
Q2332511,Lucinda Whitty,silver
Q2332511,Silja Lehtinen,bronze
Q2332511,Silja Kanerva Mikaela Wulff,bronze
Q2455198,Drew Ginn Duncan Free,gold
Q2455198,Dave Calder Scott Frandsen,silver
Q2455198,Nathan Twaddle George Bridgewater,bronze
Q7400324,Fernando Leon Jose Luis Ballester,gold
Q7400324,Mitch Booth Andrew Landenberger,silver
Q7400324,Lars Grael Henrique Pellicano,bronze
Q1221836,Bente Skari,gold
Q1221836,Yuliya Chepalova,silver
Q1221836,Stefania Belmondo,bronze
Q921100,Peter Wilson,gold
Q921100,Håkan Dahlby,silver
Q921100,Vasily Mosin,bronze
Q847284,Svetlana Ishmouratova,gold
Q847284,Martina Glagow,silver
Q847284,Albina Akhatova,bronze
Q905540,Christine Nesbitt,gold
Q905540,Annette Gerritsen,silver
Q905540,Laurine van Riessen,bronze
Q848291,Tomasz Majewski,gold
Q848291,Christian Cantwell,silver
Q848291,Dylan Armstrong,bronze
Q906854,Hossein Rezazadeh,gold
Q906854,Viktors Ščerbatihs,silver
Q906854,Velichko Cholakov,bronze
Q7500751,Jasna Šekarić,gold
Q7500751,Nino Salukvadze,silver
Q7500751,Marina Dobrantcheva,bronze
Q7400347,Torben Grael,gold
Q7400347,Marcelo Ferreira,gold
Q7400347,David Ross Mac,silver
Q7400347,Donald,silver
Q7400347,Mike Wolfs,silver
Q7400347,Pascal Rambeau,bronze
Q7400347,Xavier Rohart,bronze
Q7674776,Kim Kyong-hun,gold
Q7674776,Daniel Trenton,silver
Q7674776,Pascal Gentil,bronze
Q922248,Andreas Thorkildsen,gold
Q922248,Ainārs Kovals,silver
Q922248,Tero Pitkämäki,bronze
Q14643284,Anastasiya Kuzmina,gold
Q14643284,Olga Vilukhina,silver
Q14643284,Vita Semerenko,bronze
Q267771,Aaron Peirsol,gold
Q267771,Markus Rogan,silver
Q267771,Răzvan Florea,bronze
Q905503,Seth Wescott,gold
Q905503,Mike Robertson,silver
Q905503,Tony Ramoin,bronze
Q25386268,Áron Szilágyi,gold
Q25386268,Daryl Homer,silver
Q25386268,Kim Jung-hwan,bronze
Q2353533,Kim Jang-Mi,gold
Q2353533,Chen Ying,silver
Q2353533,Olena Kostevych,bronze
Q6303864,Driulys González,gold
Q6303864,Jung Sun-yong,silver
Q6303864,Isabel Fernández,bronze
Q952458,Bonnie Blair,gold
Q952458,Susan Auch,silver
Q952458,Franziska Schenk,bronze
Q15055075,Sage Kotsenburg,gold
Q15055075,Ståle Sandbech,silver
Q15055075,Mark Mc,bronze
Q15055075,Morris,bronze
Q5198390,Jason Queally,gold
Q5198390,Stefan Nimke,silver
Q5198390,Shane Kelly,bronze
Q15055038,Lars Nelson,gold
Q15055038,Daniel Rickardsson,gold
Q15055038,Johan Olsson,gold
Q15055038,Marcus Hellner,gold
Q15055038,Dmitry Yaparov,silver
Q15055038,Alexander Bessmertnykh,silver
Q15055038,Alexander Legkov,silver
Q15055038,Maxim Vylegzhanin,silver
Q15055038,Jean-Marc Gaillard,bronze
Q15055038,Maurice Manificat,bronze
Q15055038,Robin Duvillard,bronze
Q15055038,Ivan Perrillat Boiteux,bronze
Q916174,Bradley Wiggins,gold
Q916174,Tony Martin,silver
Q916174,Chris Froome,bronze
Q4951836,Wladimir Klitschko,gold
Q4951836,Paea Wolfgramm,silver
Q4951836,Duncan Dokiwari,bronze
Q3498605,An Han-bong,gold
Q3498605,Rıfat Yıldız,silver
Q3498605,Sheng Zetian,bronze
Q22964438,Kathleen Heddle,gold
Q22964438,Marnie Mc,gold
Q22964438,Bean,gold
Q22964438,Ingeburg Schwerzmann,silver
Q22964438,Stefani Werremeier,silver
Q22964438,Stephanie Pierson,bronze
Q22964438,Anna Seaton,bronze
Q15055084,Vic Wild,gold
Q15055084,Nevin Galmarini,silver
Q15055084,Žan Košir,bronze
Q4786048,Justin Huish,gold
Q4786048,Richard Johnson,gold
Q4786048,Rod White,gold
Q4786048,Jang Yong-Ho,silver
Q4786048,Kim Bo-Ram,silver
Q4786048,Oh Kyo-Moon,silver
Q4786048,Matteo Bisiani,bronze
Q4786048,Michele Frangilli,bronze
Q4786048,Andrea Parenti,bronze
Q917328,Asbel Kiprop,gold
Q917328,Nicholas Willis,silver
Q917328,Mehdi Baala,bronze
Q4951840,Félix Savón,gold
Q4951840,Sultan Ibragimov,silver
Q4951840,Vladimer Tchanturia,bronze
Q1221875,Larisa Lazutina,gold
Q1221875,Olga Danilova,silver
Q1221875,Kateřina Neumannová,bronze
Q4786050,Kim Kyung-Wook,gold
Q4786050,He Ying,silver
Q4786050,Olena Sadovnycha,bronze
Q1222214,Katja Seizinger,gold
Q1222214,Martina Ertl-Renz,silver
Q1222214,Hilde Gerg,bronze
Q942891,André Hoffmann,gold
Q942891,Eric Flaim,silver
Q942891,Michael Hadschieff,bronze
Q776870,Bonnie Blair,gold
Q776870,Christa Rothenburger,silver
Q776870,Karin Kania,bronze
Q1360834,Walton Eller,gold
Q1360834,Francesco D'Aniello,silver
Q1360834,Hu Binyuan,bronze
Q938848,Valentina Vezzali,gold
Q938848,Elisa Di Francisca,gold
Q938848,Arianna Errigo,gold
Q938848,Ilaria Salvatori,gold
Q938848,Aida Chanaeva,silver
Q938848,Larisa Korobeynikova,silver
Q938848,Inna Deriglazova,silver
Q938848,Kamila Gafurzyanova,silver
Q938848,Nam Hyun-Hee,bronze
Q938848,Jeon Hee-Sook,bronze
Q938848,Jung Gil-Ok,bronze
Q938848,Oh Ha-Na,bronze
Q1004861,Matthias Steiner,gold
Q1004861,Evgeny Chigishev,silver
Q1004861,Viktors Ščerbatihs,bronze
Q1221922,Andrea Henkel,gold
Q1221922,Liv Grete Poirée,silver
Q1221922,Magdalena Forsberg,bronze
Q943291,Denise Lewis,gold
Q943291,Yelena Prokhorova,silver
Q943291,Natallia Sazanovich,bronze
Q927998,Kateřina Neumannová,gold
Q927998,Yuliya Chepalova,silver
Q927998,Justyna Kowalczyk,bronze
Q385894,Alexei Grishin,gold
Q385894,Jeret Peterson,silver
Q385894,Liu Zhongqing,bronze
Q677027,Wilfred Bungei,gold
Q677027,Ismail Ahmed Ismail,silver
Q677027,Alfred Kirwa Yego,bronze
Q843851,Nikita Kryukov,gold
Q843851,Alexander Panzhinskiy,silver
Q843851,Petter Northug,bronze
Q15055035,Maiken Caspersen Falla,gold
Q15055035,Ingvild Flugstad Østberg,silver
Q15055035,Vesna Fabjan,bronze
Q4820134,Nikolaj Pešalov,gold
Q4820134,Leonidas Sabanis,silver
Q4820134,Henadzi Aliashchuk,bronze
Q4786051,Kim Jo-Sun,gold
Q4786051,Kim Kyung-Wook,gold
Q4786051,Yoon Hye-Young,gold
Q4786051,Barbara Mensing,silver
Q4786051,Cornelia Pfohl,silver
Q4786051,Sandra Wagner-Sachse,silver
Q4786051,Iwona DzięciołKatarzyna Klata,bronze
Q4786051,Joanna Nowicka,bronze
Q7400330,Christoph Sieber,gold
Q7400330,Carlos Espinola,silver
Q7400330,Aaron Mc,bronze
Q7400330,Intosh,bronze
Q2268082,Kim Rhode,gold
Q2268082,Wei Ning,silver
Q2268082,Danka Barteková,bronze
Q15055025,Dario Cologna,gold
Q15055025,Johan Olsson,silver
Q15055025,Daniel Rickardsson,bronze
Q794388,Irina Karavaeva,gold
Q794388,Oxana Tsyhuleva,silver
Q794388,Karen Cockburn,bronze
Q7656692,Duncan Armstrong,gold
Q7656692,Anders Holmertz,silver
Q7656692,Matt Biondi,bronze
Q776944,Jefferson Pérez,gold
Q776944,Ilya Markov,silver
Q776944,Bernardo Segura,bronze
Q7979971,Ivan Ivanov,gold
Q7979971,Lin Qisheng,silver
Q7979971,Traian Cihărean,bronze
Q1222133,Cathy Turner,gold
Q1222133,Zhang Yanmei,silver
Q1222133,Amy Peterson,bronze
Q31843476,Ludger Beerbaum,gold
Q31843476,Piet Raymakers,silver
Q31843476,Norman Dello Joio,bronze
Q7500836,Alexey Alipov,gold
Q7500836,Giovanni Pellielo,silver
Q7500836,Adam Vella,bronze
Q1221798,Yang Yang (A),gold
Q1221798,Ko Gi-hyun,silver
Q1221798,Yang Yang (S),bronze
Q2574045,Julia Mancuso,gold
Q2574045,Tanja Poutiainen,silver
Q2574045,Anna Ottosson,bronze
Q3498697,Park Jang-soon,gold
Q3498697,Kenny Monday,silver
Q3498697,Amir Reza Khadem,bronze
Q2352927,Tim Baillie,gold
Q2352927,Etienne Stott,gold
Q2352927,David Florence,silver
Q2352927,Richard Hounslow,silver
Q2352927,Pavol Hochschorner,bronze
Q2352927,Peter Hochschorner,bronze
Q921409,Halvard Hanevold,gold
Q921409,Tarjei BøEmil Hegle Svendsen,gold
Q921409,Ole Einar Bjørndalen,gold
Q921409,Simon Eder,silver
Q921409,Daniel Mesotitsch,silver
Q921409,Dominik Landertinger,silver
Q921409,Christoph Sumann,silver
Q921409,Fredrik Lindström,bronze
Q921409,Carl Johan Bergman,bronze
Q921409,Mattias Nilsson,bronze
Q921409,Björn Ferry,bronze
Q256759,Ole Einar Bjørndalen,gold
Q256759,Frank Luck,silver
Q256759,Viktor Maigourov,bronze
Q2353523,Leuris Pupo,gold
Q2353523,Vijay Kumar,silver
Q2353523,Ding Feng,bronze
Q848655,Marit Bjørgen,gold
Q848655,Justyna Kowalczyk,silver
Q848655,Petra Majdič,bronze
Q903679,Oh Jin-hyek,gold
Q903679,Takaharu Furukawa,silver
Q903679,Dai Xiaoxiang,bronze
Q2289605,Natalia Vorobieva,gold
Q2289605,Stanka Zlateva,silver
Q2289605,Guzel Manyurova,bronze
Q525031,Gunda Niemann-Stirnemann,gold
Q525031,Claudia Pechstein,silver
Q525031,Anni Friesinger,bronze
Q25386266,Daniele Garozzo,gold
Q25386266,Alexander Massialas,silver
Q25386266,Timur Safin,bronze
Q25384913,Gauthier Grumier,gold
Q25384913,Yannick Borel,gold
Q25384913,Daniel Jérent,gold
Q25384913,Jean-Michel Lucenay,gold
Q25384913,Enrico Garozzo,silver
Q25384913,Marco Fichera,silver
Q25384913,Paolo Pizzo,silver
Q25384913,Andrea Santarelli,silver
Q25384913,Géza Imre,bronze
Q25384913,Gábor BoczkóAndrás Rédli,bronze
Q25384913,Péter Somfai,bronze
Q7979983,Andrey Chemerkin,gold
Q7979983,Ronny Weller,silver
Q7979983,Stefan Botev Khristov,bronze
Q2341653,Anna Tunnicliffe,gold
Q2341653,Gintarė Scheidt,silver
Q2341653,Xu Lijia,bronze
Q905607,Tatjana Hüfner,gold
Q905607,Nina Reithmayer,silver
Q905607,Natalie Geisenberger,bronze
Q847280,Anna Carin Olofsson,gold
Q847280,Kati Wilhelm,silver
Q847280,Uschi Disl,bronze
Q1222635,Daniela Ceccarelli,gold
Q1222635,Janica Kostelić,silver
Q1222635,Karen Putzer,bronze
Q947691,Constantina Diṭă-Tomescu,gold
Q947691,Catherine Ndereba,silver
Q947691,Zhou Chunxiu,bronze
Q1222014,Gabriella Paruzzi,gold
Q1222014,Stefania Belmondo,silver
Q1222014,Bente Skari,bronze
Q4786058,Jang Yong-Ho,gold
Q4786058,Kim Chung-tae,gold
Q4786058,Oh Kyo-Moon,gold
Q4786058,Matteo Bisiani,silver
Q4786058,Ilario Di BuòMichele Frangilli,silver
Q4786058,Butch Johnson,bronze
Q4786058,Rod White,bronze
Q4786058,Vic Wunderle,bronze
Q1221877,Lyubov Yegorova,gold
Q1221877,Manuela Di Centa,silver
Q1221877,Stefania Belmondo,bronze
Q1221943,Lyubov Yegorova,gold
Q1221943,Marjut Lukkarinen,silver
Q1221943,Yelena Välbe,bronze
Q826580,Armin Zöggeler,gold
Q826580,Albert Demtschenko,silver
Q826580,Mārtiņš Rubenis,bronze
Q7500829,Zhu Qinan,gold
Q7500829,Li Jie,silver
Q7500829,Jozef Gönci,bronze
Q3499058,Oleg Kucherenko,gold
Q3499058,Vincenzo Maenza,silver
Q3499058,Wilber Sánchez,bronze
Q916747,Zhou Yang,gold
Q916747,Lee Eun-byul,silver
Q916747,Park Seung-hi,bronze
Q7500849,Suzanne Balogh,gold
Q7500849,María Quintanal,silver
Q7500849,Lee Bo-na,bronze
Q5198388,Marty Nothstein,gold
Q5198388,Florian Rousseau,silver
Q5198388,Jens Fiedler,bronze
Q3498573,Ri Hak-son,gold
Q3498573,Zeke Jones,silver
Q3498573,Valentin Yordanov,bronze
Q1222488,Donna Weinbrecht,gold
Q1222488,Yelizaveta Kozhevnikova,silver
Q1222488,Stine Lise Hattestad,bronze
Q919261,Franziska Weber,gold
Q919261,Tina Dietze,gold
Q919261,Katalin Kovács,silver
Q919261,Natasa Dusev-Janics,silver
Q919261,Karolina Naja,bronze
Q919261,Beata Mikołajczyk,bronze
Q7400323,Torben Grael Marcelo Ferreira,gold
Q7400323,Hans Wallén Bobby Lohse,silver
Q7400323,Colin Beashel David Giles,bronze
Q7400327,Shirley Robertson,gold
Q7400327,Margriet Matthijsse,silver
Q7400327,Serena Amato,bronze
Q886359,Simona Amânar,gold
Q886359,Maria Olaru,silver
Q886359,Liu Xuan,bronze
Q3001408,Silvio Martinello,gold
Q3001408,Brian Walton,silver
Q3001408,Stuart O'Grady,bronze
Q3879624,Penny Heyns,gold
Q3879624,Amanda Beard,silver
Q3879624,Ágnes Kovács,bronze
Q25803,Grigory Kiriyenko Sergey Sharikov Stanislav Pozdnyakov,gold
Q25803,Bence Szabó Csaba Köves József Navarrete,silver
Q25803,Luigi Tarantino Raffaelo Caserta Tonhi Terenzi,bronze
Q8037964,Namig Abdullayev,gold
Q8037964,Sammie Henson,silver
Q8037964,Amiran Kardanov,bronze
Q3879652,Lin Li,gold
Q3879652,Summer Sanders,silver
Q3879652,Daniela Hunger,bronze
Q3811011,Noriko Anno,gold
Q3811011,Liu Xia,silver
Q3811011,Yurisel Laborde,bronze
Q5443156,Valentina Vezzali,gold
Q5443156,Rita König,silver
Q5443156,Giovanna Trillini,bronze
Q3879619,Michelle Smith,gold
Q3879619,Marianne Limpert,silver
Q3879619,Lin Li,bronze
Q1004918,Ole Einar Bjørndalen,gold
Q1004918,Sven Fischer,silver
Q1004918,Wolfgang Perner,bronze
Q1005749,Hermann Maier,gold
Q1005749,Hans Knauss,silver
Q3879623,Denis Pankratov,gold
Q3879623,Tom Malchow,silver
Q3879623,Scott Goodman,bronze
Q3998590,Brigitte Mc,gold
Q3998590,Mahon,gold
Q3998590,Michellie Jones,silver
Q3998590,Magali Messmer,bronze
Q3628689,Steve Lewis,gold
Q3628689,Butch Reynolds,silver
Q3628689,Danny Everett,bronze
Q3628678,Brahim Boutayeb,gold
Q3628678,Salvatore Antibo,silver
Q3628678,Kipkemboi Kimeli,bronze
Q3628682,Roger Kingdom,gold
Q3628682,Colin Jackson,silver
Q3628682,Tonie Campbell,bronze
Q7500779,Launi Meili,gold
Q7500779,Nonka Matova,silver
Q7500779,Małgorzata Książkiewicz,bronze
Q1004860,Shani Davis,gold
Q1004860,Joey Cheek,silver
Q1004860,Erben Wennemars,bronze
Q10572415,Rogelio Marcelo,gold
Q10572415,Daniel Petrov,silver
Q10572415,Jan Quast,bronze
Q3951953,Valentina Vezzali,gold
Q3951953,Giovanna Trillini,silver
Q3951953,Sylwia Gruchała,bronze
Q10572416,Ivailo Marinov,gold
Q10572416,Michael Carbajal,silver
Q10572416,Leopoldo Serantes,bronze
Q5443153,Karina Aznavuryan Tatyana Logunova Mariya Mazina Oksana Yermakova,gold
Q5443153,Gianna Hablützel-Bürki Sophie Lamon Diana Romagnoli,silver
Q5443153,Li Na Liang Qin Yang Shaoqi,bronze
Q1005277,Kjetil André Aamodt,gold
Q1005277,Bode Miller,silver
Q1005277,Benjamin Raich,bronze
Q3628765,Reuben Kosgei,gold
Q3628765,Wilson Boit Kipketer,silver
Q3628765,Ali Ezzine,bronze
Q8037927,Kim Il,gold
Q8037927,Armen Mkrtchyan,silver
Q8037927,Alexis Vila,bronze
Q8037900,Takashi Kobayashi,gold
Q8037900,Ivan Tsonov,silver
Q8037900,Sergey Karamchakov,bronze
Q3879615,Le Jingyi,gold
Q3879615,Sandra Völker,silver
Q3879615,Angel Martino,bronze
Q10522584,Lutz Heßlich,gold
Q10522584,Nikolai Kovsh,silver
Q10522584,Gary Neiwand,bronze
Q10466379,Cathérine Fleury,gold
Q10466379,Yael Arad,silver
Q10466379,Yelena Petrova,bronze
Q10522549,Djamel Bouras,gold
Q10522549,Toshihiko Koga,silver
Q10522549,Cho In-chul,bronze
Q1005744,Franck Piccard,gold
Q1005744,Helmut Mayer,silver
Q1005744,Lars-Börje Eriksson,bronze
Q10522555,Pawel Nastula,gold
Q10522555,Kim Min-soo,silver
Q10522555,Stéphane Traineau,bronze
Q129295,Pascal Richard,gold
Q129295,Rolf Sørensen,silver
Q129295,Max Sciandri,bronze
Q1422131,Fernanda Ribeiro,gold
Q1422131,Wang Junxia,silver
Q1422131,Gete Wami,bronze
Q5443144,Anja Fichtel-Mauritz,gold
Q5443144,Sabine Bau,silver
Q5443144,Zita-Eva Funkenhauser,bronze
Q1028699,Ian Thorpe,gold
Q1028699,Pieter van den Hoogenband,silver
Q1028699,Michael Phelps,bronze
Q3837513,Cael Sanderson,gold
Q3837513,Moon Eui-jae,silver
Q3837513,Sazhid Sazhidov,bronze
Q3879643,Yelena Rudkovskaya,gold
Q3879643,Anita Nall,silver
Q3879643,Samantha Riley,bronze
Q1076253,Brooke Bennett,gold
Q1076253,Diana Munz,silver
Q1076253,Claudia Poll,bronze
Q25791,"Francesca Bortolozzi-Borella, Giovanna Trillini, Valentina Vezzali",gold
Q25791,"Laura Cârlescu-Badea, Reka Zsofia Lazăr-Szabo, Roxana Scarlat",silver
Q25791,"Anja Fichtel-Mauritz, Monika Weber-Koszto, Sabine Bau",bronze
Q38591,"Giovanna Trillini, Margherita Zalaffi, Francesca Bortolozzi-Borella, Diana Bianchedi, Dorina Vaccaroni",gold
Q38591,"Zita-Eva Funkenhauser, Sabine Bau, Anja Fichtel-Mauritz, Monika Weber-Koszto, Annette Dobmeier",silver
Q38591,"Reka Zsofia Lazăr-Szabo, Claudia Grigorescu, Elisabeta Guzganu-Tufan, Laura Cârlescu-Badea, Roxana Dumitrescu",bronze
Q3879653,Melvin Stewart,gold
Q3879653,Danyon Loader,silver
Q3879653,Franck Esposito,bronze
Q5443138,Aleksandr Romankov Ilgar Mammadov Vladimer Aptsiauri Anvar Ibragimov Boris Koretsky,gold
Q5443138,Matthias Gey Thorsten Weidner Matthias Behr Ulrich Schreck Thomas Endres,silver
Q5443138,Zsolt Érsek Pál Szekeres István Szelei István Busa Róbert Gátai,bronze
Q1004914,Johann Olav Koss,gold
Q1004914,Kjell Storelid,silver
Q1004914,Bart Veldkamp,bronze
Q1004868,Ids Postma,gold
Q1004868,Jan Bos,silver
Q1004868,Hiroyasu Shimizu,bronze
Q10522554,Aurélio Miguel,gold
Q10522554,Marc Meiling,silver
Q10522554,Dennis Stewart,bronze
Q1409048,Matthew Birir,gold
Q1409048,Patrick Sang,silver
Q1409048,William Mutwol,bronze
Q3879625,Michelle Smith,gold
Q3879625,Allison Wagner,silver
Q3879625,Krisztina Egerszegi,bronze
Q2297686,Bart Brentjens,gold
Q2297686,Thomas Frischknecht,silver
Q2297686,Miguel Martinez,bronze
Q1408913,Daniel Plaza,gold
Q1408913,Guillaume Le,silver
Q1408913,Blanc,silver
Q1408913,Giovanni De Benedictis,bronze
Q7500771,Zhang Shan,gold
Q7500771,Juan Giha,silver
Q7500771,Bruno Rossetti,bronze
Q587012,Zsuzsanna Vörös,gold
Q587012,Jeļena Rubļevska,silver
Q587012,Georgina Harland,bronze
Q1408709,Chen Yueling,gold
Q1408709,Yelena Nikolayeva,silver
Q1408709,Li Chunxiu,bronze
Q2311876,Stefka Kostadinova,gold
Q2311876,Niki Bakogianni,silver
Q2311876,Inha Babakova,bronze
Q3628696,Martina Hellmann,gold
Q3628696,Diana Gansky,silver
Q3628696,Tsvetanka Khristova,bronze
Q3837511,Wang Xu,gold
Q3837511,Guzel Manyurova,silver
Q3837511,Kyoko Hamaguchi,bronze
Q3879664,Yevgeny Sadovyi,gold
Q3879664,Kieren Perkins,silver
Q3879664,Anders Holmertz,bronze
Q3879579,"Giaan Rooney, Leisel Jones, Petria Thomas, Jodie Henry, Brooke Hanson*, Alice Mills*, Jessicah Schipper*",gold
Q3879579,"Natalie Coughlin, Amanda Beard, Jenny Thompson, Kara Lynn Joyce, Haley Cope*, Tara Kirk*, Rachel Komisarz*, Amanda Weir*",silver
Q3879579,"Antje Buschschulte, Sarah Poewe, Franziska van Almsick, Daniela Götz *Indicates the swimmer only competed in the preliminary heats.",bronze
Q7500774,Marina Logvinenko,gold
Q7500774,Jasna Šekarić,silver
Q7500774,Mariya Grozdeva,bronze
Q1005740,Duff Gibson,gold
Q1005740,Jeff Pain,silver
Q1005740,Gregor Stähli,bronze
Q1005810,Hermann Maier,gold
Q1005810,Stephan Eberharter,silver
Q1005810,Michael von Grünigen,bronze
Q5443137,Jean-François Lamour,gold
Q5443137,Janusz Olech,silver
Q5443137,Giovanni Scalzo,bronze
Q10495989,Andreas Tews,gold
Q10495989,Faustino Reyes,silver
Q10495989,Ramaz Paliani,bronze
Q1222684,Janica Kostelić,gold
Q1222684,Anja Pärson,silver
Q1222684,Sonja Nef,bronze
Q3628786,Jonathan Edwards,gold
Q3628786,Yoel García,silver
Q3628786,Denis Kapustin,bronze
Q7980004,Chen Xiaomin,gold
Q7980004,Valentina Popova,silver
Q7980004,Ioanna Chatziioannou,bronze
Q3837512,Buvaisar Saitiev,gold
Q3837512,Gennadiy Laliyev,silver
Q3837512,Iván Fundora,bronze
Q4160921,Kim Jae-yup,gold
Q4160921,Kevin Asano,silver
Q4160921,Shinji Hosokawa,bronze
Q13655354,Jackie Joyner-Kersee,gold
Q13655354,Sabine John,silver
Q13655354,Anke Behmer,bronze
Q3879621,Attila Czene,gold
Q3879621,Jani Sievinen,silver
Q3879621,Curtis Myden,bronze
Q3879645,Qian Hong,gold
Q3879645,Crissy Ahmann-Leighton,silver
Q3879645,Catherine Plewinski,bronze
Q10581226,Henry Maske,gold
Q10581226,Egerton Marcus,silver
Q10581226,Chris Sande,bronze
Q3879650,Krisztina Egerszegi,gold
Q3879650,Dagmar Hase,silver
Q3879650,Nicole Stevenson,bronze
Q3879610,Amy Van Dyken,gold
Q3879610,Liu Limin,silver
Q3879610,Angel Martino,bronze
Q3628781,Robert Korzeniowski,gold
Q3628781,Noé Hernández,silver
Q3628781,Vladimir Andreyev,bronze
Q7979994,Hossein Rezazadeh,gold
Q7979994,Ronny Weller,silver
Q7979994,Andrey Chemerkin,bronze
Q988363,Espen Bredesen,gold
Q988363,Lasse Ottesen,silver
Q988363,Dieter Thoma,bronze
Q4443763,Cai Yalin,gold
Q4443763,Artem Khadjibekov,silver
Q4443763,Yevgeni Aleinikov,bronze
Q25239316,Naim Süleymanoğlu,gold
Q25239316,Stefan Topurov,silver
Q25239316,Ye Huanming,bronze
Q1222715,Deborah Compagnoni,gold
Q1222715,Martina Ertl,silver
Q1222715,Vreni Schneider,bronze
Q3879646,Pablo Morales,gold
Q3879646,Rafał Szukała,silver
Q3879646,Anthony Nesty,bronze
Q3628761,Noah Ngeny,gold
Q3628761,Hicham El Guerrouj,silver
Q3628761,Bernard Lagat,bronze
Q1005069,Mika Myllylä,gold
Q1005069,Erling Jevne,silver
Q1005069,Silvio Fauner,bronze
Q8037958,Varteres Samurgashev,gold
Q8037958,Juan Marén,silver
Q8037958,Akaki Chachua,bronze
Q4467907,Halil Mutlu,gold
Q4467907,Wu Wenxiong,silver
Q4467907,Zhang Xiangxiang,bronze
Q1004927,Mark Kirchner,gold
Q1004927,Ricco Groß,silver
Q1004927,Harri Eloranta,bronze
Q3879658,Krisztina Egerszegi,gold
Q3879658,Lin Li,silver
Q3879658,Summer Sanders,bronze
Q1406131,Louise Ritter,gold
Q1406131,Stefka Kostadinova,silver
Q1406131,Tamara Bykova,bronze
Q825048,Chandra Crawford,gold
Q825048,Claudia Künzel,silver
Q825048,Alyona Sidko,bronze
Q3925465,Andre Ward,gold
Q3925465,Magomed Aripgadjiev,silver
Q3925465,Ahmed Ismail El Shamy,bronze
Q823754,Casey Fitz,gold
Q823754,Randolph,gold
Q823754,Hiroyasu Shimizu,silver
Q823754,Kip Carpenter,bronze
Q3837507,Yandro Quintana,gold
Q3837507,Masoud Mostafa-Jokar,silver
Q3837507,Kenji Inoue,bronze
Q613746,Yumileidi Cumbá,gold
Q613746,Nadine Kleinert,silver
Q613746,not awarded,bronze
Q2303728,Carl Lewis,gold
Q2303728,Mike Powell,silver
Q2303728,Joe Greene,bronze
Q1133965,Susi Susanti,gold
Q1133965,Bang Soo-hyun,silver
Q1133965,Huang Hua,bronze
Q2303535,Kevin Young,gold
Q2303535,Winthrop Graham,silver
Q2303535,Kriss Akabusi,bronze
Q2313511,Tonique Williams-Darling,gold
Q2313511,Ana Guevara,silver
Q2313511,Natalya Antyukh,bronze
Q1042778,Marianne Timmer,gold
Q1042778,Cindy Klassen,silver
Q1042778,Anni Friesinger,bronze
Q7500789,Christian Klees,gold
Q7500789,Sergey Belyayev,silver
Q7500789,Jozef Gönci,bronze
Q1004987,Bjørn Dæhlie,gold
Q1004987,Vladimir Smirnov,silver
Q1004987,Silvio Fauner,bronze
Q4443764,Tao Luna,gold
Q4443764,Jasna Šekarić,silver
Q4443764,Annemarie Forder,bronze
Q3565567,Aleksandr Karelin,gold
Q3565567,Rangel Gerovski,silver
Q3565567,Tomas Johansson,bronze
Q3628775,Arsi Harju,gold
Q3628775,Adam Nelson,silver
Q3628775,John Godina,bronze
Q1042789,Cindy Klassen,gold
Q1042789,Kristina Groves,silver
Q1042789,Ireen Wüst,bronze
Q2445057,Paolo Bettini,gold
Q2445057,Sérgio Paulinho,silver
Q2445057,Axel Merckx,bronze
Q7980002,Ding Meiyuan,gold
Q7980002,Agata Wróbel,silver
Q7980002,Cheryl Haworth,bronze
Q10466402,Sun Fuming,gold
Q10466402,Estela Rodríguez,silver
Q10466402,Johanna Hagn,bronze
Q7500772,Petr Hrdlička,gold
Q7500772,Kazumi Watanabe,silver
Q7500772,Marco Venturini,bronze
Q1005190,Takafumi Nishitani,gold
Q1005190,An Yulong,silver
Q1005190,Hitoshi Uematsu,bronze
Q1005188,Uwe-Jens Mey,gold
Q1005188,Toshiyuki Kuroiwa,silver
Q1005188,Junichi Inoue,bronze
Q3811003,Ryoko Tani,gold
Q3811003,Frédérique Jossinet,silver
Q3811003,Gao Feng,bronze
Q585893,Kjetil André Aamodt,gold
Q585893,Hermann Maier,silver
Q585893,Ambrosi Hoffmann,bronze
Q8037907,Attila Repka,gold
Q8037907,Islam Dugushiev,silver
Q8037907,Rodney Smith,bronze
Q2313481,Yulia Nestsiarenka,gold
Q2313481,Lauryn Williams,silver
Q2313481,Veronica Campbell,bronze
Q7500793,Jean-Pierre Amat,gold
Q7500793,Sergey Belyayev,silver
Q7500793,Wolfram Waibel,bronze
Q10572441,Héctor Vinent,gold
Q10572441,Oktay Urkal,silver
Q10572441,Fathi Missaoui,bronze
Q10719576,Michael Carruth,gold
Q10719576,Juan Hernández Sierra,silver
Q10719576,Aníbal Santiago Acevedo,bronze
Q10466376,Marie-Claire Restoux,gold
Q10466376,Hyun Sook-hee,silver
Q10466376,Noriko Sugawara,bronze
Q8037959,Filiberto Azcuy,gold
Q8037959,Katsuhiko Nagata,silver
Q8037959,Aleksey Glushkov,bronze
Q7980001,Akakios Kakiasvilis,gold
Q7980001,Szymon Kołecki,silver
Q7980001,Aleksey Petrov,bronze
Q10522543,Rogério Sampaio,gold
Q10522543,József Csák,silver
Q10522543,Israel Hernández,bronze
Q1005755,Andreas Schönbächler,gold
Q1005755,Philippe La,silver
Q1005755,Roche,silver
Q1005755,Lloyd Langlois,bronze
Q10466381,Séverine Vandenhende,gold
Q10466381,Li Shufang,silver
Q10466381,Gella Vandecaveye,bronze
Q38594,Éric Srecki,gold
Q38594,Pavel Kolobkov,silver
Q38594,Jean-Michel Henry,bronze
Q251465,Thomas Morgenstern,gold
Q251465,Andreas Kofler,silver
Q251465,Lars Bystøl,bronze
Q3879620,Brad Bridgewater,gold
Q3879620,Tripp Schwenk,silver
Q3879620,Emanuele Merisi,bronze
Q7500788,Boris Kokorev,gold
Q7500788,Igor Basinski,silver
Q7500788,Roberto Di Donna,bronze
Q8037930,Tom Brands,gold
Q8037930,Jang Jae-sung,silver
Q8037930,Elbrus Tedeyev,bronze
Q8037934,Buvaisar Saitiev,gold
Q8037934,Park Jang-soon,silver
Q8037934,Takuya Ota,bronze
Q2377414,Christian Schenk,gold
Q2377414,Torsten Voss,silver
Q2377414,Dave Steen,bronze
Q3628705,Khristo Markov,gold
Q3628705,Igor Lapshin,silver
Q3628705,Aleksandr Kovalenko,bronze
Q2318836,Athanasia Tsoumeleka,gold
Q2318836,Olimpiada Ivanova,silver
Q2318836,Jane Saville,bronze
Q3879667,Yang Wenyi,gold
Q3879667,Zhuang Yong,silver
Q3879667,Angel Martino,bronze
Q3879614,Frédérik Deburghgraeve,gold
Q3879614,Jeremy Linn,silver
Q3879614,Mark Warnecke,bronze
Q1115025,Aaron Peirsol,gold
Q1115025,Markus Rogan,silver
Q1115025,Tomomi Morita,bronze
Q3879585,Lenny Krayzelburg,gold
Q3879585,Aaron Peirsol,silver
Q3879585,Matt Welsh,bronze
Q58412558,Juan Carlos Lemus,gold
Q58412558,Orhan Delibaş,silver
Q58412558,György Mizsei,bronze
Q3565575,Kim Young-nam,gold
Q3565575,Daulet Turlykhanov,silver
Q3565575,Józef Tracz,bronze
Q10522535,Nazim Huseynov,gold
Q10522535,Yoon Hyun,silver
Q10522535,Tadanori Koshino,bronze
Q22964454,Liliana Gafencu,gold
Q22964454,Veronica Cochela,gold
Q22964454,Elena Georgescu,gold
Q22964454,Anca Tănase,gold
Q22964454,Doina Spîrcu,gold
Q22964454,Marioara Popescu,gold
Q22964454,Ioana Olteanu,gold
Q22964454,Elisabeta LipăDoina Ignat,gold
Q22964454,Anna van der Kamp,silver
Q22964454,Tosha Tsang,silver
Q22964454,Lesley Thompson,silver
Q22964454,Emma Robinson,silver
Q22964454,Jessica Monroe,silver
Q22964454,Heather Mc,silver
Q22964454,Dermid,silver
Q22964454,Maria Maunder,silver
Q22964454,Theresa Luke,silver
Q22964454,Alison Korn,silver
Q22964454,Yelena Mikulich,bronze
Q22964454,Marina Znak,bronze
Q22964454,Nataliya Volchek,bronze
Q22964454,Nataliya Stasyuk,bronze
Q22964454,Tamara Davydenko,bronze
Q22964454,Valentina Skrabatun,bronze
Q22964454,Nataliya Lavrinenko,bronze
Q22964454,Yaroslava Pavlovich,bronze
Q22964454,Aleksandra Pankina,bronze
Q825035,Hannah Teter,gold
Q825035,Gretchen Bleiler,silver
Q825035,Kjersti Buaas,bronze
Q5970589,Vladimir Salnikov,gold
Q5970589,Stefan Pfeiffer,silver
Q5970589,Uwe Daßler,bronze
Q3980076,Hadi Saei,gold
Q3980076,Huang Chih-hsiung,silver
Q3980076,Song Myeong-Seob,bronze
Q5448039,Oksana Grishuk,gold
Q5448039,Evgeni Platov,gold
Q5448039,Maya Usova,silver
Q5448039,Alexander Zhulin,silver
Q5448039,Jayne Torvill,bronze
Q5448039,Christopher Dean,bronze
Q1408881,Ellen van Langen,gold
Q1408881,Liliya Nurutdinova,silver
Q1408881,Ana Fidelia Quirot,bronze
Q589310,Yevgeny Kafelnikov,gold
Q589310,Tommy Haas,silver
Q589310,Arnaud Di Pasquale,bronze
Q1005616,Edgar Grospiron,gold
Q1005616,Olivier Allamand,silver
Q1005616,Nelson Carmichael,bronze
Q1222717,Deborah Compagnoni,gold
Q1222717,Alexandra Meissnitzer,silver
Q1222717,Katja Seizinger,bronze
Q3879598,Susie O'Neill,gold
Q3879598,Martina Moravcová,silver
Q3879598,Claudia Poll,bronze
Q1076376,Yana Klochkova,gold
Q1076376,Yasuko Tajima,silver
Q1076376,Beatrice Câșlaru,bronze
Q1004934,Ole Einar Bjørndalen,gold
Q1004934,Frode Andresen,silver
Q1004934,Ville Räikkönen,bronze
Q3879567,Jodie Henry,gold
Q3879567,Inge de Bruijn,silver
Q3879567,Natalie Coughlin,bronze
Q7500786,Ralf Schumann,gold
Q7500786,Emil Milev,silver
Q7500786,Vladimir Vokhmyanin,bronze
Q1005334,Georg Hackl,gold
Q1005334,Armin Zöggeler,silver
Q1005334,Jens Müller,bronze
Q1421749,Chris Hoy,gold
Q1421749,Arnaud Tournant,silver
Q1421749,Stefan Nimke,bronze
Q8037908,Mnatsakan Iskandaryan,gold
Q8037908,Józef Tracz,silver
Q8037908,Torbjörn Kornbakk,bronze
Q595055,Angelo Taylor,gold
Q595055,Hadi Souan Somayli,silver
Q595055,Llewellyn Herbert,bronze
Q252875,Yvonne van Gennip,gold
Q252875,Andrea Ehrig,silver
Q252875,Gabi Zange,bronze
Q8037965,Alireza Dabir,gold
Q8037965,Yevhen Buslovych,silver
Q8037965,Terry Brands,bronze
Q3879600,Tom Dolan,gold
Q3879600,Erik Vendt,silver
Q3879600,Curtis Myden,bronze
Q3628692,Paul Ereng,gold
Q3628692,Joaquim Cruz,silver
Q3628692,Saïd Aouita,bronze
Q1408936,Yelena Romanova,gold
Q1408936,Tetyana Dorovskikh,silver
Q1408936,Angela Chalmers,bronze
Q3628764,Konstantinos Kenteris,gold
Q3628764,Darren Campbell,silver
Q3628764,Ato Boldon,bronze
Q1005746,Markus Wasmeier,gold
Q1005746,Tommy Moe,silver
Q1005746,Kjetil André Aamodt,bronze
Q1004871,Kim Dong-sung,gold
Q1004871,Li Jiajun,silver
Q1004871,Éric Bédard,bronze
Q826510,Gerard van Velde,gold
Q826510,Jan Bos,silver
Q826510,Joey Cheek,bronze
Q7500777,Yeo Kab-soon,gold
Q7500777,Vesela Letcheva,silver
Q7500777,Aranka Binder,bronze
Q1005365,Andrey Moiseev,gold
Q1005365,Andrejus Zadneprovskis,silver
Q1005365,Libor Capalini,bronze
Q1026904,Tatiana Gutsu,gold
Q1026904,Shannon Miller,silver
Q1026904,Lavinia Miloșovici,bronze
Q25239314,Sevdalin Marinov,gold
Q25239314,Chun Byung-kwan,silver
Q25239314,He Zhuoqiang,bronze
Q4160924,Tadahiro Nomura,gold
Q4160924,Jung Bu-kyung,silver
Q4160924,Manolo Poulot,bronze
Q3628782,Robert Korzeniowski,gold
Q3628782,Aigars Fadejevs,silver
Q3628782,Joel Sánchez,bronze
Q3561230,Erika Salumäe,gold
Q3561230,Annett Neumann,silver
Q3561230,Ingrid Haringa,bronze
Q570058,Inge de Bruijn,gold
Q570058,Malia Metella,silver
Q570058,Lisbeth Lenton,bronze
Q478542,Kristina Šmigun,gold
Q478542,Kateřina Neumannová,silver
Q478542,Yevgeniya Medvedeva-Arbuzova,bronze
Q3879662,Dagmar Hase,gold
Q3879662,Janet Evans,silver
Q3879662,Hayley Lewis,bronze
Q3879607,Jeff Rouse,gold
Q3879607,Rodolfo Falcón,silver
Q3879607,Neisser Bent,bronze
Q3628785,Iván Pedroso,gold
Q3628785,Jai Taurima,silver
Q3628785,Roman Shchurenko,bronze
Q824928,Shaun White,gold
Q824928,Daniel Kass,silver
Q824928,Markku Koski,bronze
Q10466403,Zhuang Xiaoyan,gold
Q10466403,Estela Rodríguez,silver
Q10466403,Natalia Lupino,bronze
Q1130659,Gary Hall Jr.,gold
Q1130659,Duje Draganja,silver
Q1130659,Roland Schoeman,bronze
Q5644525,Alexei Yagudin,gold
Q5644525,Evgeni Plushenko,silver
Q5644525,Timothy Goebel,bronze
Q1183979,Justine Henin,gold
Q1183979,Amélie Mauresmo,silver
Q1183979,Alicia Molik,bronze
Q10466384,Ulla Werbrouck,gold
Q10466384,Yoko Tanabe,silver
Q10466384,Ylenia Scapin,bronze
Q599322,Ian Thorpe,gold
Q599322,Grant Hackett,silver
Q599322,Klete Keller,bronze
Q3879583,"Michael Phelps, Ryan Lochte, Peter Vanderkaay, Klete Keller, Scott Goldblatt*, Dan Ketchum*",gold
Q3879583,"Grant Hackett, Michael Klim, Nicholas Sprenger, Ian Thorpe, Antony Matkovich*, Todd Pearson*, Craig Stevens*",silver
Q3879583,"Emiliano Brembilla, Massimiliano Rosolino, Simone Cercato, Filippo Magnini, Federico Cappellazzo*, Matteo Pelliciari* *Indicates the swimmer only competed in the preliminary heats.",bronze
Q3879651,Summer Sanders,gold
Q3879651,Wang Xiaohong,silver
Q3879651,Susie O'Neill,bronze
Q3879608,Beth Botsford,gold
Q3879608,Whitney Hedgepeth,silver
Q3879608,Marianne Kriel,bronze
Q3879593,Tom Malchow,gold
Q3879593,Denys Sylantyev,silver
Q3879593,Justin Norris,bronze
Q3628686,Debbie Flintoff-King,gold
Q3628686,Tatyana Ledovskaya,silver
Q3628686,Ellen Fiedler,bronze
Q4443765,Franck Dumoulin,gold
Q4443765,Wang Yifu,silver
Q4443765,Igor Basinski,bronze
Q3628680,Yordanka Donkova,gold
Q3628680,Gloria Siebert,silver
Q3628680,Claudia Zaczkiewicz,bronze
Q3879569,Kirsty Coventry,gold
Q3879569,Stanislava Komarova,silver
Q3879569,Reiko Nakamura,bronze
Q3628770,Million Wolde,gold
Q3628770,Ali Saïdi-Sief,silver
Q3628770,Brahim Lahlafi,bronze
Q1004926,Frank-Peter Roetsch,gold
Q1004926,Valeriy Medvedtsev,silver
Q1004926,Sergei Tchepikov,bronze
Q5443136,Stefano Cerioni,gold
Q5443136,Udo Wagner,silver
Q5443136,Aleksandr Romankov,bronze
Q7500785,Yang Ling,gold
Q7500785,Xiao Jun,silver
Q7500785,Miroslav Januš,bronze
Q8037923,Vyacheslav Oliynyk,gold
Q8037923,Jacek Fafiński,silver
Q8037923,Maik Bullmann,bronze
Q1408927,Dieter Baumann,gold
Q1408927,Paul Bitok,silver
Q1408927,Fita Bayisa,bronze
Q8037919,Ryszard Wolny,gold
Q8037919,Ghani Yalouz,silver
Q8037919,Aleksandr Tretyakov,bronze
Q2557141,Ezekiel Kemboi,gold
Q2557141,Brimin Kipruto,silver
Q2557141,Paul Kipsiele Koech,bronze
Q4160925,Legna Verdecia,gold
Q4160925,Noriko Narazaki,silver
Q4160925,Kye Sun-hui,bronze
Q3628703,Hennadiy Avdyeyenko,gold
Q3628703,Hollis Conway,silver
Q3628703,Rudolf Povarnitsyn,bronze
Q8037924,Kurt Angle,gold
Q8037924,Abbas Jadidi,silver
Q8037924,Arawat Sabejew,bronze
Q1004869,Kim Ki-hoon,gold
Q1004869,Frédéric Blackburn,silver
Q1004869,Lee Joon-ho,bronze
Q370917,Aleksandr Dokturishvili,gold
Q370917,Marko Yli-Hannuksela,silver
Q370917,Varteres Samurgashev,bronze
Q562654,Miloslav Mečíř,gold
Q562654,Tim Mayotte,silver
Q562654,Stefan Edberg,bronze
Q8037913,Andrzej Wroński,gold
Q8037913,Sergey Lishtvan,silver
Q8037913,Mikael Ljungberg,bronze
Q7500784,Artem Khadjibekov,gold
Q7500784,Wolfram Waibel,silver
Q7500784,Jean-Pierre Amat,bronze
Q8037937,Khadzhimurad Magomedov,gold
Q8037937,Yang Hyung-mo,silver
Q8037937,Amir Reza Khadem,bronze
Q8037922,Hamza Yerlikaya,gold
Q8037922,Thomas Zander,silver
Q8037922,Valery Tsilent,bronze
Q1005313,Armin Zöggeler,gold
Q1005313,Georg Hackl,silver
Q1005313,Markus Prock,bronze
Q3628704,Jackie Joyner-Kersee,gold
Q3628704,Heike Drechsler,silver
Q3628704,Galina Chistyakova,bronze
Q826500,Svetlana Bazhanova,gold
Q826500,Emese Hunyady,silver
Q826500,Claudia Pechstein,bronze
Q10522577,Jeon Ki-Young,gold
Q10522577,Armen Bagdasarov,silver
Q10522577,Marko Spittka,bronze
Q10522587,Aleksandr Kirichenko,gold
Q10522587,Martin Vinnicombe,silver
Q10522587,Robert Lechner,bronze
Q587805,Bob de Jong,gold
Q587805,Chad Hedrick,silver
Q587805,Carl Verheijen,bronze
Q8037926,Mahmut Demir,gold
Q8037926,Aleksey Medvedev,silver
Q8037926,Bruce Baumgartner,bronze
Q1005371,Ross Powers,gold
Q1005371,Daniel Kass,silver
Q1005371,Jarret Thomas,bronze
Q1222712,Pernilla Wiberg,gold
Q1222712,Anita Wachter,silver
Q4354074,Du Li,gold
Q4354074,Lioubov Galkina,silver
Q4354074,Kateřina Kůrková,bronze
Q8037917,Yuriy Melnichenko,gold
Q8037917,Dennis Hall,silver
Q8037917,Sheng Zetian,bronze
Q3879628,Claudia Poll,gold
Q3879628,Franziska van Almsick,silver
Q3879628,Dagmar Hase,bronze
Q10522589,Hitoshi Saito,gold
Q10522589,Henry Stöhr,silver
Q10522589,Cho Yong-chul,bronze
Q25939,Alessandro Puccini,gold
Q25939,Lionel Plumenail,silver
Q25939,Franck Boidin,bronze
Q1422103,Inessa Kravets,gold
Q1422103,Inna Lasovskaya,silver
Q1422103,Šárka Kašpárková,bronze
Q3628792,Allen Johnson,gold
Q3628792,Mark Crear,silver
Q3628792,Florian Schwarthoff,bronze
Q1005284,Hubert Strolz,gold
Q1005284,Bernhard Gstrein,silver
Q1005284,Paul Accola,bronze
Q3730943,Rodrigo Pessoa,gold
Q3730943,Chris Kappler,silver
Q3730943,Marco Kutscher,bronze
Q1076363,Ian Thorpe,gold
Q1076363,Massimiliano Rosolino,silver
Q1076363,Klete Keller,bronze
Q7979997,Zhan Xugang,gold
Q7979997,Viktor Mitrou,silver
Q7979997,Arsen Melikyan,bronze
Q3837496,Khasan Baroev,gold
Q3837496,Georgiy Tsurtsumia,silver
Q3837496,Rulon Gardner,bronze
Q1005211,Gunde Svan,gold
Q1005211,Maurilio De Zolt,silver
Q1005211,Andreas Grünenfelder,bronze
Q1005811,Ross Rebagliati,gold
Q1005811,Thomas Prugger,silver
Q1005811,Ueli Kestenholz,bronze
Q3565605,Vincenzo Maenza,gold
Q3565605,Andrzej Głąb,silver
Q3565605,Bratan Tsenov,bronze
Q1005575,Tommy Moe,gold
Q1005575,Kjetil André Aamodt,silver
Q1005575,Ed Podivinsky,bronze
Q1377439,Yang Wei Zhang Jiewen,gold
Q1377439,Gao Ling Huang Sui,silver
Q1377439,Lee Kyung-won Ra Kyung-min,bronze
Q2463752,Jeremy Wariner,gold
Q2463752,Otis Harris,silver
Q2463752,Derrick Brew,bronze
Q3925468,Yan Bartelemí,gold
Q3925468,Atagün Yalçınkaya,silver
Q3925468,Zou Shiming,bronze
Q1005065,Vegard Ulvang,gold
Q1005065,Bjørn Dæhlie,silver
Q1005065,Terje Langli,bronze
Q3879761,Anastasia Davydova,gold
Q3879761,Anastasia Ermakova,gold
Q3879761,Miya Tachibana,silver
Q3879761,Miho Takeda,silver
Q3879761,Alison Bartosik,bronze
Q3879761,Anna Kozlova,bronze
Q13572928,Pyrros Dimas,gold
Q13572928,Marc Huster,silver
Q13572928,Andrzej Cofalik,bronze
Q1005801,Benjamin Raich,gold
Q1005801,Joël Chenal,silver
Q1005801,Hermann Maier,bronze
Q3628772,Maria Mutola,gold
Q3628772,Stephanie Graf,silver
Q3628772,Kelly Holmes,bronze
Q2318914,Olga Kuzenkova,gold
Q2318914,Yipsi Moreno,silver
Q2318914,Yunaika Crawford,bronze
Q1005571,Pirmin Zurbriggen,gold
Q1005571,Peter Müller,silver
Q1005571,Franck Piccard,bronze
Q5403447,Tor Heiestad,gold
Q5403447,Huang Shiping,silver
Q5403447,Gennadi Avramenko,bronze
Q1004961,Johann Olav Koss,gold
Q1004961,Ådne Søndrål,silver
Q1004961,Leo Visser,bronze
Q3879632,Danyon Loader,gold
Q3879632,Paul Palmer,silver
Q3879632,Daniel Kowalski,bronze
Q7979995,Hossein Tavakkoli,gold
Q7979995,Alan Tsagaev,silver
Q7979995,Said Saif Asaad,bronze
Q22964453,Megan Still Kate Slatter,gold
Q22964453,Karen Kraft,silver
Q22964453,Melissa Schwen,silver
Q22964453,Christine Gossé,bronze
Q22964453,Hélène Cortin,bronze
Q562647,Steffi Graf,gold
Q562647,Gabriela Sabatini,silver
Q562647,Zina Garrison,bronze
Q1074316,Diana Mocanu,gold
Q1074316,Mai Nakamura,silver
Q1074316,Nina Zhivanevskaya,bronze
Q3837498,Aleksey Mishin,gold
Q3837498,Ara Abrahamian,silver
Q3837498,Viachaslau Makaranka,bronze
Q8037960,Murat Kardanov,gold
Q8037960,Matt Lindland,silver
Q8037960,Marko Yli-Hannuksela,bronze
Q256529,Michael Greis,gold
Q256529,Tomasz Sikora,silver
Q256529,Ole Einar Bjørndalen,bronze
Q1005286,Josef Polig,gold
Q1005286,Gianfranco Martin,silver
Q1005286,Steve Locher,bronze
Q2557677,Yelena Isinbayeva,gold
Q2557677,Svetlana Feofanova,silver
Q2557677,Anna Rogowska,bronze
Q7500761,Kanstantsin Lukashyk,gold
Q7500761,Wang Yifu,silver
Q7500761,Ragnar Skanåker,bronze
Q1408888,Andrey Perlov,gold
Q1408888,Carlos Mercenario,silver
Q1408888,Ronald Weigel,bronze
Q3879626,Norbert Rózsa,gold
Q3879626,Károly Güttler,silver
Q3879626,Andrey Korneyev,bronze
Q10572465,Hocine Soltani,gold
Q10572465,Tontcho Tontchev,silver
Q10572465,Terrance Cauthen,bronze
Q10426127,Joel Casamayor,gold
Q10426127,Wayne Mc,silver
Q10426127,Cullough,silver
Q10426127,Mohammed Achik,bronze
Q3879611,Denis Pankratov,gold
Q3879611,Scott Miller,silver
Q3879611,Vladislav Kulikov,bronze
Q3879617,Kieren Perkins,gold
Q3879617,Daniel Kowalski,silver
Q3879617,Graeme Smith,bronze
Q3628774,Yanina Korolchik,gold
Q3628774,Larisa Peleshenko,silver
Q3628774,Astrid Kumbernuss,bronze
Q1005731,Jimmy Shea,gold
Q1005731,Martin Rettl,silver
Q1005731,Gregor Stähli,bronze
Q1004964,Johann Olav Koss,gold
Q1004964,Rintje Ritsma,silver
Q1004964,Falko Zandstra,bronze
Q3628783,Nick Hysong,gold
Q3628783,Lawrence Johnson,silver
Q3628783,Maksim Tarasov,bronze
Q3628702,Sergey Bubka,gold
Q3628702,Rodion Gataullin,silver
Q3628702,Grigoriy Yegorov,bronze
Q988370,Bjarte Engen Vik,gold
Q988370,Samppa Lajunen,silver
Q988370,Valery Stolyarov,bronze
Q5443151,Sergey Sharikov Stanislav Pozdnyakov Aleksey Frosin,gold
Q5443151,Mathieu Gourdain Damien Touya Julien Pillet Cédric Séguin,silver
Q5443151,Dennis Bauer Alexander Weber Wiradech Kothny,bronze
Q3879635,Brooke Bennett,gold
Q3879635,Dagmar Hase,silver
Q3879635,Kirsten Vlieghuis,bronze
Q3837500,Karam Gaber,gold
Q3837500,Ramaz Nozadze,silver
Q3837500,Mehmet Özal,bronze
Q1222721,Karine Ruby,gold
Q1222721,Heidi Renoth,silver
Q1222721,Brigitte Köck,bronze
Q10497007,Kim Kwang-sun,gold
Q10497007,Andreas Tews,silver
Q10497007,Mario González,bronze
Q1076295,Domenico Fioravanti,gold
Q1076295,Ed Moses,silver
Q1076295,Roman Sloudnov,bronze
Q12808128,Akakios Kakiasvili,gold
Q12808128,Anatoly Khrapaty,silver
Q12808128,Denys Hotfrid,bronze
Q22964459,Steve Redgrave,gold
Q22964459,Matthew Pinsent,gold
Q22964459,David Weightman,silver
Q22964459,Rob Scott,silver
Q22964459,Michel Andrieux,bronze
Q22964459,Jean-Christophe Rolland,bronze
Q3628752,Faní Halkiá,gold
Q3628752,Ionela Târlea-Manolache,silver
Q3628752,Tetyana Tereshchuk-Antipova,bronze
Q3879654,Tamás Darnyi,gold
Q3879654,Greg Burgess,silver
Q3879654,Attila Czene,bronze
Q25800,Dmitry Shevchenko Ilgar Mammadov Vladislav Pavlovich,gold
Q25800,Adam Krzesiński Piotr Kiełpikowski Ryszard Sobczak Jarosław Rodzewicz,silver
Q25800,Elvis Gregory Oscar García Rolando Tucker,bronze
Q38601,Elmar Borrmann Robert Felisiak Arnd Schmitt Uwe Proske Wladimir Resnitschenko,gold
Q38601,Iván Kovács Krisztián Kulcsár Ferenc Hegedűs Ernő Kolczonay Gábor Totola,silver
Q38601,Pavel Kolobkov Andrey Shuvalov Serhiy Kravchuk Sergey Kostarev Valery Zakharevich,bronze
Q384008,Paul Hamm,gold
Q384008,Kim Dae-Eun,silver
Q384008,Yang Tae Young,bronze
Q3628691,Sigrun Wodars,gold
Q3628691,Christine Wachtel,silver
Q3628691,Kim Gallagher,bronze
Q3628698,Sergey Litvinov,gold
Q3628698,Yuriy Sedykh,silver
Q3628698,Jüri Tamm,bronze
Q3565736,Atanas Komchev,gold
Q3565736,Harri Koskela,silver
Q3565736,Vladimir Popov,bronze
Q3879589,Inge de Bruijn,gold
Q3879589,Therese Alshammar,silver
Q3879589,Jenny Thompson,bronze
Q2303677,Linford Christie,gold
Q2303677,Frankie Fredericks,silver
Q2303677,Dennis Mitchell,bronze
Q988374,Fabrice Guy,gold
Q988374,Sylvain Guillaume,silver
Q988374,Klaus Sulzenbacher,bronze
Q3628694,Natalya Lisovskaya,gold
Q3628694,Kathrin Neimke,silver
Q3628694,Li Meisu,bronze
Q3628754,Jason Gardener,gold
Q3628754,Darren Campbell,gold
Q3628754,Marlon Devonish,gold
Q3628754,Mark Lewis-Francis,gold
Q3628754,Shawn Crawford,silver
Q3628754,Justin Gatlin,silver
Q3628754,Coby Miller,silver
Q3628754,Maurice Greene,silver
Q3628754,Darvis Patton* * only competed inthe preliminary heats.,silver
Q3628754,Olusoji Fasuba,bronze
Q3628754,Uchenna Emedolu,bronze
Q3628754,Aaron Egbele,bronze
Q3628754,Deji Aliu,bronze
Q3628710,Tapio Korjus,gold
Q3628710,Jan Železný,silver
Q3628710,Seppo Räty,bronze
Q1005155,Tomas Gustafson,gold
Q1005155,Leo Visser,silver
Q1005155,Gerard Kemkers,bronze
Q3899247,Dmitry Svatkovsky,gold
Q3899247,Gábor Balogh,silver
Q3899247,Pavel Dovgal,bronze
Q3837508,Mavlet Batirov,gold
Q3837508,Stephen Abas,silver
Q3837508,Chikara Tanabe,bronze
Q3628777,Virgilijus Alekna,gold
Q3628777,Lars Riedel,silver
Q3628777,Frantz Kruger,bronze
Q3628685,Tetyana Samolenko,gold
Q3628685,Paula Ivan,silver
Q3628685,Yvonne Murray,bronze
Q8037969,Brandon Slay,gold
Q8037969,Moon Eui-jae,silver
Q8037969,Adem Bereket,bronze
Q1005189,Marc Gagnon,gold
Q1005189,Jonathan Guilmette,silver
Q1005189,Rusty Smith,bronze
Q4160922,Ryoko Tamura,gold
Q4160922,Lyubov Bruletova,silver
Q4160922,Anna-Maria Gradante,bronze
Q1004936,Bjørn Dæhlie,gold
Q1004936,Vladimir Smirnov,silver
Q1004936,Marco Albarello,bronze
Q255955,Dan Jansen,gold
Q255955,Igor Zhelezovski,silver
Q255955,Sergey Klevchenya,bronze
Q8037967,Daniel Igali,gold
Q8037967,Arsen Gitinov,silver
Q8037967,Lincoln Mc,bronze
Q8037967,Ilravy,bronze
Q1004968,Apolo Anton Ohno,gold
Q1004968,Li Jiajun,silver
Q1004968,Marc Gagnon,bronze
Q2313564,Shawn Crawford,gold
Q2313564,Bernard Williams,silver
Q2313564,Justin Gatlin,bronze
Q3879588,Misty Hyman,gold
Q3879588,Susie O'Neill,silver
Q3879588,Petria Thomas,bronze
Q3561235,Jens Fiedler,gold
Q3561235,Gary Neiwand,silver
Q3561235,Curt Harnett,bronze
Q823663,Dale Begg-Smith,gold
Q823663,Mikko Ronkainen,silver
Q823663,Toby Dawson,bronze
Q3628763,Pauline Davis-Thompson,gold
Q3628763,Susanthika Jayasinghe,silver
Q3628763,Beverly Mc,bronze
Q3628763,Donald,bronze
Q988367,Samppa Lajunen,gold
Q988367,Jaakko Tallus,silver
Q988367,Felix Gottwald,bronze
Q1005804,Alberto Tomba,gold
Q1005804,Hubert Strolz,silver
Q1005804,Pirmin Zurbriggen,bronze
Q7980006,Lin Weining,gold
Q7980006,Erzsébet Márkus,silver
Q7980006,Karnam Malleswari,bronze
Q3879573,Yana Klochkova,gold
Q3879573,Amanda Beard,silver
Q3879573,Kirsty Coventry,bronze
Q577507,Yvonne van Gennip,gold
Q577507,Andrea Ehrig,silver
Q577507,Gabi Zange,bronze
Q3899244,János Martinek,gold
Q3899244,Carlo Massullo,silver
Q3899244,Vakhtang Iagorashvili,bronze
Q1421581,Lori-Ann Muenzer,gold
Q1421581,Tamilla Abassova,silver
Q1421581,Anna Meares,bronze
Q8037902,Aleksandr Karelin,gold
Q8037902,Tomas Johansson,silver
Q8037902,Ioan Grigoraș,bronze
Q1005572,Patrick Ortlieb,gold
Q1005572,Franck Piccard,silver
Q1005572,Günther Mader,bronze
Q5443140,Frédéric Delpla Jean-Michel Henry Olivier Lenglet Philippe Riboud Éric Srecki,gold
Q5443140,Elmar Borrmann Volker Fischer Thomas Gerull Alexander Pusch Arnd Schmitt,silver
Q5443140,Andrey Shuvalov Pavel Kolobkov Wladimir Resnitschenko Mykhailo Tyshko Igor Tikhomirov,bronze
Q1409055,Sally Gunnell,gold
Q1409055,Sandra Farmer-Patrick,silver
Q1409055,Janeene Vickers,bronze
Q10466383,Kim Mi-jung,gold
Q10466383,Yoko Tanabe,silver
Q10466383,Irene de Kok,bronze
Q10572431,Torsten May,gold
Q10572431,Rostyslav Zaulychnyi,silver
Q10572431,Wojciech Bartnik,bronze
Q3879616,Alexander Popov,gold
Q3879616,"Gary Hall, Jr.",silver
Q3879616,Gustavo Borges,bronze
Q3899249,Arkadiusz Skrzypaszek,gold
Q3899249,Attila Mizsér,silver
Q3899249,Eduard Zenovka,bronze
Q1005328,Jens Müller,gold
Q1005328,Georg Hackl,silver
Q1005328,Yury Kharchenko,bronze
Q3879602,Inge de Bruijn,gold
Q3879602,Therese Alshammar,silver
Q3879602,Dara Torres,bronze
Q3879604,Anthony Ervin,gold
Q3879604,Pieter van den Hoogenband,bronze
Q3628690,John Ngugi,gold
Q3628690,Dieter Baumann,silver
Q3628690,Hansjörg Kunze,bronze
Q1005187,Hiroyasu Shimizu,gold
Q1005187,Jeremy Wotherspoon,silver
Q1005187,Kevin Overland,bronze
Q825731,Björn Lind,gold
Q825731,Roddy Darragon,silver
Q825731,Thobias Fredriksson,bronze
Q2313552,Kelly Holmes,gold
Q2313552,Tatyana Tomashova,silver
Q2313552,Maria Cioncan,bronze
Q3879595,Massimiliano Rosolino,gold
Q3879595,Tom Dolan,silver
Q3879595,Tom Wilkens,bronze
Q22964458,André Steiner,gold
Q22964458,Andreas Hajek,gold
Q22964458,Stephan Volkert,gold
Q22964458,André Willms,gold
Q22964458,Tim Young,silver
Q22964458,Brian Jamieson,silver
Q22964458,Eric Mueller,silver
Q22964458,Jason Gailes,silver
Q22964458,Janusz Hooker,bronze
Q22964458,Duncan Free,bronze
Q22964458,Ronald Snook,bronze
Q22964458,Bo Hanson,bronze
Q4467905,Yang Xia,gold
Q4467905,Li Feng-ying,silver
Q4467905,Winarni Binti Slamet,bronze
Q10426128,Kennedy Mc,gold
Q10426128,Kinney,gold
Q10426128,Aleksandar Khristov,silver
Q10426128,Jorge Eliécer Julio,bronze
Q3628687,Andre Phillips,gold
Q3628687,Amadou Dia Ba,silver
Q3628687,Edwin Moses,bronze
Q8037974,Sagid Murtazaliev,gold
Q8037974,Islam Bayramukov,silver
Q8037974,Eldar Kurtanidze,bronze
Q2311975,Koji Murofushi,gold
Q2311975,not awarded,silver
Q2311975,not awarded,bronze
Q1005331,Georg Hackl,gold
Q1005331,Markus Prock,silver
Q1005331,Markus Schmidt,bronze
Q3925463,Mario Kindelán,gold
Q3925463,Amir Khan,silver
Q3925463,Serik Yeleuov,bronze
Q825222,Catriona Le May Doan,gold
Q825222,Monique Garbrecht-Enfeldt,silver
Q825222,Sabine Völker,bronze
Q825088,Daniela Meuli,gold
Q825088,Amelie Kober,silver
Q825088,Rosey Fletcher,bronze
Q988361,Ernst Vettori,gold
Q988361,Martin Höllwarth,silver
Q988361,Toni Nieminen,bronze
Q4467910,Soraya Jiménez,gold
Q4467910,Ri Song-hui,silver
Q4467910,Khassaraporn Suta,bronze
Q1156252,Albert Taillandier,gold
Q1156252,Fernand Sanz,silver
Q1156252,John Henry Lake,bronze
Q1005158,Gianni Romme,gold
Q1005158,Rintje Ritsma,silver
Q1005158,Bart Veldkamp,bronze
Q3811001,Maki Tsukada,gold
Q3811001,Daima Beltrán,silver
Q3811001,Tea Donguzashvili,bronze
Q3925469,Alexander Povetkin,gold
Q3925469,Mohamed Aly,silver
Q3925469,Michel López Núñez,bronze
Q1005808,Markus Wasmeier,gold
Q1005808,Urs Kälin,silver
Q1005808,Christian Mayer,bronze
Q10497009,Maikro Romero,gold
Q10497009,Bulat Jumadilov,silver
Q10497009,Albert Pakeyev,bronze
Q1005108,Halvard Hanevold,gold
Q1005108,Frode Andresen,gold
Q1005108,Egil Gjelland,gold
Q1005108,Ole Einar Bjørndalen,gold
Q1005108,Ricco GroßPeter Sendel,silver
Q1005108,Sven Fischer,silver
Q1005108,Frank Luck,silver
Q1005108,Gilles Marguet,bronze
Q1005108,Vincent Defrasne,bronze
Q1005108,Julien Robert,bronze
Q1005108,Raphaël Poirée,bronze
Q3879562,Petria Thomas,gold
Q3879562,Otylia Jędrzejczak,silver
Q3879562,Inge de Bruijn,bronze
Q8037956,Armen Nazaryan,gold
Q8037956,Kim In-sub,silver
Q8037956,Sheng Zetian,bronze
Q822588,István Majoros,gold
Q822588,Geidar Mamedaliyev,silver
Q822588,Artiom Kiouregkian,bronze
Q2312004,Yelena Slesarenko,gold
Q2312004,Hestrie Cloete,silver
Q2312004,Vita Styopina,bronze
Q3879630,Michelle Smith,gold
Q3879630,Dagmar Hase,silver
Q3879630,Kirsten Vlieghuis,bronze
Q10684072,Lennox Lewis,gold
Q10684072,Riddick Bowe,silver
Q10684072,Aleksandr Miroshnichenko,bronze
Q10522572,Kenzo Nakamura,gold
Q10522572,Kwak Dae-sung,silver
Q10522572,Jimmy Pedro,bronze
Q1005351,Tor Arne Hetland,gold
Q1005351,Peter Schlickenrieder,silver
Q1005351,Cristian Zorzi,bronze
Q5443142,Arnd Schmitt,gold
Q5443142,Philippe Riboud,silver
Q5443142,Andrey Shuvalov,bronze
Q3879668,Alexander Popov,gold
Q3879668,Matt Biondi,silver
Q3879668,Tom Jager,bronze
Q10466392,Odalis Revé,gold
Q10466392,Emanuela Pierantozzi,silver
Q10466392,Kate Howey,bronze
Q3837518,Khadzhimurat Gatsalov,gold
Q3837518,Magomed Ibragimov,silver
Q3837518,Alireza Heidari,bronze
Q3879594,Yana Klochkova,gold
Q3879594,Beatrice Câșlaru,silver
Q3879594,Cristina Teuscher,bronze
Q3628708,Danny Everett,gold
Q3628708,Steve Lewis,gold
Q3628708,Kevin Robinzine,gold
Q3628708,Butch Reynolds,gold
Q3628708,Antonio Mc,gold
Q3628708,Kay*Andrew Valmon*,gold
Q3628708,Howard Davis,silver
Q3628708,Devon Morris,silver
Q3628708,Winthrop Graham,silver
Q3628708,Bert Cameron,silver
Q3628708,Trevor Graham*,silver
Q3628708,Norbert Dobeleit,bronze
Q3628708,Edgar Itt,bronze
Q3628708,Jörg Vaihinger,bronze
Q3628708,Ralf Lübke,bronze
Q3628708,Bodo Kuhn*Mark Henrich*,bronze
Q1076347,Inge de Bruijn,gold
Q1076347,Martina Moravcová,silver
Q1076347,Dara Torres,bronze
Q8037915,Armen Nazaryan,gold
Q8037915,Brandon Paulson,silver
Q8037915,Andriy Kalashnikov,bronze
Q10466400,Erika Salumäe,gold
Q10466400,Christa Luding-Rothenburger,silver
Q10466400,Connie Paraskevin,bronze
Q3628683,Peter Rono,gold
Q3628683,Peter Elliott,silver
Q3628683,Jens-Peter Herold,bronze
Q1004965,Ådne Søndrål,gold
Q1004965,Ids Postma,silver
Q1004965,Rintje Ritsma,bronze
Q1005617,Jean-Luc Brassard,gold
Q1005617,Sergey Shupletsov,silver
Q1005617,Edgar Grospiron,bronze
Q2558525,Carolina Klüft,gold
Q2558525,Austra Skujytė,silver
Q2558525,Kelly Sotherton,bronze
Q38410,Giovanna Trillini,gold
Q38410,Wang Huifeng,silver
Q38410,Tatyana Sadovskaya,bronze
Q3811009,Masae Ueno,gold
Q3811009,Edith Bosch,silver
Q3811009,Qin Dongya,bronze
Q1069209,Ireen Wüst,gold
Q1069209,Renate Groenewold,silver
Q1069209,Cindy Klassen,bronze
Q1408901,William Tanui,gold
Q1408901,Nixon Kiprotich,silver
Q1408901,Johnny Gray,bronze
Q22964457,Victor Feddersen,gold
Q22964457,Niels Henriksen,gold
Q22964457,Thomas Poulsen,gold
Q22964457,Eskild Ebbesen,gold
Q22964457,Brian Peaker,silver
Q22964457,Jeffrey Lay,silver
Q22964457,Dave Boyes,silver
Q22964457,Gavin Hassett,silver
Q22964457,Marc Schneider,bronze
Q22964457,Jeff Pfaendtner,bronze
Q22964457,David Collins,bronze
Q22964457,William Carlucci,bronze
Q8037906,Péter Farkas,gold
Q8037906,Piotr Stępień,silver
Q8037906,Daulet Turlykhanov,bronze
Q988372,Fred Børre Lundberg,gold
Q988372,Takanori Kono,silver
Q988372,Bjarte Engen Vik,bronze
Q3628709,Petra Felke,gold
Q3628709,Fatima Whitbread,silver
Q3628709,Beate Koch,bronze
Q3811005,Yvonne Bönisch,gold
Q3811005,Kye Sun-hui,silver
Q3811005,Yurisleydis Lupetey,bronze
Q2328217,Yun Mi-jin,gold
Q2328217,Kim Nam-soon,silver
Q2328217,Kim Soo-nyung,bronze
Q4088890,Harald Czudaj,gold
Q4088890,Karsten Brannasch,gold
Q4088890,Olaf Hampel,gold
Q4088890,Alexander Szelig,gold
Q4088890,Gustav Weder,silver
Q4088890,Donat Acklin,silver
Q4088890,Kurt Meier,silver
Q4088890,Domenico Semeraro,silver
Q4088890,Wolfgang Hoppe,bronze
Q4088890,Ulf Hielscher,bronze
Q4088890,René Hannemann,bronze
Q4088890,Carsten Embach,bronze
Q3628766,Irina Privalova,gold
Q3628766,Deon Hemmings,silver
Q3628766,Nezha Bidouane,bronze
Q8037901,Héctor Milián,gold
Q8037901,Dennis Koslowski,silver
Q8037901,Sergey Demyashkevich,bronze
Q3879633,Amy Van Dyken,gold
Q3879633,Le Jingyi,silver
Q3879633,Sandra Völker,bronze
Q10684073,Roberto Balado,gold
Q10684073,Richard Igbineghu,silver
Q10684073,Svilen Rusinov,bronze
Q3879596,Ágnes Kovács,gold
Q3879596,Kristy Kowal,silver
Q3879596,Amanda Beard,bronze
Q2311908,Liping Wang,gold
Q2311908,Kjersti Plätzer,silver
Q2311908,María Vasco,bronze
Q3500417,Jon Rønningen,gold
Q3500417,Atsuji Miyahara,silver
Q3500417,Lee Jae-suk,bronze
Q1004913,Bart Veldkamp,gold
Q1004913,Johann Olav Koss,silver
Q1004913,Geir Karlstad,bronze
Q22964456,Nicholas Green,gold
Q22964456,Drew Ginn,gold
Q22964456,James Tomkins,gold
Q22964456,Mike Mc,gold
Q22964456,Kay,gold
Q22964456,Bertrand Vecten,silver
Q22964456,Olivier Moncelet,silver
Q22964456,Daniel Fauché,silver
Q22964456,Gilles Bosquet,silver
Q22964456,Gregory Searle,bronze
Q22964456,Jonathan William Searle,bronze
Q22964456,Rupert John Obholzer,bronze
Q22964456,Tim Foster,bronze
Q4088891,Gustav Weder,gold
Q4088891,Donat Acklin,gold
Q4088891,Reto Götschi,silver
Q4088891,Guido Acklin,silver
Q4088891,Günther Huber,bronze
Q4088891,Stefano Ticci,bronze
Q1004989,Bjørn Dæhlie,gold
Q1004989,Vegard Ulvang,silver
Q1004989,Giorgio Vanzetta,bronze
Q10572423,David Reid,gold
Q10572423,Alfredo Duvergel,silver
Q10572423,Karim Tulaganov,bronze
Q1076244,Megan Quann,gold
Q1076244,Leisel Jones,silver
Q1076244,Penny Heyns,bronze
Q10581228,Ariel Hernández,gold
Q10581228,Chris Byrd,silver
Q10581228,Chris Johnson,bronze
Q3899246,Stephanie Cook,gold
Q3899246,Emily de Riel,silver
Q3899246,Kate Allenby,bronze
Q1005621,Jean-Pierre Vidal,gold
Q1005621,Sébastien Amiez,silver
Q1005621,Benjamin Raich,bronze
Q988359,Matti Nykänen,gold
Q988359,Pavel Ploc,silver
Q988359,Jiří Malec,bronze
Q3500407,Andrzej Wroński,gold
Q3500407,Gerhard Himmel,silver
Q3500407,Dennis Koslowski,bronze
Q3879581,"Roland Schoeman, Lyndon Ferns, Darian Townsend, Ryk Neethling",gold
Q3879581,"Johan Kenkhuis, Mitja Zastrow, Klaas-Erik Zwering, Pieter van den Hoogenband, Mark Veens*",silver
Q3879581,"USAIan Crocker, Michael Phelps, Neil Walker, Jason Lezak, Nate Dusing*, Gary Hall Jr.*, Gabe Woodward* *Indicates the swimmer only competed in the preliminary heats.",bronze
Q3879564,Luo Xuejuan,gold
Q3879564,Brooke Hanson,silver
Q3879564,Leisel Jones,bronze
Q1408869,Gail Devers,gold
Q1408869,Juliet Cuthbert,silver
Q1408869,Irina Privalova,bronze
Q1408852,Quincy Watts,gold
Q1408852,Steve Lewis,silver
Q1408852,Samson Kitur,bronze
Q3628679,Olga Bondarenko,gold
Q3628679,Liz Mc,silver
Q3628679,Colgan,silver
Q3628679,Yelena Zhupiyova,bronze
Q10706346,Ray Mercer,gold
Q10706346,Baik Hyun-man,silver
Q10706346,Andrzej Gołota,bronze
Q8037929,Kendall Cross,gold
Q8037929,Guivi Sissaouri,silver
Q8037929,Ri Yong-sam,bronze
Q1141105,Michael Phelps,gold
Q1141105,Erik Vendt,silver
Q1141105,László Cseh,bronze
Q1005157,Geir Karlstad,gold
Q1005157,Falko Zandstra,silver
Q1005157,Leo Visser,bronze
Q1408920,Voula Patoulidou,gold
Q1408920,La,silver
Q1408920,Vonna Martin,silver
Q1408920,Yordanka Donkova,bronze
Q1004870,Kim Ki-hoon,gold
Q1004870,Chae Ji-hoon,silver
Q1004870,Marc Gagnon,bronze
Q3837497,Jung Ji-hyun,gold
Q3837497,Roberto Monzón,silver
Q3837497,Armen Nazaryan,bronze
Q3837499,Farid Mansurov,gold
Q3837499,Şeref Eroğlu,silver
Q3837499,Mkhitar Manukyan,bronze
Q3837505,Artur Taymazov,gold
Q3837505,Alireza Rezaei,silver
Q3837505,Aydın Polatçı,bronze
Q3879627,Tom Dolan,gold
Q3879627,Eric Namesnik,silver
Q3879627,Curtis Myden,bronze
Q824919,Kristina Šmigun,gold
Q824919,Marit Bjørgen,silver
Q824919,Hilde Gjermundshaug Pedersen,bronze
Q8037932,Vadim Bogiev,gold
Q8037932,Townsend Saunders,silver
Q8037932,Zaza Zazirov,bronze
Q8037918,Włodzimierz Zawadzki,gold
Q8037918,Juan Marén,silver
Q8037918,Mehmet Akif Pirim,bronze
Q541316,Nikolay Gulyayev,gold
Q541316,Uwe-Jens Mey,silver
Q541316,Igor Zhelezovski,bronze
Q2311887,Kamila Skolimowska,gold
Q2311887,Olga Kuzenkova,silver
Q2311887,Kirsten Münchow,bronze
Q4160927,Giuseppe Maddaloni,gold
Q4160927,Tiago Camilo,silver
Q4160927,Anatoly Laryukhov,bronze
Q1005292,Lasse Kjus,gold
Q1005292,Kjetil André Aamodt,silver
Q1005292,Harald Christian Strand Nilsen,bronze
Q3879580,"Aaron Peirsol, Brendan Hansen, Ian Crocker, Jason Lezak, Lenny Krayzelburg*, Mark Gangloff*, Michael Phelps*, Neil Walker*",gold
Q3879580,"Steffen Driesen, Jens Kruppa, Thomas Rupprath, Lars Conrad, Helge Meeuw*",silver
Q3879580,"Tomomi Morita, Kosuke Kitajima, Takashi Yamamoto, Yoshihiro Okumura *Indicates the swimmer only competed in the preliminary heats.",bronze
Q3879561,Natalie Coughlin,gold
Q3879561,Kirsty Coventry,silver
Q3879561,Laure Manaudou,bronze
Q7500758,Yuri Fedkin,gold
Q7500758,Franck Badiou,silver
Q7500758,Johann Riederer,bronze
Q824803,Yevgeny Dementyev,gold
Q824803,Frode Estil,silver
Q824803,Pietro Piller Cottrer,bronze
Q1005214,Bjørn Dæhlie,gold
Q1005214,Niklas Jonsson,silver
Q1005214,Christian Hoffmann,bronze
Q10522594,David Douillet,gold
Q10522594,Ernesto Pérez,silver
Q10522594,Frank Möller,bronze
Q4354615,Wang Yifu,gold
Q4354615,Mikhail Nestruyev,silver
Q4354615,Vladimir Isakov,bronze
Q7979985,Naim Süleymanoğlu,gold
Q7979985,Valerios Leonidis,silver
Q7979985,Xiao Jiangang,bronze
Q1423968,Carl Lewis,gold
Q1423968,James Beckford,silver
Q1423968,Joe Greene,bronze
Q2426715,Paola Pezzo,gold
Q2426715,Barbara Blatter,silver
Q2426715,Margarita Fullana,bronze
Q7979988,Pablo Lara,gold
Q7979988,Yoto Yotov,silver
Q7979988,Chon Chol-Ho,bronze
Q3811004,Xian Dongmei,gold
Q3811004,Yuki Yokosawa,silver
Q3811004,Ilse Heylen,bronze
Q1004928,Sergei Tchepikov,gold
Q1004928,Ricco Groß,silver
Q1004928,Sergei Tarasov,bronze
Q988351,Simon Ammann,gold
Q988351,Sven Hannawald,silver
Q988351,Adam Małysz,bronze
Q3879629,Danyon Loader,gold
Q3879629,Gustavo Borges,silver
Q3879629,Daniel Kowalski,bronze
Q2312939,Yuriy Borzakovskiy,gold
Q2312939,Mbulaeni Mulaudzi,silver
Q2312939,Wilson Kipketer,bronze
Q3811006,Tadahiro Nomura,gold
Q3811006,Nestor Khergiani,silver
Q3811006,Khashbaataryn Tsagaanbaatar,bronze
Q38605,Udo Wagner Ulrich Schreck Thorsten Weidner Alexander Koch Ingo Weißenborn,gold
Q38605,Elvis Gregory Guillermo Betancourt Oscar García Tulio Díaz Hermenegildo García,silver
Q38605,Marian Sypniewski Piotr Kiełpikowski Adam Krzesiński Cezary Siess Ryszard Sobczak,bronze
Q1004924,Sven Fischer,gold
Q1004924,Halvard Hanevold,silver
Q1004924,Frode Andresen,bronze
Q2310230,Gunn-Rita Dahle,gold
Q2310230,Marie-Hélène Prémont,silver
Q2310230,Sabine Spitz,bronze
Q3879642,Krisztina Egerszegi,gold
Q3879642,Tünde Szabó,silver
Q3879642,Lea Loveless,bronze
Q25784,Laura Cârlescu-Badea,gold
Q25784,Valentina Vezzali,silver
Q25784,Giovanna Trillini,bronze
Q10466389,Miriam Blasco,gold
Q10466389,Nicola Fairbrother,silver
Q10466389,Driulis González,bronze
Q1005557,Fritz Strobl,gold
Q1005557,Lasse Kjus,silver
Q1005557,Stephan Eberharter,bronze
Q3925471,Manus Boonjumnong,gold
Q3925471,Yudel Johnson,silver
Q3925471,Boris Georgiev,bronze
Q826487,Derek Parra,gold
Q826487,Jochem Uytdehaage,silver
Q826487,Ådne Søndrål,bronze
Q3879613,Penny Heyns,gold
Q3879613,Amanda Beard,silver
Q3879613,Samantha Riley,bronze
Q825058,Andrus Veerpalu,gold
Q825058,Lukáš Bauer,silver
Q825058,Tobias Angerer,bronze
Q3879574,Michael Phelps,gold
Q3879574,Ryan Lochte,silver
Q3879574,George Bovell,bronze
Q3980074,Chu Mu-Yen,gold
Q3980074,Óscar Salazar,silver
Q3980074,Tamer Bayoumi,bronze
Q3879656,Mike Barrowman,gold
Q3879656,Norbert Rózsa,silver
Q3879656,Nick Gillingham,bronze
Q5443145,"Anja Fichtel-Mauritz, Zita-Eva Funkenhauser, Christiane Weber, Sabine Bau, Annette Klug",gold
Q5443145,"Dorina Vaccaroni, Margherita Zalaffi, Francesca Bortolozzi-Borella, Lucia Traversa, Annapia Gandolfi",silver
Q5443145,"Zsuzsa Némethné Jánosi, Gertrúd Stefanek, Zsuzsa Szőcs, Katalin Tuschák, Edit Kovács",bronze
Q3811007,Ayumi Tanimoto,gold
Q3811007,Claudia Heill,silver
Q3811007,Driulis González,bronze
Q10522575,Waldemar Legień,gold
Q10522575,Pascal Tayot,silver
Q10522575,Nicolas Gill,bronze
Q3951952,Brice Guyart,gold
Q3951952,Salvatore Sanzo,silver
Q3951952,Andrea Cassarà,bronze
Q3628699,Gelindo Bordin,gold
Q3628699,Douglas Wakiihuri,silver
Q3628699,Hussein Ahmed Salah,bronze
Q3628759,Olga Shishigina,gold
Q3628759,Glory Alozie,silver
Q3628759,Melissa Morrison,bronze
Q1408856,Khalid Skah,gold
Q1408856,Richard Chelimo,silver
Q1408856,Addis Abebe,bronze
Q10522548,Hidehiko Yoshida,gold
Q10522548,Jason Morris,silver
Q10522548,Bertrand Damaisin,bronze
Q25782,Laura Flessel-Colovic Sophie Moressée-Pichot Valérie Barlois-Mevel-Leroux,gold
Q25782,Elisa Uga Laura Chiesa Margherita Zalaffi,silver
Q25782,Karina Aznavuryan Mariya Mazina Yuliya Garayeva,bronze
Q10572432,Andrew Maynard,gold
Q10572432,Nurmagomed Shanavazov,silver
Q10572432,Damir Škaro,bronze
Q2558983,Hicham El Guerrouj,gold
Q2558983,Bernard Lagat,silver
Q2558983,Rui Silva,bronze
Q3879565,Kosuke Kitajima,gold
Q3879565,Brendan Hansen,silver
Q3879565,Hugues Duboscq,bronze
Q10466371,Cécile Nowak,gold
Q10466371,Ryoko Tani,silver
Q10466371,Amarilis Savón,bronze
Q2313443,Xing Huina,gold
Q2313443,Ejagayehu Dibaba,silver
Q2313443,Derartu Tulu,bronze
Q376518,Christian Hoffmann,gold
Q376518,Mikhail Botvinov,silver
Q376518,Kristen Skjeldal,bronze
Q2557129,Kelly Holmes,gold
Q2557129,Hasna Benhassi,silver
Q2557129,Jolanda Čeplak,bronze
Q1005643,Hans Petter Buraas,gold
Q1005643,Ole Kristian Furuseth,silver
Q1005643,Thomas Sykora,bronze
Q1005782,Stephan Eberharter,gold
Q1005782,Bode Miller,silver
Q1005782,Lasse Kjus,bronze
Q579346,Kim Nam-Soon,gold
Q579346,Kim Soo-Nyung,gold
Q579346,Yun Mi-Jin,gold
Q579346,Nataliya Burdeyna,silver
Q579346,Olena Sadovnycha,silver
Q579346,Kateryna Serdyuk,silver
Q579346,Barbara Mensing,bronze
Q579346,Cornelia Pfohl,bronze
Q579346,Sandra Wagner-Sachse,bronze
Q3998587,Hamish Carter,gold
Q3998587,Bevan Docherty,silver
Q3998587,Sven Riederer,bronze
Q25780,Stanislav Pozdnyakov,gold
Q25780,Sergey Sharikov,silver
Q25780,Damien Touya,bronze
Q8037962,Mikael Ljungberg,gold
Q8037962,Davyd Saldadze,silver
Q8037962,Garrett Lowney,bronze
Q3628776,Ellina Zvereva,gold
Q3628776,Anastasia Kelesidou,silver
Q3628776,Iryna Yatchenko,bronze
Q3925462,Odlanier Solis,gold
Q3925462,Viktar Zuyev,silver
Q3925462,Mohamed Elsayed,bronze
Q8037914,Aleksandr Karelin,gold
Q8037914,Matt Ghaffari,silver
Q8037914,Sergei Mureiko,bronze
Q8037957,Sim Kwon-ho,gold
Q8037957,Lázaro Rivas,silver
Q8037957,Kang Yong-gyun,bronze
Q7500762,Michael Jakosits,gold
Q7500762,Anatoli Asrabayev,silver
Q7500762,Luboš Račanský,bronze
Q3837510,Elbrus Tedeyev,gold
Q3837510,Jamill Kelly,silver
Q3837510,Makhach Murtazaliev,bronze
Q1222713,Vreni Schneider,gold
Q1222713,Christa Kinshofer,silver
Q1222713,Maria Walliser,bronze
Q823194,Seth Wescott,gold
Q823194,Radoslav Židek,silver
Q823194,Paul-Henri de Le Rue,bronze
Q10522593,David Khakhaleishvili,gold
Q10522593,Naoya Ogawa,silver
Q10522593,Imre Csősz,bronze
Q3628688,Olga Bryzgina,gold
Q3628688,Petra Müller,silver
Q3628688,Olga Nazarova,bronze
Q25793,Aleksandr Beketov,gold
Q25793,Iván Trevejo,silver
Q25793,Géza Imre,bronze
Q1005374,Gian Simmen,gold
Q1005374,Daniel Franck,silver
Q1005374,Ross Powers,bronze
Q1004937,Bjørn Dæhlie,gold
Q1004937,Markus Gandler,silver
Q1004937,Mika Myllylä,bronze
Q1110152,Joanna Hayes,gold
Q1110152,Olena Krasovska,silver
Q1110152,Melissa Morrison,bronze
Q8037928,Valentin Yordanov,gold
Q8037928,Namig Abdullayev,silver
Q8037928,Maulen Mamyrov,bronze
Q1424018,Haile Gebrselassie,gold
Q1424018,Paul Tergat,silver
Q1424018,Salah Hissou,bronze
Q13583141,Gaydarbek Gaydarbekov,gold
Q13583141,Gennady Golovkin,silver
Q13583141,Suriya Prasathinphimai,bronze
Q1005047,Halvard Hanevold,gold
Q1005047,Pieralberto Carrara,silver
Q1005047,Alexei Aidarov,bronze
Q1005741,Kjetil André Aamodt,gold
Q1005741,Stephan Eberharter,silver
Q1005741,Andreas Schifferer,bronze
Q10495988,Giovanni Parisi,gold
Q10495988,Daniel Dumitrescu,silver
Q10495988,Lee Jae-hyuk,bronze
Q1304082,Gong Zhichao,gold
Q1304082,Camilla Martin,silver
Q1304082,Ye Zhaoying,bronze
Q1074357,Lenny Krayzelburg,gold
Q1074357,Matt Welsh,silver
Q1074357,Stev Theloke,bronze
Q3879634,Alexander Popov,gold
Q3879634,Gary Hall Jr.,silver
Q3879634,Fernando Scherer,bronze
Q8037916,Sim Kwon-ho,gold
Q8037916,Aleksandr Pavlov,silver
Q8037916,Zafar Guliev,bronze
Q10719575,Oleg Saitov,gold
Q10719575,Juan Hernández Sierra,silver
Q10719575,Daniel Santos,bronze
Q10581227,Ariel Hernandez,gold
Q10581227,Malik Beyleroglu,silver
Q10581227,Mohamed Bahari,bronze
Q2558493,Françoise Mbango Etone,gold
Q2558493,Hrysopiyi Devetzi,silver
Q2558493,Tatyana Lebedeva,bronze
Q1005041,Frank-Peter Roetsch,gold
Q1005041,Valeriy Medvedtsev,silver
Q1005041,Johann Passler,bronze
Q8037903,Sergei Beloglazov,gold
Q8037903,Askari Mohammadian,silver
Q8037903,Noh Kyung-Sun,bronze
Q22964455,Davide Tizzano Agostino Abbagnale,gold
Q22964455,Kjetil Undset,silver
Q22964455,Steffen Størseth,silver
Q22964455,Frédéric Kowal,bronze
Q22964455,Samuel Barathay,bronze
Q591555,Anders Aukland,gold
Q591555,Frode Estil,gold
Q591555,Kristen Skjeldal,gold
Q591555,Thomas Alsgaard,gold
Q591555,Fabio Maj,silver
Q591555,Giorgio Di Centa,silver
Q591555,Pietro Piller Cottrer,silver
Q591555,Cristian Zorzi,silver
Q591555,Jens Filbrich,bronze
Q591555,Andreas Schlütter,bronze
Q591555,Tobias Angerer,bronze
Q591555,René Sommerfeldt,bronze
Q3628779,Naoko Takahashi,gold
Q3628779,Lidia Șimon,silver
Q3628779,Joyce Chepchumba,bronze
Q3628697,Rosa Mota,gold
Q3628697,Lisa Martin,silver
Q3628697,Katrin Dörre,bronze
Q3628684,Florence Griffith-Joyner,gold
Q3628684,Grace Jackson,silver
Q3628684,Heike Drechsler,bronze
Q2443986,Stefano Baldini,gold
Q2443986,Meb Keflezighi,silver
Q2443986,Vanderlei de Lima,bronze
Q4443767,Michael Diamond,gold
Q4443767,Ian Peel,silver
Q4443767,Giovanni Pellielo,bronze
Q11883936,Nino Salukvadze,gold
Q11883936,Tomoko Hasegawa,silver
Q11883936,Jasna Šekarić,bronze
Q3925466,Yuriorkis Gamboa,gold
Q3925466,Jérôme Thomas,silver
Q3925466,Fuad Aslanov,bronze
Q370863,Camelia Potec,gold
Q370863,Federica Pellegrini,silver
Q370863,Solenne Figuès,bronze
Q3991750,Lee Sung-Jin,gold
Q3991750,Park Sung-hyun,gold
Q3991750,Yun Mi-Jin,gold
Q3991750,He Ying,silver
Q3991750,Lin Sang,silver
Q3991750,Zhang Juanjuan,silver
Q3991750,Chen Li Ju,bronze
Q3991750,Wu Hui-ju,bronze
Q3991750,Yuan Shu-chi,bronze
Q10706347,Félix Savón,gold
Q10706347,David Izonritei,silver
Q10706347,David Tua,bronze
Q8037970,Adam Saitiev,gold
Q8037970,Yoel Romero,silver
Q8037970,Magomed Ibragimov,bronze
Q55615395,Lee Kyung-keun,gold
Q55615395,Janusz Pawłowski,silver
Q55615395,Bruno Carabetta,bronze
Q8037909,Maik Bullmann,gold
Q8037909,Hakkı Başar,silver
Q8037909,Gogi Koguashvili,bronze
Q10572462,Andreas Zülow,gold
Q10572462,George Cramne,silver
Q10572462,Nergüin Enkhbat,bronze
Q3879587,Lars Frölander,gold
Q3879587,Michael Klim,silver
Q3879587,Geoff Huegill,bronze
Q38407,Grigory Kiriyenko Aleksandr Shirshov,gold
Q38407,Heorhiy Pohosov Vadym Huttsait Stanislav Pozdnyakov,gold
Q38407,Bence Szabó Csaba Köves György Nébald Péter Abay Imre Bujdosó,silver
Q38407,Jean-François Lamour Jean-Philippe Daurelle Franck Ducheix Hervé Granger-Veyron Pierre Guichot,bronze
Q605663,Tatiana Totmianina / Maxim Marinin,gold
Q605663,Zhang Dan / Zhang Hao,silver
Q605663,Shen Xue / Zhao Hongbo,bronze
Q988348,Kazuyoshi Funaki,gold
Q988348,Jani Soininen,silver
Q988348,Masahiko Harada,bronze
Q38599,Philippe Omnès,gold
Q38599,Serhiy Holubytskiy,silver
Q38599,Elvis Gregory,bronze
Q3811013,Zurab Zviadauri,gold
Q3811013,Hiroshi Izumi,silver
Q3811013,Mark Huizinga,bronze
Q1405425,Carl Lewis,gold
Q1405425,Mike Powell,silver
Q1405425,Larry Myricks,bronze
Q1005042,Yevgeny Redkin,gold
Q1005042,Mark Kirchner,silver
Q1005042,Mikael Löfgren,bronze
Q1005124,Ricco GroßFrank Luck,gold
Q1005124,Mark Kirchner,gold
Q1005124,Sven Fischer,gold
Q1005124,Valeri Kiriyenko,silver
Q1005124,Vladimir Drachev,silver
Q1005124,Sergei Tarasov,silver
Q1005124,Sergei Tchepikov,silver
Q1005124,Thierry Dusserre,bronze
Q1005124,Patrice Bailly-Salins,bronze
Q1005124,Lionel Laurent,bronze
Q1005124,Hervé Flandin,bronze
Q1005133,Ricco GroßPeter Sendel,gold
Q1005133,Sven Fischer,gold
Q1005133,Frank Luck,gold
Q1005133,Egil Gjelland,silver
Q1005133,Halvard Hanevold,silver
Q1005133,Dag Bjørndalen,silver
Q1005133,Ole Einar Bjørndalen,silver
Q1005133,Pavel Muslimov,bronze
Q1005133,Vladimir Drachev,bronze
Q1005133,Sergei Tarasov,bronze
Q1005133,Viktor Maigourov,bronze
Q25795,Laura Flessel-Colovic,gold
Q25795,Valérie Barlois-Mevel-Leroux,silver
Q25795,Gyöngyi Szalay-Horváth,bronze
Q4357642,Ahmed Al Maktoum,gold
Q4357642,Rajyavardhan Singh Rathore,silver
Q4357642,Wang Zheng,bronze
Q2308435,Michael Johnson,gold
Q2308435,Roger Black,silver
Q2308435,Davis Kamoga,bronze
Q3837506,Saori Yoshida,gold
Q3837506,Tonya Verbeek,silver
Q3837506,Anna Gomis,bronze
Q4160923,Isabel Fernández,gold
Q4160923,Driulis González,silver
Q4160923,Kie Kusakabe,bronze
Q1005213,Bjørn Dæhlie,gold
Q1005213,Maurilio De Zolt,silver
Q1005213,Giorgio Vanzetta,bronze
Q10572439,Héctor Vinent,gold
Q10572439,Mark Leduc,silver
Q10572439,Leonard Doroftei,bronze
Q7979998,Galabin Boevski,gold
Q7979998,Georgi Markov,silver
Q7979998,Siarhei Laurenau,bronze
Q10572421,Park Si-hun,gold
Q10572421,Roy Jones Jr.,silver
Q10572421,Raymond Downey,bronze
Q7500782,Roberto Di Donna,gold
Q7500782,Wang Yifu,silver
Q7500782,Tanyu Kiryakov,bronze
Q3879669,Janet Evans,gold
Q3879669,Hayley Lewis,silver
Q3879669,Jana Henke,bronze
Q826529,Jochem Uytdehaage,gold
Q826529,Derek Parra,silver
Q826529,Jens Boden,bronze
Q1005639,Alberto Tomba,gold
Q1005639,Frank Wörndl,silver
Q1005639,Paul Frommelt,bronze
Q3998589,Kate Allen,gold
Q3998589,Loretta Harrop,silver
Q3998589,Susan Williams,bronze
Q3561232,Jens Fiedler,gold
Q3561232,Marty Nothstein,silver
Q3561232,Curt Harnett,bronze
Q1005103,Sture Sivertsen,gold
Q1005103,Erling Jevne,gold
Q1005103,Bjørn Dæhlie,gold
Q1005103,Thomas Alsgaard,gold
Q1005103,Marco Albarello,silver
Q1005103,Fulvio Valbusa,silver
Q1005103,Fabio Maj,silver
Q1005103,Silvio Fauner,silver
Q1005103,Harri Kirvesniemi,bronze
Q1005103,Mika MyllyläSami Repo,bronze
Q1005103,Jari Isometsä,bronze
Q8037955,Rulon Gardner,gold
Q8037955,Aleksandr Karelin,silver
Q8037955,Dmitry Debelka,bronze
Q3837504,Iryna Merleni,gold
Q3837504,Chiharu Icho,silver
Q3837504,Patricia Miranda,bronze
Q10522553,Antal Kovács,gold
Q10522553,Raymond Stevens,silver
Q10522553,Theo Meijer,bronze
Q3879622,Susie O'Neill,gold
Q3879622,Petria Thomas,silver
Q3879622,Michelle Smith,bronze
Q10609400,Sofia Bekatorou,gold
Q10609400,Aimilia Tsoulfa,gold
Q10609400,Sandra Azón,silver
Q10609400,Natalia Vía Dufresne,silver
Q10609400,Therese Torgersson,bronze
Q10609400,Vendela Zachrisson,bronze
Q2311149,Jan Železný,gold
Q2311149,Steve Backley,silver
Q2311149,Sergey Makarov,bronze
Q3811000,Keiji Suzuki,gold
Q3811000,Tamerlan Tmenov,silver
Q3811000,Indrek Pertelson,bronze
Q7500768,Lee Eun-chul,gold
Q7500768,Harald Stenvaag,silver
Q7500768,Stevan Pletikosić,bronze
Q1005172,Joey Cheek,gold
Q1005172,Dmitry Dorofeyev,silver
Q1005172,Lee Kang-seok,bronze
Q25798,Sandro Cuomo Angelo Mazzoni Maurizio Randazzo,gold
Q25798,Aleksandr Beketov Pavel Kolobkov Valery Zakharevich,silver
Q25798,Jean-Michel Henry Éric Srecki Robert Leroux,bronze
Q3628791,Ludmila Engquist,gold
Q3628791,Brigita Bukovec,silver
Q3628791,Patricia Girard,bronze
Q3628780,Gezahegne Abera,gold
Q3628780,Erick Wainaina,silver
Q3628780,Tesfaye Tola,bronze
Q3879563,Michael Phelps,gold
Q3879563,Ian Crocker,silver
Q3879563,Andriy Serdinov,bronze
Q5443139,György Nébald Bence Szabó Imre Bujdosó Imre Gedővári László Csongrádi,gold
Q5443139,Sergey Mindirgasov Mikhail Burtsev Heorhiy Pohosov Andrey Alshan Sergey Koryashkin,silver
Q5443139,Giovanni Scalzo Marco Marin Gianfranco Dalla Barba Ferdinando Meglio Massimo Cavaliere,bronze
Q1408906,Hassiba Boulmerka,gold
Q1408906,Lyudmila Rogachova,silver
Q1408906,Qu Yunxia,bronze
Q13424670,Tímea Nagy,gold
Q13424670,Gianna Hablützel-Bürki,silver
Q13424670,Laura Flessel-Colovic,bronze
Q3879641,Mark Tewksbury,gold
Q3879641,Jeff Rouse,silver
Q3879641,David Berkoff,bronze
Q2526348,Viatcheslav Ekimov,gold
Q2526348,Jan Ullrich,silver
Q1408846,Gwen Torrence,gold
Q1408846,Juliet Cuthbert,silver
Q1408846,Merlene Ottey,bronze
Q1076288,Pieter van den Hoogenband,gold
Q1076288,Ian Thorpe,silver
Q1076288,Massimiliano Rosolino,bronze
Q7500760,Silvia Sperber,gold
Q7500760,Vesela Letcheva,silver
Q7500760,Valentina Cherkasova,bronze
Q582514,Roman Šebrle,gold
Q582514,Bryan Clay,silver
Q582514,Dmitriy Karpov,bronze
Q7500776,Marina Logvinenko,gold
Q7500776,Li Duihong,silver
Q7500776,Dorjsürengiin Mönkhbayar,bronze
Q1005212,Vladimir Smirnov,gold
Q1005212,Mika Myllylä,silver
Q1005212,Sture Sivertsen,bronze
Q3811002,Ihar Makarau,gold
Q3811002,Jang Sung-ho,silver
Q3811002,Michael Jurack,bronze
Q7500756,Wang Yifu,gold
Q7500756,Sergei Pyzhianov,silver
Q7500756,Sorin Babii,bronze
Q7500764,Ralf Schumann,gold
Q7500764,Afanasijs Kuzmins,silver
Q7500764,Vladimir Vokhmyanin,bronze
Q8037905,John Smith,gold
Q8037905,Stepan Sarkisyan,silver
Q8037905,Simeon Shterev,bronze
Q8037920,Filiberto Azcuy,gold
Q8037920,Marko Asell,silver
Q8037920,Józef Tracz,bronze
Q10719573,Robert Wangila,gold
Q10719573,Laurent Boudouani,silver
Q10719573,Jan Dydak,bronze
Q10572440,Vyacheslav Yanovski,gold
Q10572440,Grahame Cheney,silver
Q10572440,Lars Myrberg,bronze
Q1004985,Mikhail Devyatyarov,gold
Q1004985,Pål Gunnar Mikkelsplass,silver
Q1004985,Vladimir Smirnov,bronze
Q10466375,Almudena Muñoz,gold
Q10466375,Noriko Mizoguchi,silver
Q10466375,Li Zhongyun,bronze
Q3879570,Michael Phelps,gold
Q3879570,Takashi Yamamoto,silver
Q3879570,Stephen Parry,bronze
Q3811010,Lee Won-hee,gold
Q3811010,Vitaliy Makarov,silver
Q3811010,Leandro Guilheiro,bronze
Q252584,Emese Hunyady,gold
Q252584,Svetlana Fedotkina,silver
Q252584,Gunda Niemann-Kleemann,bronze
Q8037963,David Musulbes,gold
Q8037963,Artur Taymazov,silver
Q8037963,Alexis Rodríguez,bronze
Q10522571,Toshihiko Koga,gold
Q10522571,Bertalan Hajtós,silver
Q10522571,Chung Hoon,bronze
Q3628767,Cathy Freeman,gold
Q3628767,Lorraine Fenton,silver
Q3628767,Katharine Merry,bronze
Q988369,Hans-Peter Pohl,gold
Q988369,Hubert Schwarz,gold
Q988369,Thomas Müller,gold
Q988369,Andreas Schaad,silver
Q988369,Hippolyt Kempf,silver
Q988369,Fredy Glanzmann,silver
Q988369,Günther Csar,bronze
Q988369,Hansjörg Aschenwald,bronze
Q988369,Klaus Sulzenbacher,bronze
Q1409616,Silke Renk,gold
Q1409616,Natalya Shikolenko,silver
Q1409616,Karen Forkel,bronze
Q1221778,Christa Rothenburger,gold
Q1221778,Karin Kania,silver
Q1221778,Bonnie Blair,bronze
Q2306535,Derartu Tulu,gold
Q2306535,Elana Meyer,silver
Q2306535,Lynn Jennings,bronze
Q3879618,Krisztina Egerszegi,gold
Q3879618,Whitney Hedgepeth,silver
Q3879618,Cathleen Rund,bronze
Q7500791,Russell Mark,gold
Q7500791,Albano Pera,silver
Q7500791,Zhang Bing,bronze
Q3980075,Steven López,gold
Q3980075,Bahri Tanrıkulu,silver
Q3980075,Yousef Karami,bronze
Q1004952,Enrico Fabris,gold
Q1004952,Shani Davis,silver
Q1004952,Chad Hedrick,bronze
Q10581231,Hamza Yerlikaya,gold
Q10581231,Sándor Bárdosi,silver
Q10581231,Mukhran Vakhtangadze,bronze
Q4000244,Fu Mingxia,gold
Q4000244,Yelena Miroshina,silver
Q4000244,Mary Ellen Clark,bronze
Q826519,Chris Witty,gold
Q826519,Sabine Völker,silver
Q826519,Jennifer Rodriguez,bronze
Q1027135,Vitaly Scherbo,gold
Q1027135,Grigory Misutin,silver
Q1027135,Valery Belenky,bronze
Q1408797,Marie-José Pérec,gold
Q1408797,Olha Bryzhina,silver
Q1408797,Ximena Restrepo,bronze
Q3879649,Kieren Perkins,gold
Q3879649,Glen Housman,silver
Q3879649,Jörg Hoffmann,bronze
Q3879644,Nelson Diebel,gold
Q3879644,Norbert Rózsa,silver
Q3879644,Phil Rogers,bronze
Q988364,Samppa Lajunen,gold
Q988364,Ronny Ackermann,silver
Q988364,Felix Gottwald,bronze
Q4354069,Nancy Johnson,gold
Q4354069,Kang Cho-hyun,silver
Q4354069,Gao Jing,bronze
Q10522576,Peter Seisenbacher,gold
Q10522576,Vladimir Shestakov,silver
Q10522576,Akinobu Osako,bronze
Q1005757,Eric Bergoust,gold
Q1005757,Sébastien Foucras,silver
Q1005757,Dmitry Dashchinsky,bronze
Q3837509,Kaori Icho,gold
Q3837509,Sara Mc,silver
Q3837509,Mann,silver
Q3837509,Lise Legrand,bronze
Q3628681,Paula Ivan,gold
Q3628681,Laimutė Baikauskaitė,silver
Q3628681,Tetyana Samolenko,bronze
Q1005618,Jonny Moseley,gold
Q1005618,Janne Lahtela,silver
Q1005618,Sami Mustonen,bronze
Q5448040,Oksana Baiul,gold
Q5448040,Nancy Kerrigan,silver
Q5448040,Chen Lu,bronze
Q38412,Bence Szabó,gold
Q38412,Marco Marin,silver
Q38412,Jean-François Lamour,bronze
Q1004991,Thomas Alsgaard,gold
Q1004991,Bjørn Dæhlie,silver
Q1004991,Vladimir Smirnov,bronze
Q988347,Toni Nieminen,gold
Q988347,Martin Höllwarth,silver
Q988347,Heinz Kuttin,bronze
Q5443155,"Diana Bianchedi, Giovanna Trillini, Valentina Vezzali",gold
Q5443155,"Sylwia Gruchała, Magdalena Mroczkiewicz, Anna Rybicka, Barbara Wolnicka-Szewczyk",silver
Q5443155,"Sabine Bau, Rita König, Monika Weber-Koszto",bronze
Q1408897,Michael Marsh,gold
Q1408897,Frankie Fredericks,silver
Q1408897,Michael Bates,bronze
Q10706348,Felix Savon,gold
Q10706348,David Defiagbon,silver
Q10706348,Nate Jones,bronze
Q3565760,Mikhail Mamiashvili,gold
Q3565760,Tibor Komáromi,silver
Q3565760,Kim Sang-kyu,bronze
Q596754,SWE Thobias Fredriksson & Björn Lind,gold
Q596754,NOR Jens Arne Svartedal & Tor Arne Hetland,silver
Q596754,RUS Ivan Alypov & Vasily Rochev,bronze
Q10497008,Choi Chol-su,gold
Q10497008,Raúl González,silver
Q10497008,Tim Austin,bronze
Q3628701,Vyacheslav Ivanenko,gold
Q3628701,Ronald Weigel,silver
Q3628701,Hartwig Gauder,bronze
Q3879647,Zhuang Yong,gold
Q3879647,Jenny Thompson,silver
Q3879647,Franziska van Almsick,bronze
Q3628778,Szymon Ziółkowski,gold
Q3628778,Nicola Vizzoni,silver
Q3628778,Igor Astapkovich,bronze
Q3561228,Félicia Ballanger,gold
Q3561228,Michelle Ferris,silver
Q3561228,Ingrid Haringa,bronze
Q2552272,Mizuki Noguchi,gold
Q2552272,Catherine Ndereba,silver
Q2552272,Deena Kastor,bronze
Q3879655,Kyoko Iwasaki,gold
Q3879655,Lin Li,silver
Q3879655,Anita Nall,bronze
Q1005753,Aleš Valenta,gold
Q1005753,Joe Pack,silver
Q1005753,Alexei Grishin,bronze
Q988362,Jani Soininen,gold
Q988362,Kazuyoshi Funaki,silver
Q988362,Andreas Widhölzl,bronze
Q4000234,"Dmitri Sautin, Igor Lukashin",gold
Q4000234,"Hu Jia, Tian Liang",silver
Q4000234,"Jan Hempel, Heiko Meyer",bronze
Q1005296,Mario Reiter,gold
Q1005296,Lasse Kjus,silver
Q1005296,Christian Mayer,bronze
Q1005066,Thomas Alsgaard,gold
Q1005066,Bjørn Dæhlie,silver
Q1005066,Mika Myllylä,bronze
Q3879576,Laure Manaudou,gold
Q3879576,Otylia Jędrzejczak,silver
Q3879576,Kaitlin Sandeno,bronze
Q7979991,Aleksei Petrov,gold
Q7979991,Leonidas Kokas,silver
Q7979991,Oliver Caruso,bronze
Q3998591,Simon Whitfield,gold
Q3998591,Stephan Vuckovic,silver
Q3998591,Jan Řehula,bronze
Q1004915,Gianni Romme,gold
Q1004915,Bob de Jong,silver
Q1004915,Rintje Ritsma,bronze
Q1415848,Ryan Bayley,gold
Q1415848,Theo Bos,silver
Q1415848,René Wolff,bronze
Q3879572,Otylia Jędrzejczak,gold
Q3879572,Petria Thomas,silver
Q3879572,Yuko Nakanishi,bronze
Q8037940,Rasoul Khadem,gold
Q8037940,Makharbek Khadartsev,silver
Q8037940,Eldar Kurtanidze,bronze
Q8037966,Murad Umakhanov,gold
Q8037966,Serafim Barzakov,silver
Q8037966,Jang Jae-sung,bronze
Q10522550,Makoto Takimoto,gold
Q10522550,Cho In-chul,silver
Q10522550,Nuno Delgado,bronze
Q3628695,Ulf Timmermann,gold
Q3628695,Randy Barnes,silver
Q3628695,Werner Günthör,bronze
Q3879660,Yevgeny Sadovyi,gold
Q3879660,Anders Holmertz,silver
Q3879660,Antti Kasvio,bronze
Q3628700,Jozef Pribilinec,gold
Q3628700,Ronald Weigel,silver
Q3628700,Maurizio Damilano,bronze
Q3628760,Nouria Mérah-Benida,gold
Q3628760,Violeta Szekely,silver
Q3628760,Gabriela Szabo,bronze
Q1005063,Alexey Prokurorov,gold
Q1005063,Vladimir Smirnov,silver
Q1005063,Vegard Ulvang,bronze
Q26860,Donovan Bailey,gold
Q26860,Frank Fredericks,silver
Q26860,Ato Boldon,bronze
Q3879659,Nicole Haislett,gold
Q3879659,Franziska van Almsick,silver
Q3879659,Kerstin Kielgaß,bronze
Q1141034,Yana Klochkova,gold
Q1141034,Kaitlin Sandeno,silver
Q1141034,Georgina Bardach,bronze
Q1005333,Georg Hackl,gold
Q1005333,Markus Prock,silver
Q1005333,Armin Zöggeler,bronze
Q3925470,Bakhtiyar Artayev,gold
Q3925470,Lorenzo Aragón,silver
Q3925470,Kim Jung-Joo,bronze
Q1004888,Frode Estil,gold
Q1004888,Per Elofsson,bronze
Q1005044,Sergei Tarasov,gold
Q1005044,Frank Luck,silver
Q1005044,Sven Fischer,bronze
Q10572463,Oscar De La Hoya,gold
Q10572463,Marco Rudolph,silver
Q10572463,Namjilyn Bayarsaikhan,bronze
Q4467904,Tara Nott,gold
Q4467904,Raema Lisa Rumbewas,silver
Q4467904,Sri Indriyani,bronze
Q1005576,Jean-Luc Crétier,gold
Q1005576,Lasse Kjus,silver
Q1005576,Hannes Trinkl,bronze
Q12808144,María Isabel Urrutia,gold
Q12808144,Ruth Ogbeifo,silver
Q12808144,Kuo Yi-hang,bronze
Q55615399,Waldemar Legień,gold
Q55615399,Frank Wieneke,silver
Q55615399,Torsten Bréchôt,bronze
Q7979987,Zhan Xugang,gold
Q7979987,Kim Myong-nam,silver
Q7979987,Attila Feri,bronze
Q25239317,Aleksandr Kurlovich,gold
Q25239317,Manfred Nerlinger,silver
Q25239317,Martin Zawieja,bronze
Q3879597,Domenico Fioravanti,gold
Q3879597,Terence Parkin,silver
Q3879597,Davide Rummolo,bronze
Q1042644,Anja Pärson,gold
Q1042644,Nicole Hosp,silver
Q1042644,Marlies Schild,bronze
Q1004935,Vegard Ulvang,gold
Q1004935,Marco Albarello,silver
Q1004935,Christer Majbäck,bronze
Q3811012,Ilias Iliadis,gold
Q3811012,Roman Gontyuk,silver
Q3811012,Flávio Canto,bronze
Q1408876,Mark Mc,gold
Q1408876,Koy,gold
Q1408876,Tony Dees,silver
Q1408876,Jack Pierce,bronze
Q5481589,Olena Kostevych,gold
Q5481589,Jasna Šekarić,silver
Q5481589,Mariya Grozdeva,bronze
Q3500383,András Sike,gold
Q3500383,Stoyan Balov,silver
Q3500383,Haralambos Holidis,bronze
Q372925,Lars Bystøl,gold
Q372925,Matti Hautamäki,silver
Q372925,Roar Ljøkelsøy,bronze
Q3879657,Tamás Darnyi,gold
Q3879657,Eric Namesnik,silver
Q3879657,Luca Sacchi,bronze
Q2306561,Heike Henkel,gold
Q2306561,Galina Astafei,silver
Q2306561,Ioamnet Quintero,bronze
Q4443766,Daina Gudzinevičiūtė,gold
Q4443766,Delphine Racinet,silver
Q4443766,Gao E,bronze
Q615345,Janica Kostelić,gold
Q615345,Marlies Schild,silver
Q615345,Anja Pärson,bronze
Q576599,Han Xiaopeng,gold
Q576599,Dmitri Dashinski,silver
Q576599,Vladimir Lebedev,bronze
Q7979999,Pyrros Dimas,gold
Q7979999,Marc Huster,silver
Q7979999,Giorgi Asanidze,bronze
Q1005805,Alberto Tomba,gold
Q1005805,Marc Girardelli,silver
Q1005805,Kjetil André Aamodt,bronze
Q55615398,Marc Alexandre,gold
Q55615398,Sven Loll,silver
Q55615398,Mike Swain,bronze
Q3879648,Alexander Popov,gold
Q3879648,Gustavo Borges,silver
Q3879648,Stéphan Caron,bronze
Q3811008,Masato Uchishiba,gold
Q3811008,Jozef Krnáč,silver
Q3811008,Georgi Georgiev,bronze
Q1421727,Mikhail Ignatiev,gold
Q1421727,Joan Llaneras,silver
Q1421727,Guido Fulst,bronze
Q1004863,Olaf Zinke,gold
Q1004863,Kim Yoon-man,silver
Q1004863,Yukinori Miyabe,bronze
Q128040,Jeannie Longo,gold
Q128040,Imelda Chiappa,silver
Q128040,Clara Hughes,bronze
Q1005192,Chae Ji-hoon,gold
Q1005192,Mirko Vuillermin,silver
Q1005192,Nicky Gooch,bronze
Q4160926,Hüseyin Özkan,gold
Q4160926,Larbi Benboudaoud,silver
Q4160926,Girolamo Giovinazzo,bronze
Q823675,Tanja Frieden,gold
Q823675,Lindsey Jacobellis,silver
Q823675,Dominique Maltais,bronze
Q3628773,Nils Schumann,gold
Q3628773,Wilson Kipketer,silver
Q3628773,Djabir Saïd-Guerni,bronze
Q3879603,Brooke Bennett,gold
Q3879603,Yana Klochkova,silver
Q3879603,Kaitlin Sandeno,bronze
Q1407627,Hwang Young-Cho,gold
Q1407627,Koichi Morishita,silver
Q1407627,Stephan Freigang,bronze
Q1408300,Im Dong-hyun,gold
Q1408300,Jang Yong-ho,gold
Q1408300,Park Kyung-mo,gold
Q1408300,Chen Szu-yuan,silver
Q1408300,Liu Ming-huang,silver
Q1408300,Wang Cheng-pang,silver
Q1408300,Dmytro Hrachov,bronze
Q1408300,Viktor Ruban,bronze
Q1408300,Oleksandr Serdyuk,bronze
