qid,title,url,sport,event,year,season,venue,date_iso,competitors,nations
Q303623,Canoeing at the 2012 Summer Olympics – Men's K-2 1000 metres,https://en.wikipedia.org/wiki/Canoeing_at_the_2012_Summer_Olympics_%E2%80%93_Men%27s_K-2_1000_metres,Canoeing,"Men's canoe sprint K-2 1,000 metres",2012,Summer,Eton Dorney,2012-08-06,24,12
Q607635,Speed skating at the 2010 Winter Olympics – Men's 5000 metres,https://en.wikipedia.org/wiki/Speed_skating_at_the_2010_Winter_Olympics_%E2%80%93_Men%27s_5000_metres,Speed skating,Men's 5000 metres,2010,Winter,Richmond Olympic Oval,2010-02-13,28,16
Q939000,Cycling at the 2012 Summer Olympics – Women's road time trial,https://en.wikipedia.org/wiki/Cycling_at_the_2012_Summer_Olympics_%E2%80%93_Women%27s_road_time_trial,Cycling,Women's road time trial,2012,Summer,London and Surrey,2012-08-01,24,16
Q26233801,Gymnastics at the 2016 Summer Olympics – Women's artistic individual all-around,https://en.wikipedia.org/wiki/Gymnastics_at_the_2016_Summer_Olympics_%E2%80%93_Women%27s_artistic_individual_all-around,Gymnastics,Women's artistic individual all-around,2016,Summer,Arena Olímpica do Rio,2016-08-11,24,14
Q743905,Athletics at the 2008 Summer Olympics – Men's 110 metres hurdles,https://en.wikipedia.org/wiki/Athletics_at_the_2008_Summer_Olympics_%E2%80%93_Men%27s_110_metres_hurdles,Athletics,Men's 110 metres hurdles,2008,Summer,Beijing National Stadium,2008-08-18,43,33
Q1433269,Athletics at the 2004 Summer Olympics – Men's 400 metres hurdles,https://en.wikipedia.org/wiki/Athletics_at_the_2004_Summer_Olympics_%E2%80%93_Men%27s_400_metres_hurdles,Athletics,Men's 400 metres hurdles,2004,Summer,Athens Olympic Stadium,2004-08-23,35,24
Q1005784,Athletics at the 2008 Summer Olympics – Men's decathlon,https://en.wikipedia.org/wiki/Athletics_at_the_2008_Summer_Olympics_%E2%80%93_Men%27s_decathlon,Athletics,Men's decathlon,2008,Summer,Beijing National Stadium,2008-08-21,40,27
Q1005641,Alpine skiing at the 1992 Winter Olympics – Men's slalom,https://en.wikipedia.org/wiki/Alpine_skiing_at_the_1992_Winter_Olympics_%E2%80%93_Men%27s_slalom,Alpine skiing,Men's slalom,1992,Winter,Les Ménuires,1992-02-22,119,44
Q3628768,Athletics at the 2000 Summer Olympics – Men's 400 metres,https://en.wikipedia.org/wiki/Athletics_at_the_2000_Summer_Olympics_%E2%80%93_Men%27s_400_metres,Athletics,Men's 400 metres,2000,Summer,Stadium Australia,2000-09-22,68,44
Q7400295,Sailing at the 1988 Summer Olympics – Women's 470,https://en.wikipedia.org/wiki/Sailing_at_the_1988_Summer_Olympics_%E2%80%93_Women%27s_470,Sailing,Women's 470,1984,Summer,Busan부산釜山,1984-09-20,42,21
Q15506518,Short-track speed skating at the 2014 Winter Olympics – Men's 5000 metre relay,https://en.wikipedia.org/wiki/Short-track_speed_skating_at_the_2014_Winter_Olympics_%E2%80%93_Men%27s_5000_metre_relay,Short-track speed skating,Men's 5000 metre relay,2014,Winter,"Iceberg Skating Palace Sochi, Russia",2014-02-13,32,8
Q4951829,Boxing at the 1996 Summer Olympics – Bantamweight,https://en.wikipedia.org/wiki/Boxing_at_the_1996_Summer_Olympics_%E2%80%93_Bantamweight,Boxing,Bantamweight boxing,1996,Summer,Alexander Memorial Coliseum,1996-07-20,31,31
Q26212143,Weightlifting at the 2016 Summer Olympics – Men's +105 kg,https://en.wikipedia.org/wiki/Weightlifting_at_the_2016_Summer_Olympics_%E2%80%93_Men%27s_%2B105_kg,Weightlifting,Men's +105 kg,2016,Summer,Riocentro,2016-08-16,23,19
Q250187,Swimming at the 2008 Summer Olympics – Men's 200 metre breaststroke,https://en.wikipedia.org/wiki/Swimming_at_the_2008_Summer_Olympics_%E2%80%93_Men%27s_200_metre_breaststroke,Swimming,Men's 200 metre breaststroke,2008,Summer,Beijing National Aquatics Center,2008-08-12,53,39
Q1221945,Cross-country skiing at the 1994 Winter Olympics – Women's 15 kilometre freestyle,https://en.wikipedia.org/wiki/Cross-country_skiing_at_the_1994_Winter_Olympics_%E2%80%93_Women%27s_15_kilometre_freestyle,Cross-country skiing,Women's 15 kilometre freestyle,1994,Winter,Birkebeineren Ski Stadium,1994-02-13,54,19
Q3879591,Swimming at the 2000 Summer Olympics – Women's 200 metre backstroke,https://en.wikipedia.org/wiki/Swimming_at_the_2000_Summer_Olympics_%E2%80%93_Women%27s_200_metre_backstroke,Swimming,Women's 200 metre backstroke,2000,Summer,Sydney International Aquatic Centre,2000-09-21,36,29
Q25239321,Weightlifting at the 1988 Summer Olympics – Men's 56 kg,https://en.wikipedia.org/wiki/Weightlifting_at_the_1988_Summer_Olympics_%E2%80%93_Men%27s_56_kg,Weightlifting,Men's 56 kg,1988,Summer,Olympic Weightlifting Gymnasium,1988-09-19,23,17
Q1205250,Shooting at the 2008 Summer Olympics – Men's 50 metre pistol,https://en.wikipedia.org/wiki/Shooting_at_the_2008_Summer_Olympics_%E2%80%93_Men%27s_50_metre_pistol,Shooting,Men's 50 metre pistol,2008,Summer,Beijing Shooting Range Hall,2008-08-12,45,32
Q766586,Speed skating at the 2002 Winter Olympics – Women's 3000 metres,https://en.wikipedia.org/wiki/Speed_skating_at_the_2002_Winter_Olympics_%E2%80%93_Women%27s_3000_metres,Speed skating,Women's 3000 metres,2002,Winter,Utah Olympic Oval,2002-02-10,32,16
Q850246,Short-track speed skating at the 2006 Winter Olympics – Women's 500 metres,https://en.wikipedia.org/wiki/Short-track_speed_skating_at_the_2006_Winter_Olympics_%E2%80%93_Women%27s_500_metres,Short-track speed skating,Women's 500 metres,2006,Winter,Torino Palavela,2006-02-12,28,17
Q2071152,Swimming at the 2012 Summer Olympics – Women's 200 metre freestyle,https://en.wikipedia.org/wiki/Swimming_at_the_2012_Summer_Olympics_%E2%80%93_Women%27s_200_metre_freestyle,Swimming,Women's 200 metre freestyle,2012,Summer,London Aquatics Centre,2012-07-30,37,31
Q2071160,Swimming at the 2012 Summer Olympics – Men's 200 metre backstroke,https://en.wikipedia.org/wiki/Swimming_at_the_2012_Summer_Olympics_%E2%80%93_Men%27s_200_metre_backstroke,Swimming,Men's 200 metre backstroke,2012,Summer,London Aquatics Centre,2012-08-01,35,27
Q1204722,Shooting at the 2008 Summer Olympics – Women's 10 metre air rifle,https://en.wikipedia.org/wiki/Shooting_at_the_2008_Summer_Olympics_%E2%80%93_Women%27s_10_metre_air_rifle,Shooting,Women's 10 metre air rifle,2008,Summer,Beijing Shooting Range Hall,2008-08-09,47,31
Q26208755,Athletics at the 2016 Summer Olympics – Men's javelin throw,https://en.wikipedia.org/wiki/Athletics_at_the_2016_Summer_Olympics_%E2%80%93_Men%27s_javelin_throw,Athletics,Men's javelin throw,2016,Summer,Olympic Stadium,2016-08-17,37,23
Q2500292,Sailing at the 2012 Summer Olympics – Star,https://en.wikipedia.org/wiki/Sailing_at_the_2012_Summer_Olympics_%E2%80%93_Star,Sailing,Men’s Star,2012,Summer,Weymouth and Portland National Sailing Academy,2012-07-29,32,16
Q870647,Nordic combined at the 1992 Winter Olympics – Team,https://en.wikipedia.org/wiki/Nordic_combined_at_the_1992_Winter_Olympics_%E2%80%93_Team,Nordic combined,Team,1992,Winter,Courchevel (ski jumping)Les Saisies (cross-country skiing),1992-02-17,33,11
Q7662173,Synchronized swimming at the 2000 Summer Olympics – Women's duet,https://en.wikipedia.org/wiki/Synchronized_swimming_at_the_2000_Summer_Olympics_%E2%80%93_Women%27s_duet,Synchronized swimming,Women's duet,2000,Summer,Sydney International Aquatic Centre,2000-09-24,48,24
Q15619183,Figure skating at the 2014 Winter Olympics – Women's singles,https://en.wikipedia.org/wiki/Figure_skating_at_the_2014_Winter_Olympics_%E2%80%93_Women%27s_singles,Figure skating,Women's singles,2014,Winter,"Iceberg Skating PalaceSochi, Russia",2014-02-19,30,20
Q25239533,Weightlifting at the 1988 Summer Olympics – Men's 67.5 kg,https://en.wikipedia.org/wiki/Weightlifting_at_the_1988_Summer_Olympics_%E2%80%93_Men%27s_67.5_kg,Weightlifting,Men's 67.5 kg,1988,Summer,Olympic Weightlifting Gymnasium,1988-09-21,30,25
Q4951830,Boxing at the 1996 Summer Olympics – Featherweight,https://en.wikipedia.org/wiki/Boxing_at_the_1996_Summer_Olympics_%E2%80%93_Featherweight,Boxing,Featherweight boxing,1996,Summer,Alexander Memorial Coliseum,1996-07-22,31,31
Q1005783,Taekwondo at the 2008 Summer Olympics – Men's 80 kg,https://en.wikipedia.org/wiki/Taekwondo_at_the_2008_Summer_Olympics_%E2%80%93_Men%27s_80_kg,Taekwondo,Men's 80 kg,2008,Summer,Beijing Science and Technology University Gymnasium,2008-08-22,16,16
Q7372012,Rowing at the 2000 Summer Olympics – Women's single sculls,https://en.wikipedia.org/wiki/Rowing_at_the_2000_Summer_Olympics_%E2%80%93_Women%27s_single_sculls,Rowing,Women's single sculls,2000,Summer,Sydney International Regatta Centre,2000-09-17,19,19
Q3879590,Swimming at the 2000 Summer Olympics – Men's 1500 metre freestyle,https://en.wikipedia.org/wiki/Swimming_at_the_2000_Summer_Olympics_%E2%80%93_Men%27s_1500_metre_freestyle,Swimming,Men's 1500 metre freestyle,2000,Summer,Sydney International Aquatic Centre,2000-09-22,41,32
Q1221969,Cross-country skiing at the 1988 Winter Olympics – Women's 20 kilometre freestyle,https://en.wikipedia.org/wiki/Cross-country_skiing_at_the_1988_Winter_Olympics_%E2%80%93_Women%27s_20_kilometre_freestyle,Cross-country skiing,Women's 20 km,1988,Winter,Canmore Nordic Centre,1988-02-25,55,18
Q3628769,Athletics at the 2000 Summer Olympics – Women's 5000 metres,https://en.wikipedia.org/wiki/Athletics_at_the_2000_Summer_Olympics_%E2%80%93_Women%27s_5000_metres,Athletics,Women's 5000 metres,2000,Summer,ANZ Stadium,2000-09-22,49,31
Q1005640,Alpine skiing at the 1994 Winter Olympics – Men's slalom,https://en.wikipedia.org/wiki/Alpine_skiing_at_the_1994_Winter_Olympics_%E2%80%93_Men%27s_slalom,Alpine skiing,Men's slalom,1994,Winter,Hafjell,1994-02-27,57,25
Q744487,Athletics at the 2008 Summer Olympics – Men's high jump,https://en.wikipedia.org/wiki/Athletics_at_the_2008_Summer_Olympics_%E2%80%93_Men%27s_high_jump,Athletics,Men's high jump,2008,Summer,Beijing Olympic Stadium,2008-08-17,40,28
Q26233821,Athletics at the 2016 Summer Olympics – Women's high jump,https://en.wikipedia.org/wiki/Athletics_at_the_2016_Summer_Olympics_%E2%80%93_Women%27s_high_jump,Athletics,Women's high jump,2016,Summer,Olympic Stadium,2016-08-18,36,27
Q1433109,Athletics at the 2004 Summer Olympics – Men's pole vault,https://en.wikipedia.org/wiki/Athletics_at_the_2004_Summer_Olympics_%E2%80%93_Men%27s_pole_vault,Athletics,Men's pole vault,2004,Summer,Olympic Stadium,2004-08-25,39,25
Q1049551,Athletics at the 2012 Summer Olympics – Men's 800 metres,https://en.wikipedia.org/wiki/Athletics_at_the_2012_Summer_Olympics_%E2%80%93_Men%27s_800_metres,Athletics,Men's 800 metres,2012,Summer,Olympic Stadium,2012-08-06,55,43
Q2071129,Athletics at the 2012 Summer Olympics – Women's 1500 metres,https://en.wikipedia.org/wiki/Athletics_at_the_2012_Summer_Olympics_%E2%80%93_Women%27s_1500_metres,Athletics,Women's 1500 metres,2012,Summer,Olympic Stadium,2012-08-06,46,26
Q2071135,Athletics at the 2012 Summer Olympics – Women's 800 metres,https://en.wikipedia.org/wiki/Athletics_at_the_2012_Summer_Olympics_%E2%80%93_Women%27s_800_metres,Athletics,Women's 800 metres,2012,Summer,Olympic Stadium,2012-08-08,45,35
Q2090641,Athletics at the 2012 Summer Olympics – Women's 5000 metres,https://en.wikipedia.org/wiki/Athletics_at_the_2012_Summer_Olympics_%E2%80%93_Women%27s_5000_metres,Athletics,Women's 5000 metres,2012,Summer,Olympic Stadium,2012-08-07,36,22
Q26219843,Athletics at the 2016 Summer Olympics – Women's 1500 metres,https://en.wikipedia.org/wiki/Athletics_at_the_2016_Summer_Olympics_%E2%80%93_Women%27s_1500_metres,Athletics,Women's 1500 metres,2016,Summer,Olympic Stadium,2016-08-12,42,25
Q26208467,Athletics at the 2016 Summer Olympics – Men's 3000 metres steeplechase,https://en.wikipedia.org/wiki/Athletics_at_the_2016_Summer_Olympics_%E2%80%93_Men%27s_3000_metres_steeplechase,Athletics,Men's 3000 metres steeplechase,2016,Summer,Olympic Stadium,2016-08-15,45,25
Q2001009,Athletics at the 2012 Summer Olympics – Women's 3000 metres steeplechase,https://en.wikipedia.org/wiki/Athletics_at_the_2012_Summer_Olympics_%E2%80%93_Women%27s_3000_metres_steeplechase,Athletics,Women's 3000 metres steeplechase,2012,Summer,Olympic Stadium,2012-08-04,44,26
Q65242144,Athletics at the 2020 Summer Olympics – Women's shot put,https://en.wikipedia.org/wiki/Athletics_at_the_2020_Summer_Olympics_%E2%80%93_Women%27s_shot_put,Athletics,Women's shot put,2020,Summer,Japan National Stadium,2021-07-30,32,22
Q1799275,"Athletics at the 2012 Summer Olympics – Women's 10,000 metres",https://en.wikipedia.org/wiki/Athletics_at_the_2012_Summer_Olympics_%E2%80%93_Women%27s_10%2C000_metres,Athletics,"Women's 10,000 metres",2012,Summer,Olympic Stadium,2012-08-03,22,13
Q1771990,Athletics at the 2012 Summer Olympics – Men's 3000 metres steeplechase,https://en.wikipedia.org/wiki/Athletics_at_the_2012_Summer_Olympics_%E2%80%93_Men%27s_3000_metres_steeplechase,Athletics,Men's 3000 metres steeplechase,2012,Summer,Olympic Stadium,2012-08-03,39,27
Q2194130,Cycling at the 2012 Summer Olympics – Women's omnium,https://en.wikipedia.org/wiki/Cycling_at_the_2012_Summer_Olympics_%E2%80%93_Women%27s_omnium,Cycling,Women's omnium,2012,Summer,London Velopark,2012-08-06,18,18
Q26219851,Taekwondo at the 2016 Summer Olympics – Women's 49 kg,https://en.wikipedia.org/wiki/Taekwondo_at_the_2016_Summer_Olympics_%E2%80%93_Women%27s_49_kg,Taekwondo,Women's 49kg,2016,Summer,Carioca Arena 3,2016-08-17,16,16
Q1043342,Athletics at the 2008 Summer Olympics – Women's 1500 metres,https://en.wikipedia.org/wiki/Athletics_at_the_2008_Summer_Olympics_%E2%80%93_Women%27s_1500_metres,Athletics,Women's 1500 metres,2008,Summer,Beijing National Stadium,2008-08-21,33,18
Q1063589,Cycling at the 2008 Summer Olympics – Men's individual road race,https://en.wikipedia.org/wiki/Cycling_at_the_2008_Summer_Olympics_%E2%80%93_Men%27s_individual_road_race,Cycling,Men's cycling road race,2008,Summer,Urban Road Cycling Course245.4,2008-08-09,143,55
Q26212188,Weightlifting at the 2016 Summer Olympics – Women's 75 kg,https://en.wikipedia.org/wiki/Weightlifting_at_the_2016_Summer_Olympics_%E2%80%93_Women%27s_75_kg,Weightlifting,Women's 75 kg,2016,Summer,Riocentro,2016-08-12,15,15
Q26219850,Taekwondo at the 2016 Summer Olympics – Men's 80 kg,https://en.wikipedia.org/wiki/Taekwondo_at_the_2016_Summer_Olympics_%E2%80%93_Men%27s_80_kg,Taekwondo,Men's 80kg,2016,Summer,Carioca Arena 3,2016-08-19,16,16
Q256559,Swimming at the 2008 Summer Olympics – Men's 400 metre freestyle,https://en.wikipedia.org/wiki/Swimming_at_the_2008_Summer_Olympics_%E2%80%93_Men%27s_400_metre_freestyle,Swimming,Men's 400 metre freestyle,2008,Summer,Beijing National Aquatics Center,2008-08-09,37,27
Q1185004,Swimming at the 2008 Summer Olympics – Women's 200 metre backstroke,https://en.wikipedia.org/wiki/Swimming_at_the_2008_Summer_Olympics_%E2%80%93_Women%27s_200_metre_backstroke,Swimming,Women's 200 metre backstroke,2008,Summer,Beijing National Aquatics Center,2008-08-14,35,24
Q657467,Athletics at the 2008 Summer Olympics – Women's discus throw,https://en.wikipedia.org/wiki/Athletics_at_the_2008_Summer_Olympics_%E2%80%93_Women%27s_discus_throw,Athletics,Women's discus throw,2008,Summer,Beijing National Stadium,2008-08-15,38,24
Q754412,Cycling at the 2012 Summer Olympics – Men's individual road race,https://en.wikipedia.org/wiki/Cycling_at_the_2012_Summer_Olympics_%E2%80%93_Men%27s_individual_road_race,Cycling,Men's cycling road race,2012,Summer,Central and southwest London and north Surrey 250,2012-07-28,144,63
Q15056220,Speed skating at the 2014 Winter Olympics – Men's 1000 metres,https://en.wikipedia.org/wiki/Speed_skating_at_the_2014_Winter_Olympics_%E2%80%93_Men%27s_1000_metres,Speed skating,Men's 1000 metres,2014,Winter,Adler Arena Skating Center,2014-02-12,40,19
Q24760634,Cycling at the 2016 Summer Olympics – Men's individual road race,https://en.wikipedia.org/wiki/Cycling_at_the_2016_Summer_Olympics_%E2%80%93_Men%27s_individual_road_race,Cycling,Men's cycling road race,2016,Summer,Fort Copacabana241.5,2016-08-06,144,63
Q25386275,Fencing at the 2016 Summer Olympics – Women's foil,https://en.wikipedia.org/wiki/Fencing_at_the_2016_Summer_Olympics_%E2%80%93_Women%27s_foil,Fencing,Women's foil,2016,Summer,Carioca Arena 3,2016-08-10,35,27
Q950563,Swimming at the 2008 Summer Olympics – Women's 200 metre breaststroke,https://en.wikipedia.org/wiki/Swimming_at_the_2008_Summer_Olympics_%E2%80%93_Women%27s_200_metre_breaststroke,Swimming,Women's 200 metre breaststroke,2008,Summer,Beijing National Aquatics Center,2008-08-13,41,34
Q47296499,Figure skating at the 2018 Winter Olympics – Team event,https://en.wikipedia.org/wiki/Figure_skating_at_the_2018_Winter_Olympics_%E2%80%93_Team_event,Figure skating,Team event,2018,Winter,"Gangneung Ice ArenaGangneung, South Korea",2018-02-09,70,10
Q26242953,Diving at the 2016 Summer Olympics – Men's 3 metre springboard,https://en.wikipedia.org/wiki/Diving_at_the_2016_Summer_Olympics_%E2%80%93_Men%27s_3_metre_springboard,Diving,Men's 3 metre springboard,2016,Summer,Maria Lenk Aquatic Center,2016-08-15,29,20
Q26235881,Diving at the 2016 Summer Olympics – Men's synchronized 10 metre platform,https://en.wikipedia.org/wiki/Diving_at_the_2016_Summer_Olympics_%E2%80%93_Men%27s_synchronized_10_metre_platform,Diving,Men's synchronized 10 metre platform,2016,Summer,Maria Lenk Aquatic Center,2016-08-08,16,8
Q26237528,Diving at the 2016 Summer Olympics – Women's synchronized 10 metre platform,https://en.wikipedia.org/wiki/Diving_at_the_2016_Summer_Olympics_%E2%80%93_Women%27s_synchronized_10_metre_platform,Diving,Women's synchronized 10 metre platform,2016,Summer,Maria Lenk Aquatic Center,2016-08-09,16,8
Q26237418,Shooting at the 2016 Summer Olympics – Men's 50 metre rifle three positions,https://en.wikipedia.org/wiki/Shooting_at_the_2016_Summer_Olympics_%E2%80%93_Men%27s_50_metre_rifle_three_positions,Shooting,Men's 50 metre rifle three positions,2016,Summer,National Shooting Center,2016-08-14,44,31
Q26243423,Diving at the 2016 Summer Olympics – Women's 3 metre springboard,https://en.wikipedia.org/wiki/Diving_at_the_2016_Summer_Olympics_%E2%80%93_Women%27s_3_metre_springboard,Diving,Women's 3 metre springboard,2016,Summer,Maria Lenk Aquatic Center,2016-08-12,29,18
Q26234145,Athletics at the 2016 Summer Olympics – Women's heptathlon,https://en.wikipedia.org/wiki/Athletics_at_the_2016_Summer_Olympics_%E2%80%93_Women%27s_heptathlon,Athletics,Women's heptathlon,2016,Summer,Olympic Stadium,2016-08-12,31,21
Q26261258,Gymnastics at the 2016 Summer Olympics – Men's trampoline,https://en.wikipedia.org/wiki/Gymnastics_at_the_2016_Summer_Olympics_%E2%80%93_Men%27s_trampoline,Gymnastics,Men's trampoline,2016,Summer,HSBC Arena,2016-08-13,16,13
Q26262523,Cycling at the 2016 Summer Olympics – Women's team sprint,https://en.wikipedia.org/wiki/Cycling_at_the_2016_Summer_Olympics_%E2%80%93_Women%27s_team_sprint,Cycling,Women's team sprint cycling,2016,Summer,Rio Olympic Velodrome,2016-08-12,18,9
Q26259596,Cycling at the 2016 Summer Olympics – Men's team sprint,https://en.wikipedia.org/wiki/Cycling_at_the_2016_Summer_Olympics_%E2%80%93_Men%27s_team_sprint,Cycling,Men's team sprint cycling,2016,Summer,Rio Olympic Velodrome,2016-08-11,27,9
Q26261256,Gymnastics at the 2016 Summer Olympics – Women's trampoline,https://en.wikipedia.org/wiki/Gymnastics_at_the_2016_Summer_Olympics_%E2%80%93_Women%27s_trampoline,Gymnastics,Women's trampoline,2016,Summer,Arena Olímpica do Rio,2016-08-12,16,13
Q26265815,Cycling at the 2016 Summer Olympics – Women's sprint,https://en.wikipedia.org/wiki/Cycling_at_the_2016_Summer_Olympics_%E2%80%93_Women%27s_sprint,Cycling,Women's cycling sprint,2016,Summer,Rio Olympic Velodrome,2016-08-14,27,17
Q26262252,Cycling at the 2016 Summer Olympics – Men's sprint,https://en.wikipedia.org/wiki/Cycling_at_the_2016_Summer_Olympics_%E2%80%93_Men%27s_sprint,Cycling,Men's sprint,2016,Summer,Rio Olympic Velodrome,2016-08-12,27,16
Q26273359,Athletics at the 2016 Summer Olympics – Women's 100 metres hurdles,https://en.wikipedia.org/wiki/Athletics_at_the_2016_Summer_Olympics_%E2%80%93_Women%27s_100_metres_hurdles,Athletics,Women's 100 metres hurdles,2016,Summer,Olympic Stadium,2016-08-16,48,34
Q26263572,Cycling at the 2016 Summer Olympics – Women's keirin,https://en.wikipedia.org/wiki/Cycling_at_the_2016_Summer_Olympics_%E2%80%93_Women%27s_keirin,Cycling,Women's Keirin,2016,Summer,Rio Olympic Velodrome,2016-08-13,,
Q26260960,Cycling at the 2016 Summer Olympics – Women's team pursuit,https://en.wikipedia.org/wiki/Cycling_at_the_2016_Summer_Olympics_%E2%80%93_Women%27s_team_pursuit,Cycling,Women's cycling team pursuit,2016,Summer,Rio Olympic Velodrome,2016-08-11,39,9
Q26234144,Athletics at the 2016 Summer Olympics – Women's javelin throw,https://en.wikipedia.org/wiki/Athletics_at_the_2016_Summer_Olympics_%E2%80%93_Women%27s_javelin_throw,Athletics,Women's javelin throw,2016,Summer,Olympic Stadium,2016-08-16,31,20
Q26234119,Athletics at the 2016 Summer Olympics – Women's hammer throw,https://en.wikipedia.org/wiki/Athletics_at_the_2016_Summer_Olympics_%E2%80%93_Women%27s_hammer_throw,Athletics,Women's hammer throw,2016,Summer,Olympic Stadium,2016-08-12,32,19
Q26291516,Cycling at the 2016 Summer Olympics – Men's keirin,https://en.wikipedia.org/wiki/Cycling_at_the_2016_Summer_Olympics_%E2%80%93_Men%27s_keirin,Cycling,Men's Keirin,2016,Summer,Rio Olympic Velodrome,2016-08-16,27,18
Q26234051,Athletics at the 2016 Summer Olympics – Women's shot put,https://en.wikipedia.org/wiki/Athletics_at_the_2016_Summer_Olympics_%E2%80%93_Women%27s_shot_put,Athletics,Women's shot put,2016,Summer,Olympic Stadium,2016-08-12,36,25
Q26233995,Athletics at the 2016 Summer Olympics – Women's triple jump,https://en.wikipedia.org/wiki/Athletics_at_the_2016_Summer_Olympics_%E2%80%93_Women%27s_triple_jump,Athletics,Women's triple jump,2016,Summer,Olympic Stadium,2016-08-13,37,25
Q26430868,Diving at the 2016 Summer Olympics – Men's 10 metre platform,https://en.wikipedia.org/wiki/Diving_at_the_2016_Summer_Olympics_%E2%80%93_Men%27s_10_metre_platform,Diving,Men's 10 metre platform diving,2016,Summer,Maria Lenk Aquatic Center,2016-08-19,28,18
Q284413,Gymnastics at the 2012 Summer Olympics – Women's trampoline,https://en.wikipedia.org/wiki/Gymnastics_at_the_2012_Summer_Olympics_%E2%80%93_Women%27s_trampoline,Gymnastics,Women's trampoline,2012,Summer,North Greenwich Arena,2012-08-04,16,14
Q3223718,Ice hockey at the 2014 Winter Olympics – Women's tournament,https://en.wikipedia.org/wiki/Ice_hockey_at_the_2014_Winter_Olympics_%E2%80%93_Women%27s_tournament,Ice hockey,Women's ice hockey,2014,Winter,,2014-02-08,168,8
Q26233317,Athletics at the 2016 Summer Olympics – Women's 3000 metres steeplechase,https://en.wikipedia.org/wiki/Athletics_at_the_2016_Summer_Olympics_%E2%80%93_Women%27s_3000_metres_steeplechase,Athletics,Women's 3000 metres steeplechase,2016,Summer,Olympic Stadium,2016-08-13,53,32
Q26233122,Athletics at the 2016 Summer Olympics – Men's 20 kilometres walk,https://en.wikipedia.org/wiki/Athletics_at_the_2016_Summer_Olympics_%E2%80%93_Men%27s_20_kilometres_walk,Athletics,Men's 20 kilometres walk,2016,Summer,Pontal,2016-08-12,74,40
Q3082710,Sailing at the 2012 Summer Olympics – Laser Radial,https://en.wikipedia.org/wiki/Sailing_at_the_2012_Summer_Olympics_%E2%80%93_Laser_Radial,Sailing,Women's Laser Radial,2012,Summer,Weymouth and Portland National Sailing Academy,2012-07-30,41,41
Q26229077,Diving at the 2016 Summer Olympics – Women's synchronized 3 metre springboard,https://en.wikipedia.org/wiki/Diving_at_the_2016_Summer_Olympics_%E2%80%93_Women%27s_synchronized_3_metre_springboard,Diving,Women's synchronised 3 metre springboard,2016,Summer,Maria Lenk Aquatic Center,2016-08-07,16,8
Q26233320,Athletics at the 2016 Summer Olympics – Women's 20 kilometres walk,https://en.wikipedia.org/wiki/Athletics_at_the_2016_Summer_Olympics_%E2%80%93_Women%27s_20_kilometres_walk,Athletics,Women's 20 kilometres walk,2016,Summer,Pontal,2016-08-19,74,31
Q284936,Gymnastics at the 2012 Summer Olympics – Women's rhythmic individual all-around,https://en.wikipedia.org/wiki/Gymnastics_at_the_2012_Summer_Olympics_%E2%80%93_Women%27s_rhythmic_individual_all-around,Gymnastics,Women's rhythmic individual all-around,2012,Summer,Wembley Arena,2012-08-09,24,21
Q26233297,"Athletics at the 2016 Summer Olympics – Women's 10,000 metres",https://en.wikipedia.org/wiki/Athletics_at_the_2016_Summer_Olympics_%E2%80%93_Women%27s_10%2C000_metres,Athletics,"Women's 10,000 metres",2016,Summer,Olympic Stadium,2016-08-12,37,24
Q26233103,Athletics at the 2016 Summer Olympics – Men's 400 metres hurdles,https://en.wikipedia.org/wiki/Athletics_at_the_2016_Summer_Olympics_%E2%80%93_Men%27s_400_metres_hurdles,Athletics,Men's 400 metres hurdles,2016,Summer,Estádio Olímpico João Havelange,2016-08-15,47,33
Q284423,Gymnastics at the 2012 Summer Olympics – Men's trampoline,https://en.wikipedia.org/wiki/Gymnastics_at_the_2012_Summer_Olympics_%E2%80%93_Men%27s_trampoline,Gymnastics,Men's trampoline,2012,Summer,North Greenwich Arena,2012-08-03,16,13
Q326112,Gymnastics at the 2012 Summer Olympics – Women's rhythmic group all-around,https://en.wikipedia.org/wiki/Gymnastics_at_the_2012_Summer_Olympics_%E2%80%93_Women%27s_rhythmic_group_all-around,Gymnastics,Women's rhythmic group all-around,2012,Summer,Wembley Arena,2012-08-09,72,12
Q26233319,Athletics at the 2016 Summer Olympics – Women's 400 metres hurdles,https://en.wikipedia.org/wiki/Athletics_at_the_2016_Summer_Olympics_%E2%80%93_Women%27s_400_metres_hurdles,Athletics,Women's 400 metres hurdles,2016,Summer,Olympic Stadium,2016-08-15,48,33
Q1064016,Judo at the 2012 Summer Olympics – Women's 57 kg,https://en.wikipedia.org/wiki/Judo_at_the_2012_Summer_Olympics_%E2%80%93_Women%27s_57_kg,Judo,Women's 57kg,2012,Summer,ExCeL Exhibition Centre,2012-07-30,25,25
Q1055931,Athletics at the 2012 Summer Olympics – Men's long jump,https://en.wikipedia.org/wiki/Athletics_at_the_2012_Summer_Olympics_%E2%80%93_Men%27s_long_jump,Athletics,Men's long jump,2012,Summer,Olympic Stadium,2012-08-03,42,30
Q26219862,Athletics at the 2016 Summer Olympics – Women's 5000 metres,https://en.wikipedia.org/wiki/Athletics_at_the_2016_Summer_Olympics_%E2%80%93_Women%27s_5000_metres,Athletics,Women's 5000 metres,2016,Summer,Olympic Stadium,2016-08-16,,
Q26225492,Athletics at the 2016 Summer Olympics – Women's long jump,https://en.wikipedia.org/wiki/Athletics_at_the_2016_Summer_Olympics_%E2%80%93_Women%27s_long_jump,Athletics,Women's long jump,2016,Summer,Olympic Stadium,2016-08-16,38,26
Q1064728,Cycling at the 2008 Summer Olympics – Women's individual road race,https://en.wikipedia.org/wiki/Cycling_at_the_2008_Summer_Olympics_%E2%80%93_Women%27s_individual_road_race,Cycling,Women's cycling road race,2008,Summer,Urban Road Cycling Course102.6,,66,33
Q26212225,Athletics at the 2016 Summer Olympics – Men's 800 metres,https://en.wikipedia.org/wiki/Athletics_at_the_2016_Summer_Olympics_%E2%80%93_Men%27s_800_metres,Athletics,Men's 800 metres,2016,Summer,Olympic Stadium,2016-08-12,58,39
Q26224939,Athletics at the 2016 Summer Olympics – Women's pole vault,https://en.wikipedia.org/wiki/Athletics_at_the_2016_Summer_Olympics_%E2%80%93_Women%27s_pole_vault,Athletics,Women's pole vault,2016,Summer,Olympic Stadium,2016-08-16,38,24
Q26219861,Athletics at the 2016 Summer Olympics – Men's 5000 metres,https://en.wikipedia.org/wiki/Athletics_at_the_2016_Summer_Olympics_%E2%80%93_Men%27s_5000_metres,Athletics,Men's 5000 metres,2016,Summer,Olympic Stadium,2016-08-17,,
Q369846,Swimming at the 2008 Summer Olympics – Men's 100 metre backstroke,https://en.wikipedia.org/wiki/Swimming_at_the_2008_Summer_Olympics_%E2%80%93_Men%27s_100_metre_backstroke,Swimming,Men's 100 metre backstroke,2008,Summer,Beijing National Aquatics Center,2008-08-10,45,35
Q26225938,Athletics at the 2016 Summer Olympics – Men's 50 kilometres walk,https://en.wikipedia.org/wiki/Athletics_at_the_2016_Summer_Olympics_%E2%80%93_Men%27s_50_kilometres_walk,Athletics,Men's 50 kilometres walk,2016,Summer,Pontal,2016-08-19,63,35
Q326384,Boxing at the 2012 Summer Olympics – Men's heavyweight,https://en.wikipedia.org/wiki/Boxing_at_the_2012_Summer_Olympics_%E2%80%93_Men%27s_heavyweight,Boxing,Men's heavyweight boxing,2012,Summer,ExCeL Exhibition Centre,2012-08-01,15,15
Q26212202,Athletics at the 2016 Summer Olympics – Men's long jump,https://en.wikipedia.org/wiki/Athletics_at_the_2016_Summer_Olympics_%E2%80%93_Men%27s_long_jump,Athletics,Men's long jump,2016,Summer,Olympic Stadium,2016-08-12,32,23
Q1005787,Judo at the 2012 Summer Olympics – Men's 81 kg,https://en.wikipedia.org/wiki/Judo_at_the_2012_Summer_Olympics_%E2%80%93_Men%27s_81_kg,Judo,Men's 81kg,2012,Summer,ExCeL Exhibition Centre,2012-07-31,34,34
Q26223026,"Athletics at the 2016 Summer Olympics – Men's 10,000 metres",https://en.wikipedia.org/wiki/Athletics_at_the_2016_Summer_Olympics_%E2%80%93_Men%27s_10%2C000_metres,Athletics,"Men's 10,000 metres",2016,Summer,Olympic Stadium,2016-08-13,34,16
Q26219858,Athletics at the 2016 Summer Olympics – Men's 400 metres,https://en.wikipedia.org/wiki/Athletics_at_the_2016_Summer_Olympics_%E2%80%93_Men%27s_400_metres,Athletics,Men's 400 metres,2016,Summer,Olympic Stadium,2016-08-12,53,35
Q26221551,Triathlon at the 2016 Summer Olympics – Men's,https://en.wikipedia.org/wiki/Triathlon_at_the_2016_Summer_Olympics_%E2%80%93_Men%27s,Triathlon,Men's triathlon,2016,Summer,"Fort Copacabana, Rio de Janeiro",2016-08-18,55,31
Q26219856,Athletics at the 2016 Summer Olympics – Men's 200 metres,https://en.wikipedia.org/wiki/Athletics_at_the_2016_Summer_Olympics_%E2%80%93_Men%27s_200_metres,Athletics,Men's 200 metres,2016,Summer,Estádio Olímpico João Havelange,2016-08-16,77,48
Q1050909,Athletics at the 2012 Summer Olympics – Men's 20 kilometres walk,https://en.wikipedia.org/wiki/Athletics_at_the_2012_Summer_Olympics_%E2%80%93_Men%27s_20_kilometres_walk,Athletics,Men's 20 kilometres walk,2012,Summer,The Mall,2012-08-04,56,34
Q1064358,Diving at the 2012 Summer Olympics – Women's synchronized 10 metre platform,https://en.wikipedia.org/wiki/Diving_at_the_2012_Summer_Olympics_%E2%80%93_Women%27s_synchronized_10_metre_platform,Diving,Women's synchronised 10 metre platform,2012,Summer,Aquatics Centre,2012-07-31,16,8
Q1064845,Marathon swimming at the 2012 Summer Olympics – Women's 10 kilometre,https://en.wikipedia.org/wiki/Marathon_swimming_at_the_2012_Summer_Olympics_%E2%80%93_Women%27s_10_kilometre,Marathon swimming,Women's marathon swimming,2012,Summer,"The Serpentine, Hyde Park",2012-08-09,25,25
Q1140736,Badminton at the 2012 Summer Olympics – Men's singles,https://en.wikipedia.org/wiki/Badminton_at_the_2012_Summer_Olympics_%E2%80%93_Men%27s_singles,Badminton,Men's singles,2012,Summer,Wembley Arena,2012-07-28,40,34
Q62020022,Rowing at the 2020 Summer Olympics – Men's single sculls,https://en.wikipedia.org/wiki/Rowing_at_the_2020_Summer_Olympics_%E2%80%93_Men%27s_single_sculls,Rowing,Men's single sculls,2020,Summer,Sea Forest Waterway,2021-07-23,32,32
Q65235520,Judo at the 2020 Summer Olympics – Men's 81 kg,https://en.wikipedia.org/wiki/Judo_at_the_2020_Summer_Olympics_%E2%80%93_Men%27s_81_kg,Judo,Men's 81 kg,2020,Summer,Nippon Budokan,2021-07-27,,
Q26219821,Shooting at the 2016 Summer Olympics – Women's 50 metre rifle three positions,https://en.wikipedia.org/wiki/Shooting_at_the_2016_Summer_Olympics_%E2%80%93_Women%27s_50_metre_rifle_three_positions,Shooting,Women's 50 metre rifle three positions,2016,Summer,National Shooting Center,2016-08-11,37,27
Q26219841,Athletics at the 2016 Summer Olympics – Women's 100 metres,https://en.wikipedia.org/wiki/Athletics_at_the_2016_Summer_Olympics_%E2%80%93_Women%27s_100_metres,Athletics,Women's 100 metres,2016,Summer,Olympic Stadium,2016-08-12,80,56
Q110316274,Figure skating at the 2022 Winter Olympics – Ice dance,https://en.wikipedia.org/wiki/Figure_skating_at_the_2022_Winter_Olympics_%E2%80%93_Ice_dance,Figure skating,Ice dance,2022,Winter,"Capital Indoor StadiumBeijing, China",,23,17
Q65243912,Skateboarding at the 2020 Summer Olympics – Men's street,https://en.wikipedia.org/wiki/Skateboarding_at_the_2020_Summer_Olympics_%E2%80%93_Men%27s_street,Skateboarding,Men's street,2020,Summer,Ariake Urban Sports Park,2021-07-25,20,12
Q65235537,Judo at the 2020 Summer Olympics – Women's 48 kg,https://en.wikipedia.org/wiki/Judo_at_the_2020_Summer_Olympics_%E2%80%93_Women%27s_48_kg,Judo,Women's 48 kg,2020,Summer,Nippon Budokan,2021-07-24,,
Q1076273,Badminton at the 2008 Summer Olympics – Men's singles,https://en.wikipedia.org/wiki/Badminton_at_the_2008_Summer_Olympics_%E2%80%93_Men%27s_singles,Badminton,Men's singles,2008,Summer,Beijing University of TechnologyGymnasium,2008-08-09,41,35
Q2070009,Athletics at the 2012 Summer Olympics – Men's 50 kilometres walk,https://en.wikipedia.org/wiki/Athletics_at_the_2012_Summer_Olympics_%E2%80%93_Men%27s_50_kilometres_walk,Athletics,Men's 50 kilometres walk,2012,Summer,The Mall,2012-08-11,63,35
Q65235488,Judo at the 2020 Summer Olympics – Men's 100 kg,https://en.wikipedia.org/wiki/Judo_at_the_2020_Summer_Olympics_%E2%80%93_Men%27s_100_kg,Judo,Men's 100 kg,2020,Summer,Nippon Budokan,2021-07-29,,
Q1188476,Rowing at the 2012 Summer Olympics – Women's quadruple sculls,https://en.wikipedia.org/wiki/Rowing_at_the_2012_Summer_Olympics_%E2%80%93_Women%27s_quadruple_sculls,Rowing,Women's quadruple sculls,2012,Summer,Eton Dorney,2012-07-28,32,8
Q65235512,Judo at the 2020 Summer Olympics – Men's 73 kg,https://en.wikipedia.org/wiki/Judo_at_the_2020_Summer_Olympics_%E2%80%93_Men%27s_73_kg,Judo,Men's 73 kg,2020,Summer,Nippon Budokan,2021-07-26,,
Q47295256,Figure skating at the 2018 Winter Olympics – Women's singles,https://en.wikipedia.org/wiki/Figure_skating_at_the_2018_Winter_Olympics_%E2%80%93_Women%27s_singles,Figure skating,Ladies' singles,2018,Winter,"Gangneung Ice ArenaGangneung, South Korea",,30,20
Q65235562,Judo at the 2020 Summer Olympics – Women's 70 kg,https://en.wikipedia.org/wiki/Judo_at_the_2020_Summer_Olympics_%E2%80%93_Women%27s_70_kg,Judo,Women's 70 kg,2020,Summer,Nippon Budokan,2021-07-28,,
Q2000949,Athletics at the 2012 Summer Olympics – Men's high jump,https://en.wikipedia.org/wiki/Athletics_at_the_2012_Summer_Olympics_%E2%80%93_Men%27s_high_jump,Athletics,Men's high jump,2012,Summer,Olympic Stadium,2012-08-05,35,27
Q2000999,Athletics at the 2012 Summer Olympics – Men's 110 metres hurdles,https://en.wikipedia.org/wiki/Athletics_at_the_2012_Summer_Olympics_%E2%80%93_Men%27s_110_metres_hurdles,Athletics,Men's 110 metres hurdles,2012,Summer,Olympic Stadium,2012-08-07,53,33
Q65235574,Judo at the 2020 Summer Olympics – Women's +78 kg,https://en.wikipedia.org/wiki/Judo_at_the_2020_Summer_Olympics_%E2%80%93_Women%27s_%2B78_kg,Judo,Women's +78 kg,2020,Summer,Nippon Budokan,2021-07-30,,
Q2000988,Athletics at the 2012 Summer Olympics – Women's marathon,https://en.wikipedia.org/wiki/Athletics_at_the_2012_Summer_Olympics_%E2%80%93_Women%27s_marathon,Athletics,Women's marathon,2012,Summer,"Marathon course, central London",2012-08-05,118,67
Q1094662,Judo at the 2008 Summer Olympics – Women's +78 kg,https://en.wikipedia.org/wiki/Judo_at_the_2008_Summer_Olympics_%E2%80%93_Women%27s_%2B78_kg,Judo,Women's +78 kg,2008,Summer,Beijing Science and TechnologyUniversity Gymnasium,2008-08-15,21,21
Q110316264,Figure skating at the 2022 Winter Olympics – Pair skating,https://en.wikipedia.org/wiki/Figure_skating_at_the_2022_Winter_Olympics_%E2%80%93_Pair_skating,Figure skating,Pair skating,2022,Winter,"Capital Indoor StadiumBeijing, China",2022-02-18,19,13
Q627905,Judo at the 2012 Summer Olympics – Women's 48 kg,https://en.wikipedia.org/wiki/Judo_at_the_2012_Summer_Olympics_%E2%80%93_Women%27s_48_kg,Judo,Women's 48kg,2012,Summer,ExCeL Exhibition Centre,2012-07-28,19,19
Q65243916,Skateboarding at the 2020 Summer Olympics – Women's street,https://en.wikipedia.org/wiki/Skateboarding_at_the_2020_Summer_Olympics_%E2%80%93_Women%27s_street,Skateboarding,Women's street,2020,Summer,Ariake Urban Sports Park,2021-07-26,20,13
Q590226,Judo at the 2008 Summer Olympics – Women's 78 kg,https://en.wikipedia.org/wiki/Judo_at_the_2008_Summer_Olympics_%E2%80%93_Women%27s_78_kg,Judo,Women's 78 kg,2008,Summer,Beijing Science and TechnologyUniversity Gymnasium,2008-08-14,21,21
Q1193963,Judo at the 2008 Summer Olympics – Women's 57 kg,https://en.wikipedia.org/wiki/Judo_at_the_2008_Summer_Olympics_%E2%80%93_Women%27s_57_kg,Judo,Women's 57 kg,2008,Summer,Beijing Science and TechnologyUniversity Gymnasium,2008-08-11,22,22
Q26219839,Athletics at the 2016 Summer Olympics – Women's 400 metres,https://en.wikipedia.org/wiki/Athletics_at_the_2016_Summer_Olympics_%E2%80%93_Women%27s_400_metres,Athletics,Women's 400 metres,2016,Summer,Olympic Stadium,2016-08-13,57,36
Q65235568,Judo at the 2020 Summer Olympics – Women's 78 kg,https://en.wikipedia.org/wiki/Judo_at_the_2020_Summer_Olympics_%E2%80%93_Women%27s_78_kg,Judo,Women's 78 kg,2020,Summer,Nippon Budokan,2021-07-29,,
Q2000979,Athletics at the 2012 Summer Olympics – Men's triple jump,https://en.wikipedia.org/wiki/Athletics_at_the_2012_Summer_Olympics_%E2%80%93_Men%27s_triple_jump,Athletics,Men's triple jump,2012,Summer,Olympic Stadium,2012-08-07,27,21
Q65242281,Gymnastics at the 2020 Summer Olympics – Women's rhythmic individual all-around,https://en.wikipedia.org/wiki/Gymnastics_at_the_2020_Summer_Olympics_%E2%80%93_Women%27s_rhythmic_individual_all-around,Gymnastics,Women's rhythmic individual all-around,2020,Summer,Ariake Gymnastics Centre,2021-08-06,26,18
Q110264101,Bobsleigh at the 2022 Winter Olympics – Two-man,https://en.wikipedia.org/wiki/Bobsleigh_at_the_2022_Winter_Olympics_%E2%80%93_Two-man,Bobsleigh,Bobsleigh two-man,2022,Winter,Xiaohaituo Bobsleigh and Luge TrackBeijing,2022-02-15,61,19
Q62020023,Rowing at the 2020 Summer Olympics – Men's coxless pair,https://en.wikipedia.org/wiki/Rowing_at_the_2020_Summer_Olympics_%E2%80%93_Men%27s_coxless_pair,Rowing,Men's pair,2020,Summer,Sea Forest Waterway,2021-07-24,27,13
Q645932,Athletics at the 2012 Summer Olympics – Women's long jump,https://en.wikipedia.org/wiki/Athletics_at_the_2012_Summer_Olympics_%E2%80%93_Women%27s_long_jump,Athletics,Women's long jump,2012,Summer,Olympic Stadium,2012-08-07,32,24
Q370500,Rowing at the 2012 Summer Olympics – Women's eight,https://en.wikipedia.org/wiki/Rowing_at_the_2012_Summer_Olympics_%E2%80%93_Women%27s_eight,Rowing,Women's eight,2012,Summer,Eton Dorney,2012-07-29,56,7
Q1065654,Beach volleyball at the 2012 Summer Olympics – Women's tournament,https://en.wikipedia.org/wiki/Beach_volleyball_at_the_2012_Summer_Olympics_%E2%80%93_Women%27s_tournament,Beach volleyball,Women's beach volleyball,2012,Summer,Horse Guards Parade,2012-07-28,48,19
Q110264143,Bobsleigh at the 2022 Winter Olympics – Four-man,https://en.wikipedia.org/wiki/Bobsleigh_at_the_2022_Winter_Olympics_%E2%80%93_Four-man,Bobsleigh,Bobsleigh four-man,2022,Winter,Xiaohaituo Bobsleigh and Luge TrackBeijing,2022-02-20,112,17
Q26214545,Athletics at the 2016 Summer Olympics – Men's discus throw,https://en.wikipedia.org/wiki/Athletics_at_the_2016_Summer_Olympics_%E2%80%93_Men%27s_discus_throw,Athletics,Men's discus throw,2016,Summer,Estádio Olímpico João Havelange,2016-08-12,35,24
Q2070547,Athletics at the 2012 Summer Olympics – Women's high jump,https://en.wikipedia.org/wiki/Athletics_at_the_2012_Summer_Olympics_%E2%80%93_Women%27s_high_jump,Athletics,Women's high jump,2012,Summer,Olympic Stadium,2012-08-09,35,28
Q2071171,Athletics at the 2012 Summer Olympics – Men's 5000 metres,https://en.wikipedia.org/wiki/Athletics_at_the_2012_Summer_Olympics_%E2%80%93_Men%27s_5000_metres,Athletics,Men's 5000 metres,2012,Summer,Olympic Stadium,2012-08-08,43,26
Q62020027,Rowing at the 2020 Summer Olympics – Men's coxless four,https://en.wikipedia.org/wiki/Rowing_at_the_2020_Summer_Olympics_%E2%80%93_Men%27s_coxless_four,Rowing,Men's coxless four,2020,Summer,Sea Forest Waterway,2021-07-24,40,10
Q26208357,Archery at the 2016 Summer Olympics – Men's team,https://en.wikipedia.org/wiki/Archery_at_the_2016_Summer_Olympics_%E2%80%93_Men%27s_team,Archery,Men's team,2016,Summer,Sambadrome Marquês de Sapucaí,2016-08-06,36,12
Q62020029,Rowing at the 2020 Summer Olympics – Men's quadruple sculls,https://en.wikipedia.org/wiki/Rowing_at_the_2020_Summer_Olympics_%E2%80%93_Men%27s_quadruple_sculls,Rowing,Men's quadruple sculls,2020,Summer,Sea Forest Waterway,2021-07-23,40,10
Q1144277,Badminton at the 2008 Summer Olympics – Women's doubles,https://en.wikipedia.org/wiki/Badminton_at_the_2008_Summer_Olympics_%E2%80%93_Women%27s_doubles,Badminton,Women's doubles,2008,Summer,Beijing University of Technology Gymnasium,2012-08-10,32,12
Q1193975,Judo at the 2008 Summer Olympics – Women's 63 kg,https://en.wikipedia.org/wiki/Judo_at_the_2008_Summer_Olympics_%E2%80%93_Women%27s_63_kg,Judo,Women's 63 kg,2008,Summer,Beijing Science and TechnologyUniversity Gymnasium,2008-08-12,25,25
Q531436,Swimming at the 2012 Summer Olympics – Women's 800 metre freestyle,https://en.wikipedia.org/wiki/Swimming_at_the_2012_Summer_Olympics_%E2%80%93_Women%27s_800_metre_freestyle,Swimming,Women's 800 metre freestyle,2012,Summer,London Aquatics Centre,2012-08-02,36,30
Q47155555,Biathlon at the 2018 Winter Olympics – Mixed relay,https://en.wikipedia.org/wiki/Biathlon_at_the_2018_Winter_Olympics_%E2%80%93_Mixed_relay,Biathlon,Mixed relay,2018,Winter,"Alpensia Biathlon Centre in Pyeongchang, South Korea",2018-02-20,80,20
Q26086643,Athletics at the 2016 Summer Olympics – Men's decathlon,https://en.wikipedia.org/wiki/Athletics_at_the_2016_Summer_Olympics_%E2%80%93_Men%27s_decathlon,Athletics,Men's decathlon,2016,Summer,Olympic Stadium,2016-08-17,32,21
Q62020033,Rowing at the 2020 Summer Olympics – Women's single sculls,https://en.wikipedia.org/wiki/Rowing_at_the_2020_Summer_Olympics_%E2%80%93_Women%27s_single_sculls,Rowing,Women's single sculls,2020,Summer,Sea Forest Waterway,2021-07-23,32,32
Q1076798,Judo at the 2012 Summer Olympics – Women's 78 kg,https://en.wikipedia.org/wiki/Judo_at_the_2012_Summer_Olympics_%E2%80%93_Women%27s_78_kg,Judo,Women's judo 78 kg category,2012,Summer,ExCeL Exhibition Centre,2012-08-02,21,21
Q47296003,Figure skating at the 2018 Winter Olympics – Ice dance,https://en.wikipedia.org/wiki/Figure_skating_at_the_2018_Winter_Olympics_%E2%80%93_Ice_dance,Figure skating,Ice dance,2018,Winter,"Gangneung Ice ArenaGangneung, South Korea",2018-02-19,24,17
Q65242368,Triathlon at the 2020 Summer Olympics – Mixed relay,https://en.wikipedia.org/wiki/Triathlon_at_the_2020_Summer_Olympics_%E2%80%93_Mixed_relay,Triathlon,Mixed relay,2020,Summer,"Odaiba Marine Park, Tokyo",2021-07-31,64,16
Q591384,Athletics at the 2012 Summer Olympics – Men's 1500 metres,https://en.wikipedia.org/wiki/Athletics_at_the_2012_Summer_Olympics_%E2%80%93_Men%27s_1500_metres,Athletics,Men's 1500 metres,2012,Summer,Olympic Stadium,2012-08-03,43,29
Q62020025,Rowing at the 2020 Summer Olympics – Men's double sculls,https://en.wikipedia.org/wiki/Rowing_at_the_2020_Summer_Olympics_%E2%80%93_Men%27s_double_sculls,Rowing,Men's double sculls,2020,Summer,Sea Forest Waterway,2021-07-23,26,13
Q1076967,Judo at the 2012 Summer Olympics – Women's 63 kg,https://en.wikipedia.org/wiki/Judo_at_the_2012_Summer_Olympics_%E2%80%93_Women%27s_63_kg,Judo,Women's 63kg,2012,Summer,ExCeL Exhibition Centre,2012-07-31,24,24
Q47263008,Figure skating at the 2018 Winter Olympics – Pair skating,https://en.wikipedia.org/wiki/Figure_skating_at_the_2018_Winter_Olympics_%E2%80%93_Pair_skating,Figure skating,Pair skating,2018,Winter,"Gangneung Ice ArenaGangneung, South Korea",2018-02-14,22,14
Q2000968,Athletics at the 2012 Summer Olympics – Men's pole vault,https://en.wikipedia.org/wiki/Athletics_at_the_2012_Summer_Olympics_%E2%80%93_Men%27s_pole_vault,Athletics,Men's pole vault,2012,Summer,Olympic Stadium,2012-08-08,32,23
Q1067177,Freestyle skiing at the 2010 Winter Olympics – Women's ski cross,https://en.wikipedia.org/wiki/Freestyle_skiing_at_the_2010_Winter_Olympics_%E2%80%93_Women%27s_ski_cross,Freestyle skiing,Ski Cross Women,2010,Winter,Cypress Bowl Ski Area,2010-02-23,35,17
Q62020035,Rowing at the 2020 Summer Olympics – Women's coxless four,https://en.wikipedia.org/wiki/Rowing_at_the_2020_Summer_Olympics_%E2%80%93_Women%27s_coxless_four,Rowing,Women's coxless four,2020,Summer,Sea Forest Waterway,2021-07-24,40,10
Q26208442,Athletics at the 2016 Summer Olympics – Men's high jump,https://en.wikipedia.org/wiki/Athletics_at_the_2016_Summer_Olympics_%E2%80%93_Men%27s_high_jump,Athletics,Men's high jump,2016,Summer,Olympic Stadium,2016-08-14,44,28
Q62020026,Rowing at the 2020 Summer Olympics – Men's lightweight double sculls,https://en.wikipedia.org/wiki/Rowing_at_the_2020_Summer_Olympics_%E2%80%93_Men%27s_lightweight_double_sculls,Rowing,Men's lightweight double sculls,2020,Summer,Sea Forest Waterway,2021-07-24,36,18
Q47455933,Short-track speed skating at the 2018 Winter Olympics – Men's 1000 metres,https://en.wikipedia.org/wiki/Short-track_speed_skating_at_the_2018_Winter_Olympics_%E2%80%93_Men%27s_1000_metres,Short-track speed skating,Men's 1000 metres,2018,Winter,"Gangneung Ice ArenaGangneung, South Korea",2018-02-13,32,14
Q2069991,Athletics at the 2012 Summer Olympics – Women's hammer throw,https://en.wikipedia.org/wiki/Athletics_at_the_2012_Summer_Olympics_%E2%80%93_Women%27s_hammer_throw,Athletics,Women's hammer throw,2012,Summer,Olympic Stadium,2012-08-08,37,25
Q110316174,Figure skating at the 2022 Winter Olympics – Men's singles,https://en.wikipedia.org/wiki/Figure_skating_at_the_2022_Winter_Olympics_%E2%80%93_Men%27s_singles,Figure skating,Men's singles skating,2022,Winter,"Capital Indoor StadiumBeijing, China",,29,20
Q62020030,Rowing at the 2020 Summer Olympics – Women's quadruple sculls,https://en.wikipedia.org/wiki/Rowing_at_the_2020_Summer_Olympics_%E2%80%93_Women%27s_quadruple_sculls,Rowing,Women's quadruple sculls,2020,Summer,Sea Forest Waterway,2021-07-23,40,10
Q65235495,Judo at the 2020 Summer Olympics – Men's 60 kg,https://en.wikipedia.org/wiki/Judo_at_the_2020_Summer_Olympics_%E2%80%93_Men%27s_60_kg,Judo,Men's 60 kg,2020,Summer,Nippon Budokan,2021-07-24,,
Q47310015,Short-track speed skating at the 2018 Winter Olympics – Women's 1000 metres,https://en.wikipedia.org/wiki/Short-track_speed_skating_at_the_2018_Winter_Olympics_%E2%80%93_Women%27s_1000_metres,Short-track speed skating,Women’s 1000 metres,2018,Winter,"Gangneung Ice ArenaGangneung, South Korea",2018-02-20,32,15
Q586832,Figure skating at the 2010 Winter Olympics – Ice dance,https://en.wikipedia.org/wiki/Figure_skating_at_the_2010_Winter_Olympics_%E2%80%93_Ice_dance,Figure skating,Ice dance,2010,Winter,"Pacific ColiseumVancouver, Canada",2010-02-19,23,15
Q62020031,Rowing at the 2020 Summer Olympics – Women's double sculls,https://en.wikipedia.org/wiki/Rowing_at_the_2020_Summer_Olympics_%E2%80%93_Women%27s_double_sculls,Rowing,Women's double sculls,2020,Summer,Sea Forest Waterway,2021-07-23,26,13
Q110324226,Figure skating at the 2022 Winter Olympics – Women's singles,https://en.wikipedia.org/wiki/Figure_skating_at_the_2022_Winter_Olympics_%E2%80%93_Women%27s_singles,Figure skating,Women's singles skating,2022,Winter,"Capital Indoor StadiumBeijing, China",,30,18
Q25991470,Marathon swimming at the 2016 Summer Olympics – Women's 10 kilometre,https://en.wikipedia.org/wiki/Marathon_swimming_at_the_2016_Summer_Olympics_%E2%80%93_Women%27s_10_kilometre,Marathon swimming,Women's marathon 10 kilometre,2016,Summer,"Fort Copacabana, Rio de Janeiro",2016-08-15,26,24
Q2000939,Athletics at the 2012 Summer Olympics – Women's javelin throw,https://en.wikipedia.org/wiki/Athletics_at_the_2012_Summer_Olympics_%E2%80%93_Women%27s_javelin_throw,Athletics,Women's javelin throw,2012,Summer,Olympic Stadium,2012-08-07,42,29
Q603519,Judo at the 2012 Summer Olympics – Women's +78 kg,https://en.wikipedia.org/wiki/Judo_at_the_2012_Summer_Olympics_%E2%80%93_Women%27s_%2B78_kg,Judo,Women's judo +78 kg category,2012,Summer,ExCeL Exhibition Centre,2012-08-03,20,20
Q26219842,Athletics at the 2016 Summer Olympics – Women's 200 metres,https://en.wikipedia.org/wiki/Athletics_at_the_2016_Summer_Olympics_%E2%80%93_Women%27s_200_metres,Athletics,Women's 200 metres,2016,Summer,Olympic Stadium,2016-08-15,72,45
Q65235505,Judo at the 2020 Summer Olympics – Men's 66 kg,https://en.wikipedia.org/wiki/Judo_at_the_2020_Summer_Olympics_%E2%80%93_Men%27s_66_kg,Judo,Men's 66 kg,2020,Summer,Nippon Budokan,2021-07-25,,
Q2036655,Cycling at the 2012 Summer Olympics – Men's cross-country,https://en.wikipedia.org/wiki/Cycling_at_the_2012_Summer_Olympics_%E2%80%93_Men%27s_cross-country,Cycling,Men's cross-country cycling,2012,Summer,Hadleigh Farm,2012-08-12,47,31
Q110264144,Bobsleigh at the 2022 Winter Olympics – Women's monobob,https://en.wikipedia.org/wiki/Bobsleigh_at_the_2022_Winter_Olympics_%E2%80%93_Women%27s_monobob,Bobsleigh,Bobsleigh women's monobob,2022,Winter,Xiaohaituo Bobsleigh and Luge TrackBeijing,2022-02-14,20,16
Q26215594,Athletics at the 2016 Summer Olympics – Men's hammer throw,https://en.wikipedia.org/wiki/Athletics_at_the_2016_Summer_Olympics_%E2%80%93_Men%27s_hammer_throw,Athletics,Men's hammer throw,2016,Summer,Estádio Olímpico João Havelange,2016-08-17,32,24
Q62020028,Rowing at the 2020 Summer Olympics – Men's eight,https://en.wikipedia.org/wiki/Rowing_at_the_2020_Summer_Olympics_%E2%80%93_Men%27s_eight,Rowing,Men's eight,2020,Summer,Sea Forest Waterway,2021-07-24,63,7
Q536380,Rowing at the 2012 Summer Olympics – Men's lightweight coxless four,https://en.wikipedia.org/wiki/Rowing_at_the_2012_Summer_Olympics_%E2%80%93_Men%27s_lightweight_coxless_four,Rowing,Men's lightweight coxless four,2012,Summer,Dorney Lake,2012-07-28,52,13
Q585714,Judo at the 2012 Summer Olympics – Men's 60 kg,https://en.wikipedia.org/wiki/Judo_at_the_2012_Summer_Olympics_%E2%80%93_Men%27s_60_kg,Judo,Men's 60kg,2012,Summer,ExCeL Exhibition Centre,2012-07-28,37,37
Q26037158,Tennis at the 2016 Summer Olympics – Women's singles,https://en.wikipedia.org/wiki/Tennis_at_the_2016_Summer_Olympics_%E2%80%93_Women%27s_singles,Tennis,Women's singles tennis,2016,Summer,Olympic Tennis Centre,2016-08-06,64,36
Q47155815,Biathlon at the 2018 Winter Olympics – Men's mass start,https://en.wikipedia.org/wiki/Biathlon_at_the_2018_Winter_Olympics_%E2%80%93_Men%27s_mass_start,Biathlon,Men's mass start,2018,Winter,"Alpensia Biathlon Centre in Pyeongchang, South Korea",2018-02-18,30,13
Q26208457,Athletics at the 2016 Summer Olympics – Men's pole vault,https://en.wikipedia.org/wiki/Athletics_at_the_2016_Summer_Olympics_%E2%80%93_Men%27s_pole_vault,Athletics,Men's pole vault,2016,Summer,Olympic Stadium,2016-08-13,31,16
Q25991460,Marathon swimming at the 2016 Summer Olympics – Men's 10 kilometre,https://en.wikipedia.org/wiki/Marathon_swimming_at_the_2016_Summer_Olympics_%E2%80%93_Men%27s_10_kilometre,Marathon swimming,Men's marathon swimming,2016,Summer,"Fort Copacabana, Rio de Janeiro",2016-08-16,25,23
Q65235542,Judo at the 2020 Summer Olympics – Women's 52 kg,https://en.wikipedia.org/wiki/Judo_at_the_2020_Summer_Olympics_%E2%80%93_Women%27s_52_kg,Judo,Women's 52 kg,2020,Summer,Nippon Budokan,2021-07-25,,
Q65243918,Skateboarding at the 2020 Summer Olympics – Women's park,https://en.wikipedia.org/wiki/Skateboarding_at_the_2020_Summer_Olympics_%E2%80%93_Women%27s_park,Skateboarding,Women's park,2020,Summer,Ariake Urban Sports Park,2021-08-04,20,13
Q26203840,Athletics at the 2016 Summer Olympics – Men's 110 metres hurdles,https://en.wikipedia.org/wiki/Athletics_at_the_2016_Summer_Olympics_%E2%80%93_Men%27s_110_metres_hurdles,Athletics,Men's 110 metres hurdles,2016,Summer,Olympic Stadium,2016-08-15,40,27
Q26208447,Athletics at the 2016 Summer Olympics – Men's shot put,https://en.wikipedia.org/wiki/Athletics_at_the_2016_Summer_Olympics_%E2%80%93_Men%27s_shot_put,Athletics,Men's shot put,2016,Summer,Olympic Stadium,2016-08-18,34,24
Q25991453,Swimming at the 2016 Summer Olympics – Men's 200 metre butterfly,https://en.wikipedia.org/wiki/Swimming_at_the_2016_Summer_Olympics_%E2%80%93_Men%27s_200_metre_butterfly,Swimming,Men's 200 metre butterfly,2016,Summer,Olympic Aquatics Stadium,2016-08-08,29,21
Q62020036,Rowing at the 2020 Summer Olympics – Women's lightweight double sculls,https://en.wikipedia.org/wiki/Rowing_at_the_2020_Summer_Olympics_%E2%80%93_Women%27s_lightweight_double_sculls,Rowing,Women's lightweight double sculls,2020,Summer,Sea Forest Waterway,2021-07-24,36,18
Q2001050,Swimming at the 2012 Summer Olympics – Men's 100 metre freestyle,https://en.wikipedia.org/wiki/Swimming_at_the_2012_Summer_Olympics_%E2%80%93_Men%27s_100_metre_freestyle,Swimming,Men's 100 metre freestyle,2012,Summer,London Aquatics Centre,2012-07-31,56,49
Q62020024,Rowing at the 2020 Summer Olympics – Women's coxless pair,https://en.wikipedia.org/wiki/Rowing_at_the_2020_Summer_Olympics_%E2%80%93_Women%27s_coxless_pair,Rowing,Women's coxless pair,2020,Summer,Sea Forest Waterway,2021-07-24,26,13
Q62020034,Rowing at the 2020 Summer Olympics – Women's eight,https://en.wikipedia.org/wiki/Rowing_at_the_2020_Summer_Olympics_%E2%80%93_Women%27s_eight,Rowing,Women's eight,2020,Summer,Sea Forest Waterway,2021-07-24,63,7
Q57083855,Badminton at the 2020 Summer Olympics – Men's doubles,https://en.wikipedia.org/wiki/Badminton_at_the_2020_Summer_Olympics_%E2%80%93_Men%27s_doubles,Badminton,Men's doubles,2020,Summer,Musashino Forest Sport Plaza,2021-07-24,32,14
Q47295100,Figure skating at the 2018 Winter Olympics – Men's singles,https://en.wikipedia.org/wiki/Figure_skating_at_the_2018_Winter_Olympics_%E2%80%93_Men%27s_singles,Figure skating,Men's singles,2018,Winter,"Gangneung Ice ArenaGangneung, South Korea",2018-02-16,30,21
Q1068773,Rowing at the 2012 Summer Olympics – Women's double sculls,https://en.wikipedia.org/wiki/Rowing_at_the_2012_Summer_Olympics_%E2%80%93_Women%27s_double_sculls,Rowing,Women's double sculls,2012,Summer,Eton Dorney,2012-07-30,20,10
Q110264107,Bobsleigh at the 2022 Winter Olympics – Two-woman,https://en.wikipedia.org/wiki/Bobsleigh_at_the_2022_Winter_Olympics_%E2%80%93_Two-woman,Bobsleigh,Bobsleigh two-woman,2022,Winter,Xiaohaituo Bobsleigh and Luge TrackBeijing,2022-02-19,40,12
Q21858018,Athletics at the 2016 Summer Olympics – Men's marathon,https://en.wikipedia.org/wiki/Athletics_at_the_2016_Summer_Olympics_%E2%80%93_Men%27s_marathon,Athletics,Men's Marathon,2016,Summer,Sambódromo,2016-08-21,155,79
Q22968982,Rowing at the 2016 Summer Olympics – Men's single sculls,https://en.wikipedia.org/wiki/Rowing_at_the_2016_Summer_Olympics_%E2%80%93_Men%27s_single_sculls,Rowing,Men's single sculls,2016,Summer,Lagoon Rodrigo de Freitas,2016-08-06,32,32
Q47155505,Biathlon at the 2018 Winter Olympics – Women's relay,https://en.wikipedia.org/wiki/Biathlon_at_the_2018_Winter_Olympics_%E2%80%93_Women%27s_relay,Biathlon,Women's relay,2018,Winter,"Alpensia Biathlon Centre in Pyeongchang, South Korea",2018-02-22,72,18
Q1772012,Athletics at the 2012 Summer Olympics – Men's 400 metres hurdles,https://en.wikipedia.org/wiki/Athletics_at_the_2012_Summer_Olympics_%E2%80%93_Men%27s_400_metres_hurdles,Athletics,Men's 400 metres hurdles,2012,Summer,Olympic Stadium,2012-08-03,49,33
Q1798905,Swimming at the 2012 Summer Olympics – Men's 400 metre individual medley,https://en.wikipedia.org/wiki/Swimming_at_the_2012_Summer_Olympics_%E2%80%93_Men%27s_400_metre_individual_medley,Swimming,Men's 400 metre individual medley,2012,Summer,London Aquatics Centre,2012-07-28,37,29
Q24906828,Diving at the 2016 Summer Olympics – Men's synchronized 3 metre springboard,https://en.wikipedia.org/wiki/Diving_at_the_2016_Summer_Olympics_%E2%80%93_Men%27s_synchronized_3_metre_springboard,Diving,Men's synchronised 3 metre springboard,2016,Summer,Maria Lenk Aquatic Center,2016-08-10,16,8
Q942500,Bobsleigh at the 2010 Winter Olympics – Two-woman,https://en.wikipedia.org/wiki/Bobsleigh_at_the_2010_Winter_Olympics_%E2%80%93_Two-woman,Bobsleigh,Two-woman,2010,Winter,Whistler Sliding Centre,2010-02-23,21,13
Q938805,Cycling at the 2008 Summer Olympics – Women's cross-country,https://en.wikipedia.org/wiki/Cycling_at_the_2008_Summer_Olympics_%E2%80%93_Women%27s_cross-country,Cycling,Women's cross-country,2008,Summer,Laoshan Mountain Bike Course,2008-08-23,30,21
Q28209,Diving at the 2012 Summer Olympics – Women's 10 metre platform,https://en.wikipedia.org/wiki/Diving_at_the_2012_Summer_Olympics_%E2%80%93_Women%27s_10_metre_platform,Diving,Women's 10 metre platform diving,2012,Summer,Aquatics Centre,2012-08-08,26,19
Q25476845,Cycling at the 2016 Summer Olympics – Men's cross-country,https://en.wikipedia.org/wiki/Cycling_at_the_2016_Summer_Olympics_%E2%80%93_Men%27s_cross-country,Cycling,Men's cross-country cycling,2016,Summer,Mountain Bike Centre,2016-08-21,49,32
Q25476835,Cycling at the 2016 Summer Olympics – Women's cross-country,https://en.wikipedia.org/wiki/Cycling_at_the_2016_Summer_Olympics_%E2%80%93_Women%27s_cross-country,Cycling,Women's cross-country cycling,2016,Summer,Mountain Bike Centre,2016-08-20,29,23
Q24995398,Beach volleyball at the 2016 Summer Olympics – Women's tournament,https://en.wikipedia.org/wiki/Beach_volleyball_at_the_2016_Summer_Olympics_%E2%80%93_Women%27s_tournament,Beach volleyball,Women's beach volleyball,2016,Summer,Copacabana Stadium,2016-08-06,48,17
Q1798873,Athletics at the 2012 Summer Olympics – Women's pole vault,https://en.wikipedia.org/wiki/Athletics_at_the_2012_Summer_Olympics_%E2%80%93_Women%27s_pole_vault,Athletics,Women's pole vault,2012,Summer,Olympic Stadium,2012-08-04,39,25
Q666951,Alpine skiing at the 2010 Winter Olympics – Men's super-G,https://en.wikipedia.org/wiki/Alpine_skiing_at_the_2010_Winter_Olympics_%E2%80%93_Men%27s_super-G,Alpine skiing,Men's super-G,2010,Winter,Whistler Creekside,2010-02-19,64,28
Q25301754,Badminton at the 2016 Summer Olympics – Women's doubles,https://en.wikipedia.org/wiki/Badminton_at_the_2016_Summer_Olympics_%E2%80%93_Women%27s_doubles,Badminton,Women's doubles,2016,Summer,Riocentro - Pavilion 4,2016-08-11,32,14
Q1649415,Athletics at the 2012 Summer Olympics – Men's 200 metres,https://en.wikipedia.org/wiki/Athletics_at_the_2012_Summer_Olympics_%E2%80%93_Men%27s_200_metres,Athletics,Men's 200 metres,2012,Summer,Olympic Stadium,2012-08-07,54,40
Q1827915,Athletics at the 2012 Summer Olympics – Women's 100 metres hurdles,https://en.wikipedia.org/wiki/Athletics_at_the_2012_Summer_Olympics_%E2%80%93_Women%27s_100_metres_hurdles,Athletics,Women's 100 metres hurdles,2012,Summer,Olympic Stadium,2012-08-06,50,36
Q21858030,Athletics at the 2016 Summer Olympics – Women's marathon,https://en.wikipedia.org/wiki/Athletics_at_the_2016_Summer_Olympics_%E2%80%93_Women%27s_marathon,Athletics,Women's marathon,2016,Summer,Sambadrome,2016-08-14,157,80
Q25301787,Badminton at the 2016 Summer Olympics – Men's doubles,https://en.wikipedia.org/wiki/Badminton_at_the_2016_Summer_Olympics_%E2%80%93_Men%27s_doubles,Badminton,Men's doubles,2016,Summer,Riocentro - Pavilion 4,2016-08-11,32,14
Q739527,Marathon swimming at the 2008 Summer Olympics – Women's 10 kilometre,https://en.wikipedia.org/wiki/Marathon_swimming_at_the_2008_Summer_Olympics_%E2%80%93_Women%27s_10_kilometre,Marathon swimming,Women's 10 km open water marathon,2008,Summer,Shunyi Olympic Rowing-Canoeing Park,2008-08-20,25,23
Q47091419,Biathlon at the 2018 Winter Olympics – Women's sprint,https://en.wikipedia.org/wiki/Biathlon_at_the_2018_Winter_Olympics_%E2%80%93_Women%27s_sprint,Biathlon,Women's sprint,2018,Winter,"Alpensia Biathlon Centre in Pyeongchang, South Korea",2018-02-10,87,27
Q15055975,Bobsleigh at the 2014 Winter Olympics – Two-woman,https://en.wikipedia.org/wiki/Bobsleigh_at_the_2014_Winter_Olympics_%E2%80%93_Two-woman,Bobsleigh,Two-woman,2014,Winter,,2014-02-18,38,13
Q938130,Judo at the 2012 Summer Olympics – Women's 52 kg,https://en.wikipedia.org/wiki/Judo_at_the_2012_Summer_Olympics_%E2%80%93_Women%27s_52_kg,Judo,Women's 52kg,2012,Summer,ExCeL Exhibition Centre,2012-07-29,23,23
Q247273,Judo at the 2008 Summer Olympics – Women's 70 kg,https://en.wikipedia.org/wiki/Judo_at_the_2008_Summer_Olympics_%E2%80%93_Women%27s_70_kg,Judo,Women's 70 kg,2008,Summer,Beijing Science and TechnologyUniversity Gymnasium,2008-08-13,22,22
Q25396697,Archery at the 2016 Summer Olympics – Women's individual,https://en.wikipedia.org/wiki/Archery_at_the_2016_Summer_Olympics_%E2%80%93_Women%27s_individual,Archery,Women's individual,2016,Summer,Sambadrome Marquês de Sapucaí,2016-08-05,64,40
Q47155365,Biathlon at the 2018 Winter Olympics – Women's pursuit,https://en.wikipedia.org/wiki/Biathlon_at_the_2018_Winter_Olympics_%E2%80%93_Women%27s_pursuit,Biathlon,Women's pursuit,2018,Winter,"Alpensia Biathlon Centre in Pyeongchang, South Korea",2018-02-12,58,24
Q1798983,Athletics at the 2012 Summer Olympics – Men's marathon,https://en.wikipedia.org/wiki/Athletics_at_the_2012_Summer_Olympics_%E2%80%93_Men%27s_marathon,Athletics,Men's marathon,2012,Summer,"Marathon course, central London",2012-08-12,105,67
Q25397537,Athletics at the 2016 Summer Olympics – Men's 100 metres,https://en.wikipedia.org/wiki/Athletics_at_the_2016_Summer_Olympics_%E2%80%93_Men%27s_100_metres,Athletics,Men's 100 metres,2016,Summer,Olympic Stadium,2016-08-13,84,57
Q693595,Athletics at the 2008 Summer Olympics – Men's marathon,https://en.wikipedia.org/wiki/Athletics_at_the_2008_Summer_Olympics_%E2%80%93_Men%27s_marathon,Athletics,Men's marathon,2008,Summer,Beijing,2008-08-24,95,56
Q843287,Cycling at the 2012 Summer Olympics – Women's individual road race,https://en.wikipedia.org/wiki/Cycling_at_the_2012_Summer_Olympics_%E2%80%93_Women%27s_individual_road_race,Cycling,Women's cycling road race,2012,Summer,Central and southwest London and north Surrey 140.3,2012-07-29,66,36
Q960100,Judo at the 2012 Summer Olympics – Men's 100 kg,https://en.wikipedia.org/wiki/Judo_at_the_2012_Summer_Olympics_%E2%80%93_Men%27s_100_kg,Judo,Men's 100 kg,2012,Summer,ExCeL Exhibition Centre,2012-08-02,30,30
Q24825467,Beach volleyball at the 2016 Summer Olympics – Men's tournament,https://en.wikipedia.org/wiki/Beach_volleyball_at_the_2016_Summer_Olympics_%E2%80%93_Men%27s_tournament,Beach volleyball,Men's beach volleyball,2016,Summer,Copacabana Stadium,2016-08-06,48,16
Q2437166,Cycling at the 2012 Summer Olympics – Men's omnium,https://en.wikipedia.org/wiki/Cycling_at_the_2012_Summer_Olympics_%E2%80%93_Men%27s_omnium,Cycling,Men's omnium,2012,Summer,London Velopark,2012-08-04,18,18
Q1753402,"Athletics at the 2012 Summer Olympics – Men's 10,000 metres",https://en.wikipedia.org/wiki/Athletics_at_the_2012_Summer_Olympics_%E2%80%93_Men%27s_10%2C000_metres,Athletics,"Men's 10,000 metres",2012,Summer,Olympic Stadium,2012-08-04,29,18
Q956242,Athletics at the 2012 Summer Olympics – Women's 20 kilometres walk,https://en.wikipedia.org/wiki/Athletics_at_the_2012_Summer_Olympics_%E2%80%93_Women%27s_20_kilometres_walk,Athletics,Women's 20 kilometres walk,2012,Summer,The Mall,2012-08-11,61,33
Q1345726,Badminton at the 2012 Summer Olympics – Women's singles,https://en.wikipedia.org/wiki/Badminton_at_the_2012_Summer_Olympics_%E2%80%93_Women%27s_singles,Badminton,Women's singles,2012,Summer,Wembley Arena,2012-07-28,46,42
Q22968981,Rowing at the 2016 Summer Olympics – Men's lightweight coxless four,https://en.wikipedia.org/wiki/Rowing_at_the_2016_Summer_Olympics_%E2%80%93_Men%27s_lightweight_coxless_four,Rowing,Men's lightweight coxless four,2016,Summer,Rodrigo de Freitas Lagoon,2016-08-06,52,13
Q1222270,Rowing at the 2012 Summer Olympics – Women's single sculls,https://en.wikipedia.org/wiki/Rowing_at_the_2012_Summer_Olympics_%E2%80%93_Women%27s_single_sculls,Rowing,Women's single sculls,2012,Summer,Eton Dorney,2012-07-28,28,28
Q932145,Judo at the 2012 Summer Olympics – Men's 66 kg,https://en.wikipedia.org/wiki/Judo_at_the_2012_Summer_Olympics_%E2%80%93_Men%27s_66_kg,Judo,Men's 66kg,2012,Summer,ExCeL Exhibition Centre,2012-07-29,36,36
Q22968972,Rowing at the 2016 Summer Olympics – Women's lightweight double sculls,https://en.wikipedia.org/wiki/Rowing_at_the_2016_Summer_Olympics_%E2%80%93_Women%27s_lightweight_double_sculls,Rowing,Women's lightweight double sculls,2016,Summer,Rodrigo de Freitas Lagoon,2016-08-08,40,20
Q1005337,Rowing at the 2012 Summer Olympics – Men's single sculls,https://en.wikipedia.org/wiki/Rowing_at_the_2012_Summer_Olympics_%E2%80%93_Men%27s_single_sculls,Rowing,Men's single sculls,2012,Summer,Eton Dorney,2012-07-28,33,33
Q1005506,Rowing at the 2012 Summer Olympics – Men's coxless four,https://en.wikipedia.org/wiki/Rowing_at_the_2012_Summer_Olympics_%E2%80%93_Men%27s_coxless_four,Rowing,Men's coxless four,2012,Summer,Eton Dorney,2012-07-30,52,13
Q782396,Badminton at the 2008 Summer Olympics – Mixed doubles,https://en.wikipedia.org/wiki/Badminton_at_the_2008_Summer_Olympics_%E2%80%93_Mixed_doubles,Badminton,Mixed doubles,2008,Summer,Beijing University of Technology Gymnasium,2008-08-12,32,12
Q25476761,Cycling at the 2016 Summer Olympics – Women's BMX,https://en.wikipedia.org/wiki/Cycling_at_the_2016_Summer_Olympics_%E2%80%93_Women%27s_BMX,Cycling,Women's BMX,2016,Summer,Olympic BMX Centre,2016-08-17,16,13
Q1337276,Badminton at the 2012 Summer Olympics – Men's doubles,https://en.wikipedia.org/wiki/Badminton_at_the_2012_Summer_Olympics_%E2%80%93_Men%27s_doubles,Badminton,Men's doubles,2012,Summer,Wembley Arena,2012-07-28,32,14
Q25301916,Badminton at the 2016 Summer Olympics – Mixed doubles,https://en.wikipedia.org/wiki/Badminton_at_the_2016_Summer_Olympics_%E2%80%93_Mixed_doubles,Badminton,Mixed doubles,2016,Summer,Riocentro - Pavilion 4,2016-08-11,32,14
Q47105341,Biathlon at the 2018 Winter Olympics – Men's sprint,https://en.wikipedia.org/wiki/Biathlon_at_the_2018_Winter_Olympics_%E2%80%93_Men%27s_sprint,Biathlon,Men's sprint,2018,Winter,"Alpensia Biathlon Centre in Pyeongchang, South Korea",2018-02-11,87,26
Q938833,Cycling at the 2008 Summer Olympics – Men's cross-country,https://en.wikipedia.org/wiki/Cycling_at_the_2008_Summer_Olympics_%E2%80%93_Men%27s_cross-country,Cycling,Men's cross-country,2008,Summer,Laoshan Mountain Bike Course,2008-08-23,50,33
Q1986718,Athletics at the 2012 Summer Olympics – Men's javelin throw,https://en.wikipedia.org/wiki/Athletics_at_the_2012_Summer_Olympics_%E2%80%93_Men%27s_javelin_throw,Athletics,Men's javelin throw,2012,Summer,Olympic Stadium,2012-08-08,44,31
Q937510,Diving at the 2012 Summer Olympics – Men's synchronized 3 metre springboard,https://en.wikipedia.org/wiki/Diving_at_the_2012_Summer_Olympics_%E2%80%93_Men%27s_synchronized_3_metre_springboard,Diving,Men's synchronised 3 metre springboard,2012,Summer,Aquatics Centre,2012-08-01,16,8
Q15056097,Freestyle skiing at the 2014 Winter Olympics – Women's halfpipe,https://en.wikipedia.org/wiki/Freestyle_skiing_at_the_2014_Winter_Olympics_%E2%80%93_Women%27s_halfpipe,Freestyle skiing,Women's halfpipe,2014,Winter,"Rosa Khutor Extreme Park, Krasnaya Polyana, Russia",2014-02-20,23,13
Q2268451,Marathon swimming at the 2012 Summer Olympics – Men's 10 kilometre,https://en.wikipedia.org/wiki/Marathon_swimming_at_the_2012_Summer_Olympics_%E2%80%93_Men%27s_10_kilometre,Marathon swimming,Men's Marathon Swim,2012,Summer,"The Serpentine, Hyde Park",2012-08-10,25,23
Q25396702,Archery at the 2016 Summer Olympics – Women's team,https://en.wikipedia.org/wiki/Archery_at_the_2016_Summer_Olympics_%E2%80%93_Women%27s_team,Archery,Women's team,2016,Summer,Sambadrome Marquês de Sapucaí,2016-08-07,36,12
Q31850,Boxing at the 2012 Summer Olympics – Men's light welterweight,https://en.wikipedia.org/wiki/Boxing_at_the_2012_Summer_Olympics_%E2%80%93_Men%27s_light_welterweight,Boxing,Men's light welterweight boxing,2012,Summer,ExCeL Exhibition Centre,2012-07-31,28,28
Q1798882,Athletics at the 2012 Summer Olympics – Women's 400 metres,https://en.wikipedia.org/wiki/Athletics_at_the_2012_Summer_Olympics_%E2%80%93_Women%27s_400_metres,Athletics,Women's 400 metres,2012,Summer,Olympic Stadium,2012-08-03,49,40
Q764131,Diving at the 2012 Summer Olympics – Men's 3 metre springboard,https://en.wikipedia.org/wiki/Diving_at_the_2012_Summer_Olympics_%E2%80%93_Men%27s_3_metre_springboard,Diving,Men's 3 metre springboard,2012,Summer,Aquatics Centre,2012-08-06,29,17
Q916735,Figure skating at the 2010 Winter Olympics – Women's singles,https://en.wikipedia.org/wiki/Figure_skating_at_the_2010_Winter_Olympics_%E2%80%93_Women%27s_singles,Figure skating,Women's singles,2010,Winter,"Pacific ColiseumVancouver, Canada",,30,23
Q937526,Diving at the 2012 Summer Olympics – Men's synchronized 10 metre platform,https://en.wikipedia.org/wiki/Diving_at_the_2012_Summer_Olympics_%E2%80%93_Men%27s_synchronized_10_metre_platform,Diving,Men's synchronised 10 metre platform,2012,Summer,Aquatics Centre,2012-07-30,16,8
Q25301472,Badminton at the 2016 Summer Olympics – Men's singles,https://en.wikipedia.org/wiki/Badminton_at_the_2016_Summer_Olympics_%E2%80%93_Men%27s_singles,Badminton,Men's singles,2016,Summer,Riocentro - Pavilion 4,2016-08-11,41,37
Q658077,Figure skating at the 2010 Winter Olympics – Pair skating,https://en.wikipedia.org/wiki/Figure_skating_at_the_2010_Winter_Olympics_%E2%80%93_Pair_skating,Figure skating,Pair skating,2010,Winter,"Pacific ColiseumVancouver, Canada",2010-02-14,20,12
Q24761058,Cycling at the 2016 Summer Olympics – Women's individual road race,https://en.wikipedia.org/wiki/Cycling_at_the_2016_Summer_Olympics_%E2%80%93_Women%27s_individual_road_race,Cycling,Women's cycling road race,2016,Summer,Fort Copacabana141,2016-08-07,68,39
Q22968977,Rowing at the 2016 Summer Olympics – Women's coxless pair,https://en.wikipedia.org/wiki/Rowing_at_the_2016_Summer_Olympics_%E2%80%93_Women%27s_coxless_pair,Rowing,Women's coxless pair,2016,Summer,Rodrigo de Freitas Lagoon,2016-08-06,30,15
Q15056098,Freestyle skiing at the 2014 Winter Olympics – Men's halfpipe,https://en.wikipedia.org/wiki/Freestyle_skiing_at_the_2014_Winter_Olympics_%E2%80%93_Men%27s_halfpipe,Freestyle skiing,Men's halfpipe,2014,Winter,"Rosa Khutor Extreme Park, Krasnaya Polyana, Russia",2014-02-18,29,13
Q1005551,Judo at the 2012 Summer Olympics – Men's 73 kg,https://en.wikipedia.org/wiki/Judo_at_the_2012_Summer_Olympics_%E2%80%93_Men%27s_73_kg,Judo,Men's 73kg,2012,Summer,ExCeL Exhibition Centre,2012-07-30,34,34
Q1636766,Athletics at the 2012 Summer Olympics – Men's 400 metres,https://en.wikipedia.org/wiki/Athletics_at_the_2012_Summer_Olympics_%E2%80%93_Men%27s_400_metres,Athletics,Men's 400 metres,2012,Summer,Olympic Stadium,2012-08-04,49,38
Q22968980,Rowing at the 2016 Summer Olympics – Men's lightweight double sculls,https://en.wikipedia.org/wiki/Rowing_at_the_2016_Summer_Olympics_%E2%80%93_Men%27s_lightweight_double_sculls,Rowing,Men's lightweight double sculls,2016,Summer,Rodrigo de Freitas Lagoon,2016-08-08,40,20
Q25476545,Cycling at the 2016 Summer Olympics – Women's omnium,https://en.wikipedia.org/wiki/Cycling_at_the_2016_Summer_Olympics_%E2%80%93_Women%27s_omnium,Cycling,Women's Omnium,2016,Summer,Rio Olympic Velodrome,2016-08-15,18,18
Q732985,Freestyle skiing at the 2010 Winter Olympics – Men's ski cross,https://en.wikipedia.org/wiki/Freestyle_skiing_at_the_2010_Winter_Olympics_%E2%80%93_Men%27s_ski_cross,Freestyle skiing,Ski Cross Men,2010,Winter,"Cypress Bowl Ski Areain Cypress Provincial Park, West Vancouver, British Columbia, Canada",2010-02-21,33,15
Q843436,Athletics at the 2012 Summer Olympics – Women's heptathlon,https://en.wikipedia.org/wiki/Athletics_at_the_2012_Summer_Olympics_%E2%80%93_Women%27s_heptathlon,Athletics,Women's heptathlon,2012,Summer,Olympic Stadium,2012-08-03,39,25
Q1799251,Athletics at the 2012 Summer Olympics – Women's shot put,https://en.wikipedia.org/wiki/Athletics_at_the_2012_Summer_Olympics_%E2%80%93_Women%27s_shot_put,Athletics,Women's shot put,2012,Summer,Olympic Stadium,2012-08-06,32,21
Q22968985,Rowing at the 2016 Summer Olympics – Men's coxless pair,https://en.wikipedia.org/wiki/Rowing_at_the_2016_Summer_Olympics_%E2%80%93_Men%27s_coxless_pair,Rowing,Men's coxless pair,2016,Summer,Rodrigo de Freitas Lagoon,2016-08-06,26,13
Q733756,Athletics at the 2012 Summer Olympics – Women's triple jump,https://en.wikipedia.org/wiki/Athletics_at_the_2012_Summer_Olympics_%E2%80%93_Women%27s_triple_jump,Athletics,Women's triple jump,2012,Summer,Olympic Stadium,2012-08-03,35,24
Q15620701,Figure skating at the 2014 Winter Olympics – Ice dance,https://en.wikipedia.org/wiki/Figure_skating_at_the_2014_Winter_Olympics_%E2%80%93_Ice_dance,Figure skating,Ice dance,2014,Winter,"Iceberg Skating PalaceSochi, Russia",2014-02-16,24,15
Q1005683,Rowing at the 2012 Summer Olympics – Men's quadruple sculls,https://en.wikipedia.org/wiki/Rowing_at_the_2012_Summer_Olympics_%E2%80%93_Men%27s_quadruple_sculls,Rowing,Men's quadruple sculls,2012,Summer,Eton Dorney,2012-07-28,52,13
Q15620726,Figure skating at the 2014 Winter Olympics – Pair skating,https://en.wikipedia.org/wiki/Figure_skating_at_the_2014_Winter_Olympics_%E2%80%93_Pair_skating,Figure skating,Pair skating,2014,Winter,"Iceberg Skating PalaceSochi, Russia",2014-02-11,20,12
Q15054997,Alpine skiing at the 2014 Winter Olympics – Men's downhill,https://en.wikipedia.org/wiki/Alpine_skiing_at_the_2014_Winter_Olympics_%E2%80%93_Men%27s_downhill,Alpine skiing,Men's downhill,2014,Winter,"Rosa Khutor Alpine ResortKrasnaya Polyana, Russia",2014-02-09,49,24
Q47155425,Biathlon at the 2018 Winter Olympics – Women's individual,https://en.wikipedia.org/wiki/Biathlon_at_the_2018_Winter_Olympics_%E2%80%93_Women%27s_individual,Biathlon,Women's individual,2018,Winter,"Alpensia Biathlon Centre in Pyeongchang, South Korea",2018-02-15,87,27
Q22968983,Rowing at the 2016 Summer Olympics – Men's double sculls,https://en.wikipedia.org/wiki/Rowing_at_the_2016_Summer_Olympics_%E2%80%93_Men%27s_double_sculls,Rowing,Men's double sculls,2016,Summer,Rodrigo de Freitas Lagoon,2016-08-06,26,13
Q1772017,Athletics at the 2012 Summer Olympics – Women's 100 metres,https://en.wikipedia.org/wiki/Athletics_at_the_2012_Summer_Olympics_%E2%80%93_Women%27s_100_metres,Athletics,Women's 100 metres,2012,Summer,Olympic Stadium,2012-08-03,79,67
Q945090,Rowing at the 2012 Summer Olympics – Men's lightweight double sculls,https://en.wikipedia.org/wiki/Rowing_at_the_2012_Summer_Olympics_%E2%80%93_Men%27s_lightweight_double_sculls,Rowing,Men's lightweight double sculls,2012,Summer,Eton Dorney,2012-07-29,40,20
Q1798867,Athletics at the 2012 Summer Olympics – Women's 200 metres,https://en.wikipedia.org/wiki/Athletics_at_the_2012_Summer_Olympics_%E2%80%93_Women%27s_200_metres,Athletics,Women's 200 metres,2012,Summer,Olympic Stadium,2012-08-06,54,39
Q47155541,Biathlon at the 2018 Winter Olympics – Men's relay,https://en.wikipedia.org/wiki/Biathlon_at_the_2018_Winter_Olympics_%E2%80%93_Men%27s_relay,Biathlon,Men's relay,2018,Winter,"Alpensia Biathlon Centre in Pyeongchang, South Korea",2018-02-23,73,19
Q22968979,Rowing at the 2016 Summer Olympics – Women's eight,https://en.wikipedia.org/wiki/Rowing_at_the_2016_Summer_Olympics_%E2%80%93_Women%27s_eight,Rowing,Women's eight,2016,Summer,Lagoa Rodrigo de Freitas,2016-08-08,56,7
Q767351,Rowing at the 2012 Summer Olympics – Men's coxless pair,https://en.wikipedia.org/wiki/Rowing_at_the_2012_Summer_Olympics_%E2%80%93_Men%27s_coxless_pair,Rowing,Men's coxless pair,2012,Summer,Eton Dorney,2012-07-28,26,13
Q1799157,Athletics at the 2012 Summer Olympics – Women's 400 metres hurdles,https://en.wikipedia.org/wiki/Athletics_at_the_2012_Summer_Olympics_%E2%80%93_Women%27s_400_metres_hurdles,Athletics,Women's 400 metres hurdles,2012,Summer,Olympic Stadium,2012-08-05,43,35
Q1771958,Athletics at the 2012 Summer Olympics – Women's discus throw,https://en.wikipedia.org/wiki/Athletics_at_the_2012_Summer_Olympics_%E2%80%93_Women%27s_discus_throw,Athletics,Women's discus throw,2012,Summer,Olympic Stadium,2012-08-03,36,23
Q1005508,Rowing at the 2012 Summer Olympics – Men's double sculls,https://en.wikipedia.org/wiki/Rowing_at_the_2012_Summer_Olympics_%E2%80%93_Men%27s_double_sculls,Rowing,Men's double sculls,2012,Summer,Eton Dorney,2012-07-28,26,13
Q25396694,Archery at the 2016 Summer Olympics – Men's individual,https://en.wikipedia.org/wiki/Archery_at_the_2016_Summer_Olympics_%E2%80%93_Men%27s_individual,Archery,Men's individual,2016,Summer,Sambadrome Marquês de Sapucaí,2016-08-05,64,40
Q22968974,Rowing at the 2016 Summer Olympics – Women's double sculls,https://en.wikipedia.org/wiki/Rowing_at_the_2016_Summer_Olympics_%E2%80%93_Women%27s_double_sculls,Rowing,Women's double sculls,2016,Summer,Rodrigo de Freitas Lagoon,2016-08-06,26,13
Q22968986,Rowing at the 2016 Summer Olympics – Men's coxless four,https://en.wikipedia.org/wiki/Rowing_at_the_2016_Summer_Olympics_%E2%80%93_Men%27s_coxless_four,Rowing,Men's coxless four,2016,Summer,Rodrigo de Freitas Lagoon,2016-08-08,52,13
Q15052026,Biathlon at the 2014 Winter Olympics – Mixed relay,https://en.wikipedia.org/wiki/Biathlon_at_the_2014_Winter_Olympics_%E2%80%93_Mixed_relay,Biathlon,Mixed relay,2014,Winter,Laura Biathlon & Ski Complex,2014-02-19,64,16
Q15056101,Freestyle skiing at the 2014 Winter Olympics – Women's ski cross,https://en.wikipedia.org/wiki/Freestyle_skiing_at_the_2014_Winter_Olympics_%E2%80%93_Women%27s_ski_cross,Freestyle skiing,Women's ski cross,2014,Winter,"Rosa Khutor Extreme Park, Krasnaya Polyana, Russia",2014-02-21,28,12
Q47155408,Biathlon at the 2018 Winter Olympics – Men's individual,https://en.wikipedia.org/wiki/Biathlon_at_the_2018_Winter_Olympics_%E2%80%93_Men%27s_individual,Biathlon,Men's individual,2018,Winter,"Alpensia Biathlon Centre in Pyeongchang, South Korea",2018-02-15,86,26
Q1005554,Judo at the 2012 Summer Olympics – Men's 90 kg,https://en.wikipedia.org/wiki/Judo_at_the_2012_Summer_Olympics_%E2%80%93_Men%27s_90_kg,Judo,Men's 90kg,2012,Summer,ExCeL Exhibition Centre,2012-08-01,30,30
Q947750,Athletics at the 2008 Summer Olympics – Women's 3000 metres steeplechase,https://en.wikipedia.org/wiki/Athletics_at_the_2008_Summer_Olympics_%E2%80%93_Women%27s_3000_metres_steeplechase,Athletics,Women's 3000 metres steeplechase,2008,Summer,Beijing National Stadium,2008-08-15,50,30
Q1005379,Diving at the 2012 Summer Olympics – Men's 10 metre platform,https://en.wikipedia.org/wiki/Diving_at_the_2012_Summer_Olympics_%E2%80%93_Men%27s_10_metre_platform,Diving,Men's 10 metre platform diving,2012,Summer,Aquatics Centre,2012-08-10,32,19
Q2269155,Cycling at the 2012 Summer Olympics – Women's cross-country,https://en.wikipedia.org/wiki/Cycling_at_the_2012_Summer_Olympics_%E2%80%93_Women%27s_cross-country,Cycling,Women's cross-country cycling,2012,Summer,Hadleigh Farm,2012-08-11,30,24
Q22968973,Rowing at the 2016 Summer Olympics – Women's single sculls,https://en.wikipedia.org/wiki/Rowing_at_the_2016_Summer_Olympics_%E2%80%93_Women%27s_single_sculls,Rowing,Women's single sculls,2016,Summer,Rodrigo de Freitas Lagoon,2016-08-06,32,32
Q1005663,Judo at the 2012 Summer Olympics – Men's +100 kg,https://en.wikipedia.org/wiki/Judo_at_the_2012_Summer_Olympics_%E2%80%93_Men%27s_%2B100_kg,Judo,Men's +100kg,2012,Summer,ExCeL Exhibition Centre,2012-08-03,32,32
Q28166,Diving at the 2012 Summer Olympics – Women's synchronized 3 metre springboard,https://en.wikipedia.org/wiki/Diving_at_the_2012_Summer_Olympics_%E2%80%93_Women%27s_synchronized_3_metre_springboard,Diving,Women's synchronised 3 metre springboard,2012,Summer,Aquatics Centre,2012-07-29,16,8
Q143007,Badminton at the 2008 Summer Olympics – Men's doubles,https://en.wikipedia.org/wiki/Badminton_at_the_2008_Summer_Olympics_%E2%80%93_Men%27s_doubles,Badminton,Men's doubles,2008,Summer,Beijing University of Technology Gymnasium,2008-08-12,32,10
Q1414502,Badminton at the 2012 Summer Olympics – Mixed doubles,https://en.wikipedia.org/wiki/Badminton_at_the_2012_Summer_Olympics_%E2%80%93_Mixed_doubles,Badminton,Mixed doubles,2012,Summer,Wembley Arena,2012-07-28,32,14
Q15055978,Bobsleigh at the 2014 Winter Olympics – Two-man,https://en.wikipedia.org/wiki/Bobsleigh_at_the_2014_Winter_Olympics_%E2%80%93_Two-man,Bobsleigh,Two-man,2014,Winter,,2014-02-16,60,20
Q734020,Athletics at the 2012 Summer Olympics – Men's 100 metres,https://en.wikipedia.org/wiki/Athletics_at_the_2012_Summer_Olympics_%E2%80%93_Men%27s_100_metres,Athletics,Men's 100 metres,2012,Summer,Olympic Stadium,2012-08-04,74,61
Q25476541,Cycling at the 2016 Summer Olympics – Men's omnium,https://en.wikipedia.org/wiki/Cycling_at_the_2016_Summer_Olympics_%E2%80%93_Men%27s_omnium,Cycling,Men's Omnium,2016,Summer,Rio Olympic Velodrome,2016-08-14,18,18
Q15620700,Figure skating at the 2014 Winter Olympics – Team event,https://en.wikipedia.org/wiki/Figure_skating_at_the_2014_Winter_Olympics_%E2%80%93_Team_event,Figure skating,Team event,2014,Winter,"Iceberg Skating PalaceSochi, Russia",2014-02-06,75,10
Q22968984,Rowing at the 2016 Summer Olympics – Men's quadruple sculls,https://en.wikipedia.org/wiki/Rowing_at_the_2016_Summer_Olympics_%E2%80%93_Men%27s_quadruple_sculls,Rowing,Men's quadruple sculls,2016,Summer,Rodrigo de Freitas Lagoon,2016-08-06,40,10
Q1004931,Marathon swimming at the 2008 Summer Olympics – Men's 10 kilometre,https://en.wikipedia.org/wiki/Marathon_swimming_at_the_2008_Summer_Olympics_%E2%80%93_Men%27s_10_kilometre,Marathon swimming,Men's 10 km open water marathon,2008,Summer,Shunyi Olympic Rowing-Canoeing Park,2008-08-21,25,24
Q15292539,Figure skating at the 2014 Winter Olympics – Men's singles,https://en.wikipedia.org/wiki/Figure_skating_at_the_2014_Winter_Olympics_%E2%80%93_Men%27s_singles,Figure skating,Men's singles,2014,Winter,"Iceberg Skating PalaceSochi, Russia",2014-02-13,30,21
Q47155467,Biathlon at the 2018 Winter Olympics – Women's mass start,https://en.wikipedia.org/wiki/Biathlon_at_the_2018_Winter_Olympics_%E2%80%93_Women%27s_mass_start,Biathlon,Women's mass start,2018,Winter,"Alpensia Biathlon Centre in Pyeongchang, South Korea",2018-02-17,30,13
Q1754221,Synchronized swimming at the 2012 Summer Olympics – Women's duet,https://en.wikipedia.org/wiki/Synchronized_swimming_at_the_2012_Summer_Olympics_%E2%80%93_Women%27s_duet,Synchronized swimming,Women's duet,2012,Summer,Aquatics Centre,2012-08-05,48,24
Q779173,Judo at the 2012 Summer Olympics – Women's 70 kg,https://en.wikipedia.org/wiki/Judo_at_the_2012_Summer_Olympics_%E2%80%93_Women%27s_70_kg,Judo,Women's 70kg,2012,Summer,ExCeL Exhibition Centre,2012-08-01,22,22
Q225969,Biathlon at the 2010 Winter Olympics – Men's pursuit,https://en.wikipedia.org/wiki/Biathlon_at_the_2010_Winter_Olympics_%E2%80%93_Men%27s_pursuit,Biathlon,Men's pursuit,2010,Winter,Whistler Olympic Park,2010-02-16,60,24
Q23747965,Tennis at the 2016 Summer Olympics – Men's singles,https://en.wikipedia.org/wiki/Tennis_at_the_2016_Summer_Olympics_%E2%80%93_Men%27s_singles,Tennis,Men's singles tennis,2016,Summer,Olympic Tennis Centre,2016-08-06,64,34
Q427022,Rowing at the 2012 Summer Olympics – Women's coxless pair,https://en.wikipedia.org/wiki/Rowing_at_the_2012_Summer_Olympics_%E2%80%93_Women%27s_coxless_pair,Rowing,Women's coxless pair,2012,Summer,Eton Dorney,2012-07-28,20,10
Q765839,Athletics at the 2012 Summer Olympics – Men's discus throw,https://en.wikipedia.org/wiki/Athletics_at_the_2012_Summer_Olympics_%E2%80%93_Men%27s_discus_throw,Athletics,Men's discus throw,2012,Summer,Olympic Stadium,2012-08-06,41,24
Q25301483,Badminton at the 2016 Summer Olympics – Women's singles,https://en.wikipedia.org/wiki/Badminton_at_the_2016_Summer_Olympics_%E2%80%93_Women%27s_singles,Badminton,Women's singles,2016,Summer,Riocentro – Pavilion 4,2016-08-11,40,35
Q14643120,Biathlon at the 2014 Winter Olympics – Men's pursuit,https://en.wikipedia.org/wiki/Biathlon_at_the_2014_Winter_Olympics_%E2%80%93_Men%27s_pursuit,Biathlon,Men's pursuit,2014,Winter,Laura Biathlon & Ski Complex,2014-02-10,59,21
Q841530,Athletics at the 2012 Summer Olympics – Men's hammer throw,https://en.wikipedia.org/wiki/Athletics_at_the_2012_Summer_Olympics_%E2%80%93_Men%27s_hammer_throw,Athletics,Men's hammer throw,2012,Summer,Olympic Stadium,2012-08-03,41,32
Q22968976,Rowing at the 2016 Summer Olympics – Women's quadruple sculls,https://en.wikipedia.org/wiki/Rowing_at_the_2016_Summer_Olympics_%E2%80%93_Women%27s_quadruple_sculls,Rowing,Women's quadruple sculls,2016,Summer,Rodrigo de Freitas Lagoon,2016-08-06,28,7
Q832282,Alpine skiing at the 2010 Winter Olympics – Men's downhill,https://en.wikipedia.org/wiki/Alpine_skiing_at_the_2010_Winter_Olympics_%E2%80%93_Men%27s_downhill,Alpine skiing,Men's downhill,2010,Winter,Whistler Creekside,2010-02-15,64,28
Q918063,Beach volleyball at the 2012 Summer Olympics – Men's tournament,https://en.wikipedia.org/wiki/Beach_volleyball_at_the_2012_Summer_Olympics_%E2%80%93_Men%27s_tournament,Beach volleyball,Men's beach volleyball,2012,Summer,Horse Guards Parade,2012-07-28,48,19
Q15056102,Freestyle skiing at the 2014 Winter Olympics – Men's ski cross,https://en.wikipedia.org/wiki/Freestyle_skiing_at_the_2014_Winter_Olympics_%E2%80%93_Men%27s_ski_cross,Freestyle skiing,Men's ski cross,2014,Winter,"Rosa Khutor Extreme Park, Krasnaya Polyana, Russia",2014-02-20,31,13
Q47155371,Biathlon at the 2018 Winter Olympics – Men's pursuit,https://en.wikipedia.org/wiki/Biathlon_at_the_2018_Winter_Olympics_%E2%80%93_Men%27s_pursuit,Biathlon,Men's pursuit,2018,Winter,"Alpensia Biathlon Centre in Pyeongchang, South Korea",2018-02-12,60,25
Q769542,Figure skating at the 2010 Winter Olympics – Men's singles,https://en.wikipedia.org/wiki/Figure_skating_at_the_2010_Winter_Olympics_%E2%80%93_Men%27s_singles,Figure skating,Men's singles,2010,Winter,"Pacific ColiseumVancouver, Canada",,30,20
Q1464256,Badminton at the 2012 Summer Olympics – Women's doubles,https://en.wikipedia.org/wiki/Badminton_at_the_2012_Summer_Olympics_%E2%80%93_Women%27s_doubles,Badminton,Badminton women's doubles,2012,Summer,Wembley Arena,2012-07-28,32,13
Q28163,Diving at the 2012 Summer Olympics – Women's 3 metre springboard,https://en.wikipedia.org/wiki/Diving_at_the_2012_Summer_Olympics_%E2%80%93_Women%27s_3_metre_springboard,Diving,Women's 3 metre springboard,2012,Summer,Aquatics Centre,2012-08-03,30,17
Q1222420,Rowing at the 2012 Summer Olympics – Women's lightweight double sculls,https://en.wikipedia.org/wiki/Rowing_at_the_2012_Summer_Olympics_%E2%80%93_Women%27s_lightweight_double_sculls,Rowing,Women's lightweight double sculls,2012,Summer,Eton Dorney,2012-07-29,34,17
Q15056279,Skeleton at the 2014 Winter Olympics – Men's,https://en.wikipedia.org/wiki/Skeleton_at_the_2014_Winter_Olympics_%E2%80%93_Men%27s,Skeleton,Men's Skeleton,2014,Winter,Sliding Center Sanki,2014-02-14,27,16
Q26237421,Shooting at the 2016 Summer Olympics – Men's 50 metre pistol,https://en.wikipedia.org/wiki/Shooting_at_the_2016_Summer_Olympics_%E2%80%93_Men%27s_50_metre_pistol,Shooting,Men's 50 metre pistol,2016,Summer,National Shooting Center,2016-08-10,41,29
Q26242954,Sailing at the 2016 Summer Olympics – Laser,https://en.wikipedia.org/wiki/Sailing_at_the_2016_Summer_Olympics_%E2%80%93_Laser,Sailing,Men's Laser,2016,Summer,Marina da Glória,2016-08-08,46,46
Q26237420,Shooting at the 2016 Summer Olympics – Men's 50 metre rifle prone,https://en.wikipedia.org/wiki/Shooting_at_the_2016_Summer_Olympics_%E2%80%93_Men%27s_50_metre_rifle_prone,Shooting,Men's 50 metre rifle prone,2016,Summer,National Shooting Center,2016-08-12,47,31
Q26237423,Shooting at the 2016 Summer Olympics – Men's double trap,https://en.wikipedia.org/wiki/Shooting_at_the_2016_Summer_Olympics_%E2%80%93_Men%27s_double_trap,Shooting,Men's double trap,2016,Summer,National Shooting Center,2016-08-10,22,15
Q26237427,Shooting at the 2016 Summer Olympics – Women's skeet,https://en.wikipedia.org/wiki/Shooting_at_the_2016_Summer_Olympics_%E2%80%93_Women%27s_skeet,Shooting,Women's skeet,2016,Summer,National Shooting Center,2016-08-12,21,17
Q26245392,Gymnastics at the 2016 Summer Olympics – Women's artistic team all-around,https://en.wikipedia.org/wiki/Gymnastics_at_the_2016_Summer_Olympics_%E2%80%93_Women%27s_artistic_team_all-around,Gymnastics,Women's artistic team all-around,2016,Summer,HSBC Arena,2016-08-09,40,8
Q26254891,Sailing at the 2016 Summer Olympics – Women's RS:X,https://en.wikipedia.org/wiki/Sailing_at_the_2016_Summer_Olympics_%E2%80%93_Women%27s_RS%3AX,Sailing,Women's RS:X,2016,Summer,Marina da Glória,2016-08-08,26,26
Q26250761,Sailing at the 2016 Summer Olympics – Men's RS:X,https://en.wikipedia.org/wiki/Sailing_at_the_2016_Summer_Olympics_%E2%80%93_Men%27s_RS%3AX,Sailing,Men's RS:X,2016,Summer,Marina da Glória,2016-08-08,36,36
Q26235041,Shooting at the 2016 Summer Olympics – Women's 25 metre pistol,https://en.wikipedia.org/wiki/Shooting_at_the_2016_Summer_Olympics_%E2%80%93_Women%27s_25_metre_pistol,Shooting,Women's 25 metre pistol,2016,Summer,National Shooting Center,2016-08-09,40,30
Q26237425,Shooting at the 2016 Summer Olympics – Men's skeet,https://en.wikipedia.org/wiki/Shooting_at_the_2016_Summer_Olympics_%E2%80%93_Men%27s_skeet,Shooting,Men's skeet,2016,Summer,National Shooting Center,2016-08-12,32,23
Q26241858,Sailing at the 2016 Summer Olympics – Laser Radial,https://en.wikipedia.org/wiki/Sailing_at_the_2016_Summer_Olympics_%E2%80%93_Laser_Radial,Sailing,Women's Laser Radial,2016,Summer,Marina da Glória,2016-08-08,37,37
Q26237636,Swimming at the 2016 Summer Olympics – Women's 200 metre individual medley,https://en.wikipedia.org/wiki/Swimming_at_the_2016_Summer_Olympics_%E2%80%93_Women%27s_200_metre_individual_medley,Swimming,Women's 200 metre individual medley,2016,Summer,Olympic Aquatics Stadium,2016-08-08,40,27
Q26254912,Gymnastics at the 2016 Summer Olympics – Women's rhythmic individual all-around,https://en.wikipedia.org/wiki/Gymnastics_at_the_2016_Summer_Olympics_%E2%80%93_Women%27s_rhythmic_individual_all-around,Gymnastics,Women's rhythmic individual all-around,2016,Summer,HSBC Arena,2016-08-19,26,24
Q26271841,Wrestling at the 2016 Summer Olympics – Men's Greco-Roman 98 kg,https://en.wikipedia.org/wiki/Wrestling_at_the_2016_Summer_Olympics_%E2%80%93_Men%27s_Greco-Roman_98_kg,Wrestling,Men's Greco-Roman 98 kg,2016,Summer,Carioca Arena 2,2016-08-16,19,19
Q26265496,Gymnastics at the 2016 Summer Olympics – Women's floor,https://en.wikipedia.org/wiki/Gymnastics_at_the_2016_Summer_Olympics_%E2%80%93_Women%27s_floor,Gymnastics,Women's floor,2016,Summer,HSBC Arena,2016-08-16,14,8
Q26262259,Sailing at the 2016 Summer Olympics – 49er,https://en.wikipedia.org/wiki/Sailing_at_the_2016_Summer_Olympics_%E2%80%93_49er,Sailing,Men's 49er,2016,Summer,Marina da Glória,2016-08-12,40,20
Q26269194,Canoeing at the 2016 Summer Olympics – Men's C-1 1000 metres,https://en.wikipedia.org/wiki/Canoeing_at_the_2016_Summer_Olympics_%E2%80%93_Men%27s_C-1_1000_metres,Canoeing,Men's canoe sprint C-1 1000 metres,2016,Summer,Lagoa Stadium,2016-08-15,19,19
Q26263222,Wrestling at the 2016 Summer Olympics – Men's Greco-Roman 75 kg,https://en.wikipedia.org/wiki/Wrestling_at_the_2016_Summer_Olympics_%E2%80%93_Men%27s_Greco-Roman_75_kg,Wrestling,Men's Greco-Roman 75 kg,2016,Summer,Carioca Arena 2,2016-08-14,20,20
Q26262262,Sailing at the 2016 Summer Olympics – Nacra 17,https://en.wikipedia.org/wiki/Sailing_at_the_2016_Summer_Olympics_%E2%80%93_Nacra_17,Sailing,Nacra 17,2016,Summer,Marina da Glória,2016-08-10,40,20
Q26262295,Sailing at the 2016 Summer Olympics – Finn,https://en.wikipedia.org/wiki/Sailing_at_the_2016_Summer_Olympics_%E2%80%93_Finn,Sailing,Men's Finn,2016,Summer,Marina da Glória,2016-08-09,23,23
Q26268459,Wrestling at the 2016 Summer Olympics – Men's Greco-Roman 130 kg,https://en.wikipedia.org/wiki/Wrestling_at_the_2016_Summer_Olympics_%E2%80%93_Men%27s_Greco-Roman_130_kg,Wrestling,Men's Greco-Roman 130 kg,2016,Summer,Carioca Arena 2,2016-08-15,19,19
Q26265678,Gymnastics at the 2016 Summer Olympics – Women's rhythmic group all-around,https://en.wikipedia.org/wiki/Gymnastics_at_the_2016_Summer_Olympics_%E2%80%93_Women%27s_rhythmic_group_all-around,Gymnastics,Women's rhythmic group all-around,2016,Summer,HSBC Arena,2016-08-20,70,14
Q26260943,Cycling at the 2016 Summer Olympics – Men's team pursuit,https://en.wikipedia.org/wiki/Cycling_at_the_2016_Summer_Olympics_%E2%80%93_Men%27s_team_pursuit,Cycling,Men's cycling team pursuit,2016,Summer,Rio Olympic Velodrome,2016-08-11,40,9
Q26269219,Canoeing at the 2016 Summer Olympics – Women's K-2 500 metres,https://en.wikipedia.org/wiki/Canoeing_at_the_2016_Summer_Olympics_%E2%80%93_Women%27s_K-2_500_metres,Canoeing,Women's canoe sprint K-2 500 metres,2016,Summer,Lagoa Stadium,2016-08-15,30,15
Q26263261,Sailing at the 2016 Summer Olympics – Men's 470,https://en.wikipedia.org/wiki/Sailing_at_the_2016_Summer_Olympics_%E2%80%93_Men%27s_470,Sailing,Men's 470,2016,Summer,Marina da Glória,2016-08-10,52,26
Q26256610,Synchronized swimming at the 2016 Summer Olympics – Women's duet,https://en.wikipedia.org/wiki/Synchronized_swimming_at_the_2016_Summer_Olympics_%E2%80%93_Women%27s_duet,Synchronized swimming,Women's Duet,2016,Summer,"Maria Lenk Aquatic Center,Olympic Aquatics Stadium",2016-08-16,48,24
Q26269232,Canoeing at the 2016 Summer Olympics – Women's K-1 200 metres,https://en.wikipedia.org/wiki/Canoeing_at_the_2016_Summer_Olympics_%E2%80%93_Women%27s_K-1_200_metres,Canoeing,Women's canoe sprint K-1 200 metres,2016,Summer,Lagoa Stadium,2016-08-15,28,28
Q26256651,Synchronized swimming at the 2016 Summer Olympics – Women's team,https://en.wikipedia.org/wiki/Synchronized_swimming_at_the_2016_Summer_Olympics_%E2%80%93_Women%27s_team,Synchronized swimming,Women's Team,2016,Summer,"Maria Lenk Aquatic Center,Olympic Aquatics Stadium",2016-08-18,64,8
Q26271817,Wrestling at the 2016 Summer Olympics – Men's Greco-Roman 66 kg,https://en.wikipedia.org/wiki/Wrestling_at_the_2016_Summer_Olympics_%E2%80%93_Men%27s_Greco-Roman_66_kg,Wrestling,Men's Greco-Roman 66 kg,2016,Summer,Carioca Arena 2,2016-08-16,18,18
Q26265754,Sailing at the 2016 Summer Olympics – Women's 470,https://en.wikipedia.org/wiki/Sailing_at_the_2016_Summer_Olympics_%E2%80%93_Women%27s_470,Sailing,Women's 470,2016,Summer,Marina da Glória,2016-08-10,40,20
Q26262261,Sailing at the 2016 Summer Olympics – 49er FX,https://en.wikipedia.org/wiki/Sailing_at_the_2016_Summer_Olympics_%E2%80%93_49er_FX,Sailing,Women's 49er FX,2016,Summer,Marina da Glória,2016-08-12,40,20
Q26268456,Wrestling at the 2016 Summer Olympics – Men's Greco-Roman 85 kg,https://en.wikipedia.org/wiki/Wrestling_at_the_2016_Summer_Olympics_%E2%80%93_Men%27s_Greco-Roman_85_kg,Wrestling,Men's Greco-Roman 85 kg,2016,Summer,Carioca Arena 2,2016-08-15,21,21
Q2732034,Rowing at the 2008 Summer Olympics – Men's lightweight double sculls,https://en.wikipedia.org/wiki/Rowing_at_the_2008_Summer_Olympics_%E2%80%93_Men%27s_lightweight_double_sculls,Rowing,Men's lightweight double sculls,2008,Summer,,,,
Q26389812,Equestrian at the 2016 Summer Olympics – Individual jumping,https://en.wikipedia.org/wiki/Equestrian_at_the_2016_Summer_Olympics_%E2%80%93_Individual_jumping,Equestrian,Individual jumping,2016,Summer,Olympic Equestrian Centre,2016-08-14,74,27
Q2718015,Cycling at the 2012 Summer Olympics – Men's sprint,https://en.wikipedia.org/wiki/Cycling_at_the_2012_Summer_Olympics_%E2%80%93_Men%27s_sprint,Cycling,Men's cycling sprint,2012,Summer,London Velopark,2012-08-04,17,17
Q26419091,Wrestling at the 2016 Summer Olympics – Men's freestyle 97 kg,https://en.wikipedia.org/wiki/Wrestling_at_the_2016_Summer_Olympics_%E2%80%93_Men%27s_freestyle_97_kg,Wrestling,Men's freestyle 97 kg,2016,Summer,Carioca Arena 2,2016-08-21,19,19
Q26308744,Canoeing at the 2016 Summer Olympics – Men's C-2 1000 metres,https://en.wikipedia.org/wiki/Canoeing_at_the_2016_Summer_Olympics_%E2%80%93_Men%27s_C-2_1000_metres,Canoeing,Men's canoe sprint C-2 1000 metres,2016,Summer,Lagoa Stadium,2016-08-19,22,11
Q26406504,Modern pentathlon at the 2016 Summer Olympics – Women's,https://en.wikipedia.org/wiki/Modern_pentathlon_at_the_2016_Summer_Olympics_%E2%80%93_Women%27s,Modern pentathlon,Women's modern pentathlon,2016,Summer,,2016-08-18,36,26
Q2648878,Canoeing at the 2012 Summer Olympics – Men's K-1 1000 metres,https://en.wikipedia.org/wiki/Canoeing_at_the_2012_Summer_Olympics_%E2%80%93_Men%27s_K-1_1000_metres,Canoeing,"Men's canoe sprint K-1 1,000 metres",2012,Summer,Eton Dorney,2012-08-06,22,22
Q26404105,Wrestling at the 2016 Summer Olympics – Men's freestyle 86 kg,https://en.wikipedia.org/wiki/Wrestling_at_the_2016_Summer_Olympics_%E2%80%93_Men%27s_freestyle_86_kg,Wrestling,Men's freestyle 86 kg,2016,Summer,Carioca Arena 2,2016-08-20,19,19
Q2726820,Fencing at the 2008 Summer Olympics – Women's team foil,https://en.wikipedia.org/wiki/Fencing_at_the_2008_Summer_Olympics_%E2%80%93_Women%27s_team_foil,Fencing,Women's team foil,2008,Summer,Olympic Green Convention Centre,2008-08-16,29,8
Q26334986,Canoeing at the 2016 Summer Olympics – Men's K-1 200 metres,https://en.wikipedia.org/wiki/Canoeing_at_the_2016_Summer_Olympics_%E2%80%93_Men%27s_K-1_200_metres,Canoeing,Men's canoe sprint K-1 200 metres,2016,Summer,Lagoa Stadium,2016-08-19,22,22
Q2726788,Fencing at the 2008 Summer Olympics – Men's team sabre,https://en.wikipedia.org/wiki/Fencing_at_the_2008_Summer_Olympics_%E2%80%93_Men%27s_team_sabre,Fencing,Men's team sabre,2008,Summer,Olympic Green Convention Centre,2008-08-17,25,8
Q26334232,Canoeing at the 2016 Summer Olympics – Women's K-1 500 metres,https://en.wikipedia.org/wiki/Canoeing_at_the_2016_Summer_Olympics_%E2%80%93_Women%27s_K-1_500_metres,Canoeing,Women's canoe sprint K-1 500 metres,2016,Summer,Lagoa Stadium,2016-08-17,27,27
Q26305911,Canoeing at the 2016 Summer Olympics – Men's K-2 200 metres,https://en.wikipedia.org/wiki/Canoeing_at_the_2016_Summer_Olympics_%E2%80%93_Men%27s_K-2_200_metres,Canoeing,Men's canoe sprint K-2 200 metres,2016,Summer,Lagoa Stadium,2016-08-17,26,13
Q26320658,Wrestling at the 2016 Summer Olympics – Women's freestyle 53 kg,https://en.wikipedia.org/wiki/Wrestling_at_the_2016_Summer_Olympics_%E2%80%93_Women%27s_freestyle_53_kg,Wrestling,Women's freestyle 53 kg,2016,Summer,Carioca Arena 2,2016-08-18,19,19
Q2726746,Fencing at the 2008 Summer Olympics – Women's foil,https://en.wikipedia.org/wiki/Fencing_at_the_2008_Summer_Olympics_%E2%80%93_Women%27s_foil,Fencing,Women's foil,2008,Summer,Olympic Green Convention Centre,2008-08-11,41,24
Q26308566,Equestrian at the 2016 Summer Olympics – Team jumping,https://en.wikipedia.org/wiki/Equestrian_at_the_2016_Summer_Olympics_%E2%80%93_Team_jumping,Equestrian,Team jumping,2016,Summer,National Equestrian Center,2016-08-14,75,15
Q269521,Weightlifting at the 2008 Summer Olympics – Women's 48 kg,https://en.wikipedia.org/wiki/Weightlifting_at_the_2008_Summer_Olympics_%E2%80%93_Women%27s_48_kg,Weightlifting,Women's 48 kg,2008,Summer,Beihang University Gymnasium,2008-08-09,14,11
Q26404138,Wrestling at the 2016 Summer Olympics – Men's freestyle 125 kg,https://en.wikipedia.org/wiki/Wrestling_at_the_2016_Summer_Olympics_%E2%80%93_Men%27s_freestyle_125_kg,Wrestling,Men's freestyle 125 kg,2016,Summer,Carioca Arena 2,2016-08-20,20,20
Q26406514,Modern pentathlon at the 2016 Summer Olympics – Men's,https://en.wikipedia.org/wiki/Modern_pentathlon_at_the_2016_Summer_Olympics_%E2%80%93_Men%27s,Modern pentathlon,Men's modern pentathlon,2016,Summer,,2016-08-18,36,25
Q26328066,Wrestling at the 2016 Summer Olympics – Women's freestyle 75 kg,https://en.wikipedia.org/wiki/Wrestling_at_the_2016_Summer_Olympics_%E2%80%93_Women%27s_freestyle_75_kg,Wrestling,Women's freestyle 75 kg,2016,Summer,Carioca Arena 2,2016-08-18,18,18
Q26334713,Diving at the 2016 Summer Olympics – Women's 10 metre platform,https://en.wikipedia.org/wiki/Diving_at_the_2016_Summer_Olympics_%E2%80%93_Women%27s_10_metre_platform,Diving,Women's 10 metre platform diving,2016,Summer,Maria Lenk Aquatic Center,2016-08-17,28,19
Q2726750,Fencing at the 2008 Summer Olympics – Men's team épée,https://en.wikipedia.org/wiki/Fencing_at_the_2008_Summer_Olympics_%E2%80%93_Men%27s_team_%C3%A9p%C3%A9e,Fencing,Men's team épée,2008,Summer,Olympic Green Convention Centre,2008-08-15,32,9
Q263926,Snowboarding at the 2010 Winter Olympics – Women's halfpipe,https://en.wikipedia.org/wiki/Snowboarding_at_the_2010_Winter_Olympics_%E2%80%93_Women%27s_halfpipe,Snowboarding,Women's halfpipe,2010,Winter,Cypress Mountain,2010-02-18,30,14
Q26339635,Wrestling at the 2016 Summer Olympics – Men's freestyle 74 kg,https://en.wikipedia.org/wiki/Wrestling_at_the_2016_Summer_Olympics_%E2%80%93_Men%27s_freestyle_74_kg,Wrestling,Men's freestyle 74 kg,2016,Summer,Carioca Arena 2,2016-08-19,20,20
Q26334907,Canoeing at the 2016 Summer Olympics – Men's K-4 1000 metres,https://en.wikipedia.org/wiki/Canoeing_at_the_2016_Summer_Olympics_%E2%80%93_Men%27s_K-4_1000_metres,Canoeing,"Men's canoe sprint K-4 1,000 metres",2016,Summer,Lagoa Stadium,2016-08-19,56,14
Q2687405,Sailing at the 2012 Summer Olympics – Laser,https://en.wikipedia.org/wiki/Sailing_at_the_2012_Summer_Olympics_%E2%80%93_Laser,Sailing,Men's Laser,2012,Summer,Weymouth and Portland National Sailing Academy,2012-07-30,49,49
Q2634280,Sailing at the 2008 Summer Olympics – Yngling,https://en.wikipedia.org/wiki/Sailing_at_the_2008_Summer_Olympics_%E2%80%93_Yngling,Sailing,Women's Yngling,2008,Summer,Qingdao International Sailing Centre,,45,15
Q2715839,Weightlifting at the 2012 Summer Olympics – Men's 69 kg,https://en.wikipedia.org/wiki/Weightlifting_at_the_2012_Summer_Olympics_%E2%80%93_Men%27s_69_kg,Weightlifting,Men's 69 kg,2012,Summer,ExCeL London,2012-07-31,24,18
Q26280676,Wrestling at the 2016 Summer Olympics – Women's freestyle 69 kg,https://en.wikipedia.org/wiki/Wrestling_at_the_2016_Summer_Olympics_%E2%80%93_Women%27s_freestyle_69_kg,Wrestling,Women's freestyle 69 kg,2016,Summer,Carioca Arena 2,2016-08-17,18,18
Q26294065,Wrestling at the 2016 Summer Olympics – Women's freestyle 48 kg,https://en.wikipedia.org/wiki/Wrestling_at_the_2016_Summer_Olympics_%E2%80%93_Women%27s_freestyle_48_kg,Wrestling,Women's freestyle 48 kg,2016,Summer,Carioca Arena 2,2016-08-17,18,18
Q26339577,Wrestling at the 2016 Summer Olympics – Men's freestyle 57 kg,https://en.wikipedia.org/wiki/Wrestling_at_the_2016_Summer_Olympics_%E2%80%93_Men%27s_freestyle_57_kg,Wrestling,Men's freestyle 57 kg,2016,Summer,Carioca Arena 2,2016-08-19,20,20
Q2732321,Rowing at the 2008 Summer Olympics – Women's lightweight double sculls,https://en.wikipedia.org/wiki/Rowing_at_the_2008_Summer_Olympics_%E2%80%93_Women%27s_lightweight_double_sculls,Rowing,Women's lightweight double sculls,2008,Summer,,,,
Q2731531,Rowing at the 2008 Summer Olympics – Men's quadruple sculls,https://en.wikipedia.org/wiki/Rowing_at_the_2008_Summer_Olympics_%E2%80%93_Men%27s_quadruple_sculls,Rowing,Men's quadruple sculls,2008,Summer,,,,
Q2731998,Rowing at the 2008 Summer Olympics – Men's lightweight coxless four,https://en.wikipedia.org/wiki/Rowing_at_the_2008_Summer_Olympics_%E2%80%93_Men%27s_lightweight_coxless_four,Rowing,Men's lightweight coxless four,2008,Summer,,,,
Q26294109,Wrestling at the 2016 Summer Olympics – Women's freestyle 58 kg,https://en.wikipedia.org/wiki/Wrestling_at_the_2016_Summer_Olympics_%E2%80%93_Women%27s_freestyle_58_kg,Wrestling,Women's freestyle 58 kg,2016,Summer,Carioca Arena 2,2016-08-17,20,20
Q2718019,Cycling at the 2012 Summer Olympics – Women's sprint,https://en.wikipedia.org/wiki/Cycling_at_the_2012_Summer_Olympics_%E2%80%93_Women%27s_sprint,Cycling,Women's cycling sprint,2012,Summer,London Velopark,2012-08-05,18,18
Q26333692,Canoeing at the 2016 Summer Olympics – Men's C-1 200 metres,https://en.wikipedia.org/wiki/Canoeing_at_the_2016_Summer_Olympics_%E2%80%93_Men%27s_C-1_200_metres,Canoeing,Men's canoe sprint C-1 200 metres,2016,Summer,Lagoa Stadium,2016-08-17,25,25
Q26401684,Triathlon at the 2016 Summer Olympics – Women's,https://en.wikipedia.org/wiki/Triathlon_at_the_2016_Summer_Olympics_%E2%80%93_Women%27s,Triathlon,Women's triathlon,2016,Summer,"Fort Copacabana, Rio de Janeiro",2016-08-20,55,31
Q26419030,Wrestling at the 2016 Summer Olympics – Men's freestyle 65 kg,https://en.wikipedia.org/wiki/Wrestling_at_the_2016_Summer_Olympics_%E2%80%93_Men%27s_freestyle_65_kg,Wrestling,Men's freestyle 65 kg,2016,Summer,Carioca Arena 2,2016-08-21,21,21
Q26335055,Canoeing at the 2016 Summer Olympics – Women's K-4 500 metres,https://en.wikipedia.org/wiki/Canoeing_at_the_2016_Summer_Olympics_%E2%80%93_Women%27s_K-4_500_metres,Canoeing,Women's canoe sprint K-4 500 metres,2016,Summer,Lagoa Stadium,2016-08-19,56,14
Q26234091,Athletics at the 2016 Summer Olympics – Women's discus throw,https://en.wikipedia.org/wiki/Athletics_at_the_2016_Summer_Olympics_%E2%80%93_Women%27s_discus_throw,Athletics,Women's discus throw,2016,Summer,Olympic Stadium,2016-08-15,34,23
Q26328052,Wrestling at the 2016 Summer Olympics – Women's freestyle 63 kg,https://en.wikipedia.org/wiki/Wrestling_at_the_2016_Summer_Olympics_%E2%80%93_Women%27s_freestyle_63_kg,Wrestling,Women's freestyle 63 kg,2016,Summer,Carioca Arena 2,2016-08-18,19,19
Q2732386,Sailing at the 2008 Summer Olympics – Laser,https://en.wikipedia.org/wiki/Sailing_at_the_2008_Summer_Olympics_%E2%80%93_Laser,Sailing,Men's Laser,2008,Summer,Qingdao International Sailing Centre,,43,43
Q26233790,Gymnastics at the 2016 Summer Olympics – Men's floor,https://en.wikipedia.org/wiki/Gymnastics_at_the_2016_Summer_Olympics_%E2%80%93_Men%27s_floor,Gymnastics,Men's floor,2016,Summer,HSBC Arena,2016-08-14,12,8
Q26233786,Gymnastics at the 2016 Summer Olympics – Men's artistic individual all-around,https://en.wikipedia.org/wiki/Gymnastics_at_the_2016_Summer_Olympics_%E2%80%93_Men%27s_artistic_individual_all-around,Gymnastics,Men's artistic individual all-around,2016,Summer,HSBC Arena,2016-08-06,49,31
Q26233793,Gymnastics at the 2016 Summer Olympics – Men's rings,https://en.wikipedia.org/wiki/Gymnastics_at_the_2016_Summer_Olympics_%E2%80%93_Men%27s_rings,Gymnastics,Men's rings,2016,Summer,HSBC Arena,2016-08-06,70,34
Q26233796,Gymnastics at the 2016 Summer Olympics – Women's balance beam,https://en.wikipedia.org/wiki/Gymnastics_at_the_2016_Summer_Olympics_%E2%80%93_Women%27s_balance_beam,Gymnastics,Women's balance beam,2016,Summer,HSBC Arena,2016-08-15,13,9
Q26233794,Gymnastics at the 2016 Summer Olympics – Men's parallel bars,https://en.wikipedia.org/wiki/Gymnastics_at_the_2016_Summer_Olympics_%E2%80%93_Men%27s_parallel_bars,Gymnastics,Men's parallel bars,2016,Summer,HSBC Arena,2016-08-06,67,33
Q26233798,Gymnastics at the 2016 Summer Olympics – Women's vault,https://en.wikipedia.org/wiki/Gymnastics_at_the_2016_Summer_Olympics_%E2%80%93_Women%27s_vault,Gymnastics,Women's vault,2016,Summer,HSBC Arena,2016-08-14,8,8
Q288549,Athletics at the 2008 Summer Olympics – Women's javelin throw,https://en.wikipedia.org/wiki/Athletics_at_the_2008_Summer_Olympics_%E2%80%93_Women%27s_javelin_throw,Athletics,Women's javelin throw,2008,Summer,Beijing National Stadium,2008-08-19,54,40
Q305439,Wrestling at the 2012 Summer Olympics – Men's Greco-Roman 84 kg,https://en.wikipedia.org/wiki/Wrestling_at_the_2012_Summer_Olympics_%E2%80%93_Men%27s_Greco-Roman_84_kg,Wrestling,Men's Greco-Roman 84 kg,2012,Summer,ExCeL London,2012-08-06,20,20
Q3039134,Sailing at the 2012 Summer Olympics – Women's RS:X,https://en.wikipedia.org/wiki/Sailing_at_the_2012_Summer_Olympics_%E2%80%93_Women%27s_RS%3AX,Sailing,Women's RS:X,2012,Summer,Weymouth and Portland National Sailing Academy,2012-07-31,27,27
Q303268,Nordic combined at the 2010 Winter Olympics – Individual normal hill/10 km,https://en.wikipedia.org/wiki/Nordic_combined_at_the_2010_Winter_Olympics_%E2%80%93_Individual_normal_hill/10_km,Nordic combined,Men's individual normal hill/10 km,2010,Winter,Whistler Olympic Park,2010-02-14,45,14
Q26233791,Gymnastics at the 2016 Summer Olympics – Men's pommel horse,https://en.wikipedia.org/wiki/Gymnastics_at_the_2016_Summer_Olympics_%E2%80%93_Men%27s_pommel_horse,Gymnastics,Men's pommel horse,2016,Summer,HSBC Arena,2016-08-06,71,36
Q26233478,Shooting at the 2016 Summer Olympics – Men's trap,https://en.wikipedia.org/wiki/Shooting_at_the_2016_Summer_Olympics_%E2%80%93_Men%27s_trap,Shooting,Men's trap,2016,Summer,National Shooting Center,2016-08-07,33,24
Q2936542,Canoeing at the 2012 Summer Olympics – Men's K-2 200 metres,https://en.wikipedia.org/wiki/Canoeing_at_the_2012_Summer_Olympics_%E2%80%93_Men%27s_K-2_200_metres,Canoeing,Men's canoe sprint K-2 200 metres,2012,Summer,Eton Dorney,2012-08-10,28,14
Q2740554,Weightlifting at the 2012 Summer Olympics – Men's 77 kg,https://en.wikipedia.org/wiki/Weightlifting_at_the_2012_Summer_Olympics_%E2%80%93_Men%27s_77_kg,Weightlifting,Men's 77 kg,2012,Summer,ExCeL London,2012-08-01,12,11
Q26233783,Gymnastics at the 2016 Summer Olympics – Men's artistic team all-around,https://en.wikipedia.org/wiki/Gymnastics_at_the_2016_Summer_Olympics_%E2%80%93_Men%27s_artistic_team_all-around,Gymnastics,Men's artistic team all-around,2016,Summer,HSBC Arena,2016-08-08,40,8
Q26233795,Gymnastics at the 2016 Summer Olympics – Men's horizontal bar,https://en.wikipedia.org/wiki/Gymnastics_at_the_2016_Summer_Olympics_%E2%80%93_Men%27s_horizontal_bar,Gymnastics,Men's horizontal bar,2016,Summer,HSBC Arena,2016-08-06,71,34
Q3082335,Equestrian at the 2012 Summer Olympics – Team dressage,https://en.wikipedia.org/wiki/Equestrian_at_the_2012_Summer_Olympics_%E2%80%93_Team_dressage,Equestrian,Team dressage,2012,Summer,Greenwich Park,2012-08-02,30,10
Q305171,Swimming at the 2012 Summer Olympics – Women's 100 metre butterfly,https://en.wikipedia.org/wiki/Swimming_at_the_2012_Summer_Olympics_%E2%80%93_Women%27s_100_metre_butterfly,Swimming,Women's 100 metre butterfly,2012,Summer,London Aquatics Centre,2012-07-28,42,37
Q26233789,Gymnastics at the 2016 Summer Olympics – Men's vault,https://en.wikipedia.org/wiki/Gymnastics_at_the_2016_Summer_Olympics_%E2%80%93_Men%27s_vault,Gymnastics,Men's vault,2016,Summer,HSBC Arena,2016-08-06,17,14
Q26233797,Gymnastics at the 2016 Summer Olympics – Women's uneven bars,https://en.wikipedia.org/wiki/Gymnastics_at_the_2016_Summer_Olympics_%E2%80%93_Women%27s_uneven_bars,Gymnastics,Women's uneven bars,2016,Summer,Rio's Olympic Arena,2016-08-14,12,7
Q326382,Boxing at the 2012 Summer Olympics – Men's super heavyweight,https://en.wikipedia.org/wiki/Boxing_at_the_2012_Summer_Olympics_%E2%80%93_Men%27s_super_heavyweight,Boxing,Men's super heavyweight boxing,2012,Summer,ExCeL Exhibition Centre,2012-08-01,16,16
Q26228283,Shooting at the 2016 Summer Olympics – Women's trap,https://en.wikipedia.org/wiki/Shooting_at_the_2016_Summer_Olympics_%E2%80%93_Women%27s_trap,Shooting,Women's trap,2016,Summer,National Shooting Center,2016-08-07,21,17
Q1043354,Athletics at the 2008 Summer Olympics – Women's 800 metres,https://en.wikipedia.org/wiki/Athletics_at_the_2008_Summer_Olympics_%E2%80%93_Women%27s_800_metres,Athletics,Women's 800 metres,2008,Summer,Beijing National Stadium,2008-08-15,40,33
Q1042705,Canoeing at the 2012 Summer Olympics – Women's K-4 500 metres,https://en.wikipedia.org/wiki/Canoeing_at_the_2012_Summer_Olympics_%E2%80%93_Women%27s_K-4_500_metres,Canoeing,Women's canoe sprint K-4 500 metres,2012,Summer,Eton Dorney,2012-08-06,44,11
Q26212366,Table tennis at the 2016 Summer Olympics – Men's singles,https://en.wikipedia.org/wiki/Table_tennis_at_the_2016_Summer_Olympics_%E2%80%93_Men%27s_singles,Table tennis,Men's singles table tennis,2016,Summer,Riocentro,2016-08-06,70,46
Q26212190,Weightlifting at the 2016 Summer Olympics – Women's 69 kg,https://en.wikipedia.org/wiki/Weightlifting_at_the_2016_Summer_Olympics_%E2%80%93_Women%27s_69_kg,Weightlifting,Women's 69 kg,2016,Summer,Riocentro,2016-08-10,17,16
Q1043361,Athletics at the 2008 Summer Olympics – Women's 100 metres hurdles,https://en.wikipedia.org/wiki/Athletics_at_the_2008_Summer_Olympics_%E2%80%93_Women%27s_100_metres_hurdles,Athletics,Women's 100 metres hurdles,2008,Summer,Beijing National Stadium,2008-08-17,40,31
Q1043405,Swimming at the 2012 Summer Olympics – Men's 400 metre freestyle,https://en.wikipedia.org/wiki/Swimming_at_the_2012_Summer_Olympics_%E2%80%93_Men%27s_400_metre_freestyle,Swimming,Men's 400 metre freestyle,2012,Summer,London Aquatics Centre,2012-07-28,28,23
Q348720,Boxing at the 2012 Summer Olympics – Men's light heavyweight,https://en.wikipedia.org/wiki/Boxing_at_the_2012_Summer_Olympics_%E2%80%93_Men%27s_light_heavyweight,Boxing,Men's light heavyweight boxing,2012,Summer,ExCeL Exhibition Centre,2012-07-30,26,26
Q1043347,Athletics at the 2008 Summer Olympics – Women's 5000 metres,https://en.wikipedia.org/wiki/Athletics_at_the_2008_Summer_Olympics_%E2%80%93_Women%27s_5000_metres,Athletics,Women's 5000 metres,2008,Summer,Beijing National Stadium,2008-08-19,32,20
Q3513763,Taekwondo at the 2012 Summer Olympics – Women's 49 kg,https://en.wikipedia.org/wiki/Taekwondo_at_the_2012_Summer_Olympics_%E2%80%93_Women%27s_49_kg,Taekwondo,Women's 49kg,2012,Summer,ExCeL London,2012-08-08,16,16
Q348714,Boxing at the 2012 Summer Olympics – Men's welterweight,https://en.wikipedia.org/wiki/Boxing_at_the_2012_Summer_Olympics_%E2%80%93_Men%27s_welterweight,Boxing,Men's welterweight boxing,2012,Summer,ExCeL Exhibition Centre,2012-07-29,28,28
Q26220718,Shooting at the 2016 Summer Olympics – Women's 10 metre air pistol,https://en.wikipedia.org/wiki/Shooting_at_the_2016_Summer_Olympics_%E2%80%93_Women%27s_10_metre_air_pistol,Shooting,Women's 10 metre air pistol,2016,Summer,National Shooting Center,2016-08-07,44,33
Q1005771,Triathlon at the 2008 Summer Olympics – Men's,https://en.wikipedia.org/wiki/Triathlon_at_the_2008_Summer_Olympics_%E2%80%93_Men%27s,Triathlon,Men's Triathlon,2008,Summer,Triathlon Venue at the Ming Tomb Reservoir,2008-08-19,55,31
Q26219852,Taekwondo at the 2016 Summer Olympics – Men's +80 kg,https://en.wikipedia.org/wiki/Taekwondo_at_the_2016_Summer_Olympics_%E2%80%93_Men%27s_%2B80_kg,Taekwondo,Men's +80kg,2016,Summer,Carioca Arena 3,2016-08-20,16,16
Q1064571,Cycling at the 2008 Summer Olympics – Women's sprint,https://en.wikipedia.org/wiki/Cycling_at_the_2008_Summer_Olympics_%E2%80%93_Women%27s_sprint,Cycling,Women's Sprint,2008,Summer,Laoshan Velodrome,2008-08-17,12,11
Q26212275,Canoeing at the 2016 Summer Olympics – Men's slalom C-1,https://en.wikipedia.org/wiki/Canoeing_at_the_2016_Summer_Olympics_%E2%80%93_Men%27s_slalom_C-1,Canoeing,Men's canoe slalom C-1,2016,Summer,Olympic Whitewater Stadium,2016-08-07,19,19
Q26212310,Weightlifting at the 2016 Summer Olympics – Women's +75 kg,https://en.wikipedia.org/wiki/Weightlifting_at_the_2016_Summer_Olympics_%E2%80%93_Women%27s_%2B75_kg,Weightlifting,Women's +75 kg,2016,Summer,Riocentro,2016-08-14,16,14
Q26219853,Taekwondo at the 2016 Summer Olympics – Women's 57 kg,https://en.wikipedia.org/wiki/Taekwondo_at_the_2016_Summer_Olympics_%E2%80%93_Women%27s_57_kg,Taekwondo,Women's 57kg,2016,Summer,Carioca Arena 3,2016-08-18,16,16
Q1064381,Cycling at the 2008 Summer Olympics – Women's BMX,https://en.wikipedia.org/wiki/Cycling_at_the_2008_Summer_Olympics_%E2%80%93_Women%27s_BMX,Cycling,Women's BMX,2008,Summer,Laoshan BMX Field,2008-08-20,16,13
Q334901,Shooting at the 2012 Summer Olympics – Men's 50 metre rifle three positions,https://en.wikipedia.org/wiki/Shooting_at_the_2012_Summer_Olympics_%E2%80%93_Men%27s_50_metre_rifle_three_positions,Shooting,Men's 50 metre rifle three positions,2012,Summer,Royal Artillery Barracks,2012-08-06,41,28
Q332673,Boxing at the 2012 Summer Olympics – Men's flyweight,https://en.wikipedia.org/wiki/Boxing_at_the_2012_Summer_Olympics_%E2%80%93_Men%27s_flyweight,Boxing,Men's flyweight boxing,2012,Summer,ExCeL Exhibition Centre,2012-07-30,26,26
Q1005722,Shooting at the 2008 Summer Olympics – Men's 50 metre rifle prone,https://en.wikipedia.org/wiki/Shooting_at_the_2008_Summer_Olympics_%E2%80%93_Men%27s_50_metre_rifle_prone,Shooting,Men's 50 metre rifle prone,2008,Summer,Beijing Shooting Range Hall,2008-08-15,56,36
Q1042441,Synchronized swimming at the 2008 Summer Olympics – Women's duet,https://en.wikipedia.org/wiki/Synchronized_swimming_at_the_2008_Summer_Olympics_%E2%80%93_Women%27s_duet,Synchronized swimming,Women's duet,2008,Summer,Beijing National Aquatics Center,2008-08-18,48,24
Q26219865,Equestrian at the 2016 Summer Olympics – Team dressage,https://en.wikipedia.org/wiki/Equestrian_at_the_2016_Summer_Olympics_%E2%80%93_Team_dressage,Equestrian,Team dressage,2016,Summer,National Equestrian Center,2016-08-10,36,9
Q1064410,Snowboarding at the 2010 Winter Olympics – Women's parallel giant slalom,https://en.wikipedia.org/wiki/Snowboarding_at_the_2010_Winter_Olympics_%E2%80%93_Women%27s_parallel_giant_slalom,Snowboarding,Women's parallel giant slalom,2010,Winter,Cypress Mountain,2010-02-26,30,16
Q26219855,Taekwondo at the 2016 Summer Olympics – Women's +67 kg,https://en.wikipedia.org/wiki/Taekwondo_at_the_2016_Summer_Olympics_%E2%80%93_Women%27s_%2B67_kg,Taekwondo,Women's +67kg,2016,Summer,Carioca Arena 3,2016-08-20,16,16
Q1051974,Fencing at the 2008 Summer Olympics – Women's épée,https://en.wikipedia.org/wiki/Fencing_at_the_2008_Summer_Olympics_%E2%80%93_Women%27s_%C3%A9p%C3%A9e,Fencing,Women's épée,2008,Summer,Olympic Green Convention Centre,2008-08-13,25,20
Q26212177,Weightlifting at the 2016 Summer Olympics – Women's 63 kg,https://en.wikipedia.org/wiki/Weightlifting_at_the_2016_Summer_Olympics_%E2%80%93_Women%27s_63_kg,Weightlifting,Women's 63 kg,2016,Summer,Riocentro,2016-08-09,14,14
Q26213159,Canoeing at the 2016 Summer Olympics – Women's slalom K-1,https://en.wikipedia.org/wiki/Canoeing_at_the_2016_Summer_Olympics_%E2%80%93_Women%27s_slalom_K-1,Canoeing,Women's canoe slalom K-1,2016,Summer,Olympic Whitewater Stadium,2016-08-08,21,21
Q368950,Sailing at the 2008 Summer Olympics – Tornado,https://en.wikipedia.org/wiki/Sailing_at_the_2008_Summer_Olympics_%E2%80%93_Tornado,Sailing,Mixed Tornado,2008,Summer,Qingdao International Sailing Centre,,30,15
Q1005719,Shooting at the 2008 Summer Olympics – Men's skeet,https://en.wikipedia.org/wiki/Shooting_at_the_2008_Summer_Olympics_%E2%80%93_Men%27s_skeet,Shooting,Men's skeet,2008,Summer,Beijing Shooting Range Clay Target Field,2008-08-08,41,30
Q1750589,Weightlifting at the 2004 Summer Olympics – Men's 77 kg,https://en.wikipedia.org/wiki/Weightlifting_at_the_2004_Summer_Olympics_%E2%80%93_Men%27s_77_kg,Weightlifting,Men's 77 kg,2004,Summer,Nikaia Olympic Weightlifting Hall,2004-08-19,25,22
Q25991462,Swimming at the 2016 Summer Olympics – Women's 200 metre breaststroke,https://en.wikipedia.org/wiki/Swimming_at_the_2016_Summer_Olympics_%E2%80%93_Women%27s_200_metre_breaststroke,Swimming,Women's 200 metre breaststroke,2016,Summer,Olympic Aquatics Stadium,2016-08-10,30,22
Q1077323,Cycling at the 2008 Summer Olympics – Women's points race,https://en.wikipedia.org/wiki/Cycling_at_the_2008_Summer_Olympics_%E2%80%93_Women%27s_points_race,Cycling,Women's points race,2008,Summer,Laoshan Velodrome,2008-08-18,22,22
Q497491,Sailing at the 2012 Summer Olympics – Women's 470,https://en.wikipedia.org/wiki/Sailing_at_the_2012_Summer_Olympics_%E2%80%93_Women%27s_470,Sailing,Women's 470,2012,Summer,Weymouth and Portland National Sailing Academy,2012-08-03,40,20
Q1565131,Badminton at the 2004 Summer Olympics – Men's doubles,https://en.wikipedia.org/wiki/Badminton_at_the_2004_Summer_Olympics_%E2%80%93_Men%27s_doubles,Badminton,Men's doubles,2004,Summer,Goudi Olympic Hall,2004-08-14,22,14
Q2171151,Wrestling at the 2012 Summer Olympics – Men's Greco-Roman 66 kg,https://en.wikipedia.org/wiki/Wrestling_at_the_2012_Summer_Olympics_%E2%80%93_Men%27s_Greco-Roman_66_kg,Wrestling,Men's Greco-Roman 66 kg,2012,Summer,ExCeL London,2012-08-07,19,19
Q107861717,Biathlon at the 2022 Winter Olympics – Men's mass start,https://en.wikipedia.org/wiki/Biathlon_at_the_2022_Winter_Olympics_%E2%80%93_Men%27s_mass_start,Biathlon,Men’s mass start,2022,Winter,Hualindong Ski Resort,2022-02-18,30,13
Q544177,Athletics at the 2008 Summer Olympics – Men's 3000 metres steeplechase,https://en.wikipedia.org/wiki/Athletics_at_the_2008_Summer_Olympics_%E2%80%93_Men%27s_3000_metres_steeplechase,Athletics,Men's 3000 metres steeplechase,2008,Summer,Beijing National Stadium,2008-08-16,40,27
Q539696,Canoeing at the 2012 Summer Olympics – Men's K-4 1000 metres,https://en.wikipedia.org/wiki/Canoeing_at_the_2012_Summer_Olympics_%E2%80%93_Men%27s_K-4_1000_metres,Canoeing,"Men's canoe sprint K-4 1,000 metres",2012,Summer,Eton Dorney,2012-08-07,40,10
Q26218171,Shooting at the 2016 Summer Olympics – Women's 10 metre air rifle,https://en.wikipedia.org/wiki/Shooting_at_the_2016_Summer_Olympics_%E2%80%93_Women%27s_10_metre_air_rifle,Shooting,Women's 10 metre air rifle,2016,Summer,National Shooting Center,2016-08-06,51,37
Q656724,Nordic combined at the 2010 Winter Olympics – Team large hill/4 × 5 km,https://en.wikipedia.org/wiki/Nordic_combined_at_the_2010_Winter_Olympics_%E2%80%93_Team_large_hill/4_%C3%97_5_km,Nordic combined,Team large hill/4 × 5 km,2010,Winter,Whistler Olympic Park,2010-02-23,40,10
Q7372006,Rowing at the 2000 Summer Olympics – Men's single sculls,https://en.wikipedia.org/wiki/Rowing_at_the_2000_Summer_Olympics_%E2%80%93_Men%27s_single_sculls,Rowing,Men's single sculls,2000,Summer,Sydney International Regatta Centre,2000-09-17,24,24
Q370708,Wrestling at the 2008 Summer Olympics – Women's freestyle 55 kg,https://en.wikipedia.org/wiki/Wrestling_at_the_2008_Summer_Olympics_%E2%80%93_Women%27s_freestyle_55_kg,Wrestling,Women's freestyle 55 kg,2008,Summer,China Agricultural University Gymnasium,2008-08-16,16,16
Q2570052,Fencing at the 2008 Summer Olympics – Men's épée,https://en.wikipedia.org/wiki/Fencing_at_the_2008_Summer_Olympics_%E2%80%93_Men%27s_%C3%A9p%C3%A9e,Fencing,Men's épée,2008,Summer,Olympic Green Convention Centre,2008-08-10,41000000,23
Q7400301,Sailing at the 1988 Summer Olympics – Star,https://en.wikipedia.org/wiki/Sailing_at_the_1988_Summer_Olympics_%E2%80%93_Star,Sailing,Star,1984,Summer,Busan부산釜山,1984-09-20,43,21
Q2070431,Boxing at the 2012 Summer Olympics – Women's middleweight,https://en.wikipedia.org/wiki/Boxing_at_the_2012_Summer_Olympics_%E2%80%93_Women%27s_middleweight,Boxing,Women's middleweight boxing,2012,Summer,ExCeL Exhibition Centre,2012-08-05,12,12
Q1573389,Cycling at the 1992 Summer Olympics – Women's individual road race,https://en.wikipedia.org/wiki/Cycling_at_the_1992_Summer_Olympics_%E2%80%93_Women%27s_individual_road_race,Cycling,Women's road race,1992,Summer,"Sant Sadurní d'Anoia, Barcelona",1992-07-26,57,26
Q2563908,Sailing at the 2008 Summer Olympics – Star,https://en.wikipedia.org/wiki/Sailing_at_the_2008_Summer_Olympics_%E2%80%93_Star,Sailing,Men’s Star,2008,Summer,Qingdao International Sailing Centre,,32,16
Q18391270,Rowing at the 1988 Summer Olympics – Men's single sculls,https://en.wikipedia.org/wiki/Rowing_at_the_1988_Summer_Olympics_%E2%80%93_Men%27s_single_sculls,Rowing,Men's single sculls,1988,Summer,Misari Regatta,1988-09-19,22,22
Q22964432,Rowing at the 1992 Summer Olympics – Women's double sculls,https://en.wikipedia.org/wiki/Rowing_at_the_1992_Summer_Olympics_%E2%80%93_Women%27s_double_sculls,Rowing,Women's double sculls,1992,Summer,,1992-07-27,26,13
Q25991452,Swimming at the 2016 Summer Olympics – Men's 100 metre butterfly,https://en.wikipedia.org/wiki/Swimming_at_the_2016_Summer_Olympics_%E2%80%93_Men%27s_100_metre_butterfly,Swimming,Men's 100 metre butterfly,2016,Summer,Olympic Aquatics Stadium,2016-08-11,43,32
Q7400304,Sailing at the 1992 Summer Olympics – Flying Dutchman,https://en.wikipedia.org/wiki/Sailing_at_the_1992_Summer_Olympics_%E2%80%93_Flying_Dutchman,Sailing,Flying Dutchman,1992,Summer,Barcelona,1992-07-27,46,23
Q7372003,Rowing at the 2000 Summer Olympics – Men's quadruple sculls,https://en.wikipedia.org/wiki/Rowing_at_the_2000_Summer_Olympics_%E2%80%93_Men%27s_quadruple_sculls,Rowing,Men's quadruple sculls,2000,Summer,Sydney International Regatta Centre,2000-09-17,52,13
Q1439757,Athletics at the 1988 Summer Olympics – Women's 100 metres,https://en.wikipedia.org/wiki/Athletics_at_the_1988_Summer_Olympics_%E2%80%93_Women%27s_100_metres,Athletics,Women's 100 metres,1988,Summer,Olympic Stadium,1988-09-24,64,41
Q1573400,Cycling at the 1988 Summer Olympics – Women's individual road race,https://en.wikipedia.org/wiki/Cycling_at_the_1988_Summer_Olympics_%E2%80%93_Women%27s_individual_road_race,Cycling,Women's individual road race,1988,Summer,,1988-09-26,53,23
Q526367,Canoeing at the 2012 Summer Olympics – Men's C-1 1000 metres,https://en.wikipedia.org/wiki/Canoeing_at_the_2012_Summer_Olympics_%E2%80%93_Men%27s_C-1_1000_metres,Canoeing,Men's canoe sprint C-1 1000 metres,2012,Summer,Eton Dorney,2012-08-06,17,17
Q1066796,Taekwondo at the 2008 Summer Olympics – Women's 57 kg,https://en.wikipedia.org/wiki/Taekwondo_at_the_2008_Summer_Olympics_%E2%80%93_Women%27s_57_kg,Taekwondo,Women's 57 kg,2008,Summer,Beijing Science and Technology University Gymnasium,2008-08-21,16,16
Q25932069,Swimming at the 2016 Summer Olympics – Women's 200 metre freestyle,https://en.wikipedia.org/wiki/Swimming_at_the_2016_Summer_Olympics_%E2%80%93_Women%27s_200_metre_freestyle,Swimming,Women's 200 metre freestyle,2016,Summer,Olympic Aquatics Stadium,2016-08-08,43,28
Q602540,Swimming at the 2008 Summer Olympics – Women's 800 metre freestyle,https://en.wikipedia.org/wiki/Swimming_at_the_2008_Summer_Olympics_%E2%80%93_Women%27s_800_metre_freestyle,Swimming,Women's 800 metre freestyle,2008,Summer,Beijing National Aquatics Center,2008-08-14,36,29
Q25863642,Swimming at the 2016 Summer Olympics – Women's 50 metre freestyle,https://en.wikipedia.org/wiki/Swimming_at_the_2016_Summer_Olympics_%E2%80%93_Women%27s_50_metre_freestyle,Swimming,Women's 50 metre freestyle,2016,Summer,Olympic Aquatics Stadium,2016-08-12,91,76
Q2570149,Fencing at the 2008 Summer Olympics – Men's sabre,https://en.wikipedia.org/wiki/Fencing_at_the_2008_Summer_Olympics_%E2%80%93_Men%27s_sabre,Fencing,Men's sabre,2008,Summer,Olympic Green Convention Centre,2008-08-12,40,21
Q47309900,Short-track speed skating at the 2018 Winter Olympics – Men's 1500 metres,https://en.wikipedia.org/wiki/Short-track_speed_skating_at_the_2018_Winter_Olympics_%E2%80%93_Men%27s_1500_metres,Short-track speed skating,Men's 1500 metres,2018,Winter,Gangneung Ice Arena,2018-02-10,37,18
Q22964430,Rowing at the 1988 Summer Olympics – Men's coxless pair,https://en.wikipedia.org/wiki/Rowing_at_the_1988_Summer_Olympics_%E2%80%93_Men%27s_coxless_pair,Rowing,Men's coxless pair,1988,Summer,,1988-09-19,37,18
Q1560063,Badminton at the 2000 Summer Olympics – Men's singles,https://en.wikipedia.org/wiki/Badminton_at_the_2000_Summer_Olympics_%E2%80%93_Men%27s_singles,Badminton,Men's singles,2000,Summer,"Pavilion 3, Sydney Olympic Park",2000-09-17,35,22
Q7400296,Sailing at the 1988 Summer Olympics – Men's 470,https://en.wikipedia.org/wiki/Sailing_at_the_1988_Summer_Olympics_%E2%80%93_Men%27s_470,Sailing,Men's 470,1988,Summer,Busan부산釜山,1988-09-20,58,29
Q7372011,Rowing at the 2000 Summer Olympics – Women's lightweight double sculls,https://en.wikipedia.org/wiki/Rowing_at_the_2000_Summer_Olympics_%E2%80%93_Women%27s_lightweight_double_sculls,Rowing,Women's lightweight double sculls,2000,Summer,Sydney International Regatta Centre,2000-09-18,36,18
Q26212154,Boxing at the 2016 Summer Olympics – Men's middleweight,https://en.wikipedia.org/wiki/Boxing_at_the_2016_Summer_Olympics_%E2%80%93_Men%27s_middleweight,Boxing,Men's middleweight boxing,2016,Summer,Riocentro – Pavilion 6,2016-08-08,28,28
Q2070029,Swimming at the 2012 Summer Olympics – Women's 50 metre freestyle,https://en.wikipedia.org/wiki/Swimming_at_the_2012_Summer_Olympics_%E2%80%93_Women%27s_50_metre_freestyle,Swimming,Women's 50 metre freestyle,2012,Summer,London Aquatics Centre,2012-08-03,73,64
Q17063531,Swimming at the 1988 Summer Olympics – Women's 100 metre backstroke,https://en.wikipedia.org/wiki/Swimming_at_the_1988_Summer_Olympics_%E2%80%93_Women%27s_100_metre_backstroke,Swimming,Women's 100 metre backstroke,1988,Summer,Jamsil Indoor Swimming Pool,1988-09-22,41,30
Q47309816,Short-track speed skating at the 2018 Winter Olympics – Men's 500 metres,https://en.wikipedia.org/wiki/Short-track_speed_skating_at_the_2018_Winter_Olympics_%E2%80%93_Men%27s_500_metres,Short-track speed skating,Men's 500 metres,2018,Winter,"Gangneung Ice ArenaGangneung, South Korea",2018-02-20,33,16
Q26155833,Golf at the 2016 Summer Olympics – Men's individual,https://en.wikipedia.org/wiki/Golf_at_the_2016_Summer_Olympics_%E2%80%93_Men%27s_individual,Golf,Men's golf,2016,Summer,Olympic Golf Course,2016-08-11,60,34
Q522820,Weightlifting at the 2008 Summer Olympics – Men's 62 kg,https://en.wikipedia.org/wiki/Weightlifting_at_the_2008_Summer_Olympics_%E2%80%93_Men%27s_62_kg,Weightlifting,Men's 62 kg,2008,Summer,Beihang University Gymnasium,2008-08-11,17,15
Q26212159,Judo at the 2016 Summer Olympics – Men's 60 kg,https://en.wikipedia.org/wiki/Judo_at_the_2016_Summer_Olympics_%E2%80%93_Men%27s_60_kg,Judo,Men's 60 kg,2016,Summer,Carioca Arena 2,2016-08-06,35,35
Q2070048,Boxing at the 2012 Summer Olympics – Women's lightweight,https://en.wikipedia.org/wiki/Boxing_at_the_2012_Summer_Olympics_%E2%80%93_Women%27s_lightweight,Boxing,Women's lightweight boxing,2012,Summer,ExCeL Exhibition Centre,2012-08-05,12,12
Q2071238,Canoeing at the 2012 Summer Olympics – Men's slalom C-1,https://en.wikipedia.org/wiki/Canoeing_at_the_2012_Summer_Olympics_%E2%80%93_Men%27s_slalom_C-1,Canoeing,Men's canoe slalom C-1,2012,Summer,Lee Valley White Water Centre,2012-07-29,17,17
Q107802331,Biathlon at the 2022 Winter Olympics – Mixed relay,https://en.wikipedia.org/wiki/Biathlon_at_the_2022_Winter_Olympics_%E2%80%93_Mixed_relay,Biathlon,Mixed relay,2022,Winter,Hualindong Ski Resort,2022-02-05,80,20
Q1067796,Swimming at the 2012 Summer Olympics – Men's 1500 metre freestyle,https://en.wikipedia.org/wiki/Swimming_at_the_2012_Summer_Olympics_%E2%80%93_Men%27s_1500_metre_freestyle,Swimming,"Men's 1,500 metre freestyle",2012,Summer,London Aquatics Centre,2012-08-03,31,25
Q26212148,Weightlifting at the 2016 Summer Olympics – Men's 69 kg,https://en.wikipedia.org/wiki/Weightlifting_at_the_2016_Summer_Olympics_%E2%80%93_Men%27s_69_kg,Weightlifting,Men's 69 kg,2016,Summer,Riocentro,2016-08-09,21,19
Q2022105,Badminton at the 1996 Summer Olympics – Women's singles,https://en.wikipedia.org/wiki/Badminton_at_the_1996_Summer_Olympics_%E2%80%93_Women%27s_singles,Badminton,Women's singles,1996,Summer,Georgia State University Gymnasium,1996-07-24,48,31
Q603505,Swimming at the 2008 Summer Olympics – Women's 200 metre butterfly,https://en.wikipedia.org/wiki/Swimming_at_the_2008_Summer_Olympics_%E2%80%93_Women%27s_200_metre_butterfly,Swimming,Women's 200 metre butterfly,2008,Summer,Beijing National Aquatics Center,2008-08-12,36,28
Q2566720,Sailing at the 2008 Summer Olympics – 49er,https://en.wikipedia.org/wiki/Sailing_at_the_2008_Summer_Olympics_%E2%80%93_49er,Sailing,Mixed 49er,2008,Summer,Qingdao International Sailing Centre,,38,19
Q526698,Swimming at the 2008 Summer Olympics – Men's 200 metre backstroke,https://en.wikipedia.org/wiki/Swimming_at_the_2008_Summer_Olympics_%E2%80%93_Men%27s_200_metre_backstroke,Swimming,Men's 200 metre backstroke,2008,Summer,Beijing National Aquatics Center,2008-08-13,40,31
Q1997551,Weightlifting at the 2012 Summer Olympics – Men's 56 kg,https://en.wikipedia.org/wiki/Weightlifting_at_the_2012_Summer_Olympics_%E2%80%93_Men%27s_56_kg,Weightlifting,Men's 56 kg,2012,Summer,ExCeL London,2012-07-29,18,15
Q383513,Biathlon at the 2010 Winter Olympics – Women's sprint,https://en.wikipedia.org/wiki/Biathlon_at_the_2010_Winter_Olympics_%E2%80%93_Women%27s_sprint,Biathlon,Women's sprint,2010,Winter,Whistler Olympic Park,2010-02-13,89,31
Q2026292,Swimming at the 2012 Summer Olympics – Women's 100 metre freestyle,https://en.wikipedia.org/wiki/Swimming_at_the_2012_Summer_Olympics_%E2%80%93_Women%27s_100_metre_freestyle,Swimming,Women's 100 metre freestyle,2012,Summer,London Aquatics Centre,2012-08-01,50,44
Q1192124,Weightlifting at the 2008 Summer Olympics – Women's 58 kg,https://en.wikipedia.org/wiki/Weightlifting_at_the_2008_Summer_Olympics_%E2%80%93_Women%27s_58_kg,Weightlifting,Women's 58 kg,2008,Summer,Beihang University Gymnasium,2008-08-11,12,11
Q1856784,Cycling at the 2000 Summer Olympics – Men's cross-country,https://en.wikipedia.org/wiki/Cycling_at_the_2000_Summer_Olympics_%E2%80%93_Men%27s_cross-country,Cycling,Men's cross-country,2000,Summer,,2000-09-24,49,26
Q508776,Weightlifting at the 2008 Summer Olympics – Men's 85 kg,https://en.wikipedia.org/wiki/Weightlifting_at_the_2008_Summer_Olympics_%E2%80%93_Men%27s_85_kg,Weightlifting,Men's 85 kg,2008,Summer,Beihang University Gymnasium,2008-08-15,21,19
Q65242336,Tennis at the 2020 Summer Olympics – Women's singles,https://en.wikipedia.org/wiki/Tennis_at_the_2020_Summer_Olympics_%E2%80%93_Women%27s_singles,Tennis,Women's singles,2020,Summer,Ariake Coliseum,2021-07-24,64,35
Q26212150,Weightlifting at the 2016 Summer Olympics – Men's 56 kg,https://en.wikipedia.org/wiki/Weightlifting_at_the_2016_Summer_Olympics_%E2%80%93_Men%27s_56_kg,Weightlifting,Men's 56 kg,2016,Summer,Riocentro,2016-08-07,19,17
Q2065523,Cycling at the 2004 Summer Olympics – Women's individual road race,https://en.wikipedia.org/wiki/Cycling_at_the_2004_Summer_Olympics_%E2%80%93_Women%27s_individual_road_race,Cycling,Women's cycling road race,2004,Summer,Urban Road Cycling Course126.4,2004-08-15,67,27
Q580474,Cycling at the 2012 Summer Olympics – Men's keirin,https://en.wikipedia.org/wiki/Cycling_at_the_2012_Summer_Olympics_%E2%80%93_Men%27s_keirin,Cycling,Men's Keirin,2012,Summer,London Velopark,2012-08-07,18,18
Q578012,Ski jumping at the 2010 Winter Olympics – Normal hill individual,https://en.wikipedia.org/wiki/Ski_jumping_at_the_2010_Winter_Olympics_%E2%80%93_Normal_hill_individual,Ski jumping,Men's normal hill individual,2010,Winter,Whistler Olympic Park,2010-02-12,61,18
Q1444605,Athletics at the 1992 Summer Olympics – Women's marathon,https://en.wikipedia.org/wiki/Athletics_at_the_1992_Summer_Olympics_%E2%80%93_Women%27s_marathon,Athletics,Women's marathon,1992,Summer,"Estadi Olímpic Lluís Companys, Barcelona",1992-08-01,47,31
Q2071266,Swimming at the 2012 Summer Olympics – Women's 200 metre butterfly,https://en.wikipedia.org/wiki/Swimming_at_the_2012_Summer_Olympics_%E2%80%93_Women%27s_200_metre_butterfly,Swimming,Women's 200 metre butterfly,2012,Summer,London Aquatics Centre,2012-07-31,28,21
Q17033536,Shooting at the 1996 Summer Olympics – Men's skeet,https://en.wikipedia.org/wiki/Shooting_at_the_1996_Summer_Olympics_%E2%80%93_Men%27s_skeet,Shooting,Men's skeet,1996,Summer,Wolf Creek Shooting Complex,1996-07-26,54,34
Q379473,Short-track speed skating at the 2010 Winter Olympics – Men's 500 metres,https://en.wikipedia.org/wiki/Short-track_speed_skating_at_the_2010_Winter_Olympics_%E2%80%93_Men%27s_500_metres,Short-track speed skating,Men's 500 metres,2010,Winter,Pacific Coliseum,2010-02-24,32,16
Q727674,Swimming at the 2004 Summer Olympics – Women's 200 metre breaststroke,https://en.wikipedia.org/wiki/Swimming_at_the_2004_Summer_Olympics_%E2%80%93_Women%27s_200_metre_breaststroke,Swimming,Women's 200 metre breaststroke,2004,Summer,Athens Olympic Aquatic Centre,2004-08-18,33,28
Q15056263,Boxing at the 2004 Summer Olympics – Bantamweight,https://en.wikipedia.org/wiki/Boxing_at_the_2004_Summer_Olympics_%E2%80%93_Bantamweight,Boxing,Bantamweight boxing,2004,Summer,Peristeri Olympic Boxing Hall,2004-08-17,27,27
Q7400300,Sailing at the 1988 Summer Olympics – Flying Dutchman,https://en.wikipedia.org/wiki/Sailing_at_the_1988_Summer_Olympics_%E2%80%93_Flying_Dutchman,Sailing,Flying Dutchman,1988,Summer,Busan부산釜山,1988-09-20,44,22
Q65242164,Athletics at the 2020 Summer Olympics – Women's heptathlon,https://en.wikipedia.org/wiki/Athletics_at_the_2020_Summer_Olympics_%E2%80%93_Women%27s_heptathlon,Athletics,Women's heptathlon,2020,Summer,Japan National Stadium,2021-08-04,24,17
Q734628,Snowboarding at the 2002 Winter Olympics – Men's parallel giant slalom,https://en.wikipedia.org/wiki/Snowboarding_at_the_2002_Winter_Olympics_%E2%80%93_Men%27s_parallel_giant_slalom,Snowboarding,Men's parallel giant slalom,2002,Winter,Park City,2002-02-14,32,10
Q26212147,Weightlifting at the 2016 Summer Olympics – Men's 77 kg,https://en.wikipedia.org/wiki/Weightlifting_at_the_2016_Summer_Olympics_%E2%80%93_Men%27s_77_kg,Weightlifting,Men's 77 kg,2016,Summer,Riocentro,2016-08-10,13,13
Q2212666,Cycling at the 2004 Summer Olympics – Men's cross-country,https://en.wikipedia.org/wiki/Cycling_at_the_2004_Summer_Olympics_%E2%80%93_Men%27s_cross-country,Cycling,Men's cross-country,2004,Summer,,2004-08-28,49,32
Q609985,Cycling at the 2008 Summer Olympics – Women's road time trial,https://en.wikipedia.org/wiki/Cycling_at_the_2008_Summer_Olympics_%E2%80%93_Women%27s_road_time_trial,Cycling,Women's road time trial,2008,Summer,,2008-08-13,25,17
Q727687,Swimming at the 2004 Summer Olympics – Men's 100 metre freestyle,https://en.wikipedia.org/wiki/Swimming_at_the_2004_Summer_Olympics_%E2%80%93_Men%27s_100_metre_freestyle,Swimming,Men's 100 metre freestyle,2004,Summer,Athens Olympic Aquatic Centre,2004-08-17,69,62
Q107802335,Biathlon at the 2022 Winter Olympics – Men's individual,https://en.wikipedia.org/wiki/Biathlon_at_the_2022_Winter_Olympics_%E2%80%93_Men%27s_individual,Biathlon,Men’s individual,2022,Winter,Hualindong Ski Resort,2022-02-08,92,28
Q2133123,Cycling at the 2000 Summer Olympics – Women's individual road race,https://en.wikipedia.org/wiki/Cycling_at_the_2000_Summer_Olympics_%E2%80%93_Women%27s_individual_road_race,Cycling,Women's cycling road race,2000,Summer,"Centennial Parklands, Sydney",2000-09-26,57,23
Q26218913,Equestrian at the 2016 Summer Olympics – Individual dressage,https://en.wikipedia.org/wiki/Equestrian_at_the_2016_Summer_Olympics_%E2%80%93_Individual_dressage,Equestrian,Individual dressage,2016,Summer,National Equestrian Center,2016-08-10,60,25
Q22964428,Rowing at the 1988 Summer Olympics – Men's quadruple sculls,https://en.wikipedia.org/wiki/Rowing_at_the_1988_Summer_Olympics_%E2%80%93_Men%27s_quadruple_sculls,Rowing,Men's quadruple sculls,1988,Summer,,1988-09-20,52,13
Q22964421,Rowing at the 1988 Summer Olympics – Women's quadruple sculls,https://en.wikipedia.org/wiki/Rowing_at_the_1988_Summer_Olympics_%E2%80%93_Women%27s_quadruple_sculls,Rowing,Women's quadruple sculls,1988,Summer,,1988-09-20,41,10
Q22964427,Rowing at the 1988 Summer Olympics – Men's coxless four,https://en.wikipedia.org/wiki/Rowing_at_the_1988_Summer_Olympics_%E2%80%93_Men%27s_coxless_four,Rowing,Men's coxless four,1988,Summer,,1988-09-20,61,15
Q635304,Cycling at the 2008 Summer Olympics – Men's team pursuit,https://en.wikipedia.org/wiki/Cycling_at_the_2008_Summer_Olympics_%E2%80%93_Men%27s_team_pursuit,Cycling,Men's team pursuit,2008,Summer,Laoshan Velodrome,2008-08-17,44,10
Q25927636,Swimming at the 2016 Summer Olympics – Men's 400 metre freestyle,https://en.wikipedia.org/wiki/Swimming_at_the_2016_Summer_Olympics_%E2%80%93_Men%27s_400_metre_freestyle,Swimming,Men's 400 metre freestyle,2016,Summer,Olympic Aquatics Stadium,2016-08-06,50,39
Q25991454,Swimming at the 2016 Summer Olympics – Men's 200 metre individual medley,https://en.wikipedia.org/wiki/Swimming_at_the_2016_Summer_Olympics_%E2%80%93_Men%27s_200_metre_individual_medley,Swimming,Men's 200 metre individual medley,2016,Summer,Olympic Aquatics Stadium,2016-08-10,30,23
Q7372004,Rowing at the 2000 Summer Olympics – Women's coxless pair,https://en.wikipedia.org/wiki/Rowing_at_the_2000_Summer_Olympics_%E2%80%93_Women%27s_coxless_pair,Rowing,Women's coxless pair,2000,Summer,Sydney International Regatta Centre,2000-09-17,20,10
Q684586,Athletics at the 2000 Summer Olympics – Men's 110 metres hurdles,https://en.wikipedia.org/wiki/Athletics_at_the_2000_Summer_Olympics_%E2%80%93_Men%27s_110_metres_hurdles,Athletics,Men's 110 metres hurdles,2000,Summer,Stadium Australia,2000-09-25,44,31
Q25932068,Swimming at the 2016 Summer Olympics – Women's 400 metre freestyle,https://en.wikipedia.org/wiki/Swimming_at_the_2016_Summer_Olympics_%E2%80%93_Women%27s_400_metre_freestyle,Swimming,Women's 400 metre freestyle,2016,Summer,Olympic Aquatics Stadium,2016-08-07,32,25
Q22964424,Rowing at the 1988 Summer Olympics – Women's eight,https://en.wikipedia.org/wiki/Rowing_at_the_1988_Summer_Olympics_%E2%80%93_Women%27s_eight,Rowing,Women's eight,1988,Summer,,1988-09-20,63,7
Q1184283,Equestrian at the 2008 Summer Olympics – Individual eventing,https://en.wikipedia.org/wiki/Equestrian_at_the_2008_Summer_Olympics_%E2%80%93_Individual_eventing,Equestrian,Individual eventing,2008,Summer,Hong Kong Sports Institute,2008-08-09,74,
Q1067970,Taekwondo at the 2008 Summer Olympics – Women's +67 kg,https://en.wikipedia.org/wiki/Taekwondo_at_the_2008_Summer_Olympics_%E2%80%93_Women%27s_%2B67_kg,Taekwondo,Women's +67 kg,2008,Summer,Beijing Science and Technology University Gymnasium,2008-08-23,16,16
Q26208276,Boxing at the 2016 Summer Olympics – Men's lightweight,https://en.wikipedia.org/wiki/Boxing_at_the_2016_Summer_Olympics_%E2%80%93_Men%27s_lightweight,Boxing,Men's lightweight boxing,2016,Summer,Riocentro – Pavilion 6,2016-08-06,28,28
Q26218605,Boxing at the 2016 Summer Olympics – Women's middleweight,https://en.wikipedia.org/wiki/Boxing_at_the_2016_Summer_Olympics_%E2%80%93_Women%27s_middleweight,Boxing,Women's middleweight boxing,2016,Summer,Riocentro – Pavilion 6,2016-08-14,12,12
Q17018014,Cycling at the 1996 Summer Olympics – Men's track time trial,https://en.wikipedia.org/wiki/Cycling_at_the_1996_Summer_Olympics_%E2%80%93_Men%27s_track_time_trial,Cycling,Men's track time trial,1996,Summer,Stone Mountain Park Velodrome,1996-07-24,20,20
Q65235550,Judo at the 2020 Summer Olympics – Women's 57 kg,https://en.wikipedia.org/wiki/Judo_at_the_2020_Summer_Olympics_%E2%80%93_Women%27s_57_kg,Judo,Women's 57 kg,2020,Summer,Nippon Budokan,2021-07-26,,
Q7400311,Sailing at the 1992 Summer Olympics – Men's 470,https://en.wikipedia.org/wiki/Sailing_at_the_1992_Summer_Olympics_%E2%80%93_Men%27s_470,Sailing,470 Men's,1992,Summer,Barcelona,1992-07-27,74,37
Q1095367,Weightlifting at the 2008 Summer Olympics – Women's 69 kg,https://en.wikipedia.org/wiki/Weightlifting_at_the_2008_Summer_Olympics_%E2%80%93_Women%27s_69_kg,Weightlifting,Women's 69 kg,2008,Summer,Beihang University Gymnasium,2008-08-13,10,9
Q574129,Badminton at the 2008 Summer Olympics – Women's singles,https://en.wikipedia.org/wiki/Badminton_at_the_2008_Summer_Olympics_%E2%80%93_Women%27s_singles,Badminton,Women's singles,2008,Summer,Beijing University of TechnologyGymnasium,2008-08-09,47,42
Q7372002,Rowing at the 2000 Summer Olympics – Men's lightweight double sculls,https://en.wikipedia.org/wiki/Rowing_at_the_2000_Summer_Olympics_%E2%80%93_Men%27s_lightweight_double_sculls,Rowing,Men's lightweight double sculls,2000,Summer,Sydney International Regatta Centre,2000-09-18,38,19
Q22964423,Rowing at the 1988 Summer Olympics – Women's coxless pair,https://en.wikipedia.org/wiki/Rowing_at_the_1988_Summer_Olympics_%E2%80%93_Women%27s_coxless_pair,Rowing,Women's coxless pairs,1988,Summer,Han River Regatta Course,1988-09-19,20,10
Q26217722,Table tennis at the 2016 Summer Olympics – Men's team,https://en.wikipedia.org/wiki/Table_tennis_at_the_2016_Summer_Olympics_%E2%80%93_Men%27s_team,Table tennis,Men's team table tennis,2016,Summer,Riocentro – Pavilion 3,2016-08-12,48,16
Q1194001,Swimming at the 2008 Summer Olympics – Women's 400 metre freestyle,https://en.wikipedia.org/wiki/Swimming_at_the_2008_Summer_Olympics_%E2%80%93_Women%27s_400_metre_freestyle,Swimming,Women's 400 metre freestyle,2008,Summer,Beijing National Aquatics Center,2008-08-10,42,35
Q2025976,Table tennis at the 2012 Summer Olympics – Men's team,https://en.wikipedia.org/wiki/Table_tennis_at_the_2012_Summer_Olympics_%E2%80%93_Men%27s_team,Table tennis,Table tennis – men's team,2012,Summer,ExCeL London,2012-08-03,48,16
Q1139399,Weightlifting at the 2012 Summer Olympics – Men's 62 kg,https://en.wikipedia.org/wiki/Weightlifting_at_the_2012_Summer_Olympics_%E2%80%93_Men%27s_62_kg,Weightlifting,Men's 62 kg,2012,Summer,ExCeL London,2012-07-30,15,13
Q600157,Wrestling at the 2008 Summer Olympics – Men's Greco-Roman 120 kg,https://en.wikipedia.org/wiki/Wrestling_at_the_2008_Summer_Olympics_%E2%80%93_Men%27s_Greco-Roman_120_kg,Wrestling,Men's Greco-Roman 120 kg,2008,Summer,China Agricultural University Gymnasium,2008-08-14,20,20
Q257545,Athletics at the 2008 Summer Olympics – Men's 400 metres,https://en.wikipedia.org/wiki/Athletics_at_the_2008_Summer_Olympics_%E2%80%93_Men%27s_400_metres,Athletics,Men's 400 metres,2008,Summer,Beijing National Stadium,2008-08-18,55,40
Q25932666,Swimming at the 2016 Summer Olympics – Women's 200 metre backstroke,https://en.wikipedia.org/wiki/Swimming_at_the_2016_Summer_Olympics_%E2%80%93_Women%27s_200_metre_backstroke,Swimming,Women's 200 metre backstroke,2016,Summer,Olympic Aquatics Stadium,2016-08-11,28,20
Q17063534,Swimming at the 1988 Summer Olympics – Women's 200 metre freestyle,https://en.wikipedia.org/wiki/Swimming_at_the_1988_Summer_Olympics_%E2%80%93_Women%27s_200_metre_freestyle,Swimming,Women's 200 metre freestyle,1988,Summer,Jamsil Indoor Swimming Pool,1988-09-20,45,30
Q1750582,Weightlifting at the 2004 Summer Olympics – Women's 48 kg,https://en.wikipedia.org/wiki/Weightlifting_at_the_2004_Summer_Olympics_%E2%80%93_Women%27s_48_kg,Weightlifting,Women's 48 kg,2004,Summer,Nikaia Olympic Weightlifting Hall,2004-08-14,15,14
Q17515791,Rowing at the 1996 Summer Olympics – Men's single sculls,https://en.wikipedia.org/wiki/Rowing_at_the_1996_Summer_Olympics_%E2%80%93_Men%27s_single_sculls,Rowing,Men's single sculls,1996,Summer,Lake Lanier,1996-07-21,21,21
Q26218947,Swimming at the 2016 Summer Olympics – Men's 100 metre breaststroke,https://en.wikipedia.org/wiki/Swimming_at_the_2016_Summer_Olympics_%E2%80%93_Men%27s_100_metre_breaststroke,Swimming,Men's 100 metre breaststroke,2016,Summer,Olympic Aquatics Stadium,2016-08-06,46,38
Q2563992,Table tennis at the 2008 Summer Olympics – Women's singles,https://en.wikipedia.org/wiki/Table_tennis_at_the_2008_Summer_Olympics_%E2%80%93_Women%27s_singles,Table tennis,Table tennis – Women's singles,2008,Summer,Peking University Gymnasium,2008-08-18,78,42
Q7372009,Rowing at the 2000 Summer Olympics – Women's eight,https://en.wikipedia.org/wiki/Rowing_at_the_2000_Summer_Olympics_%E2%80%93_Women%27s_eight,Rowing,Women's eight,2000,Summer,Sydney International Regatta Centre,2000-09-18,63,7
Q374871,Archery at the 2012 Summer Olympics – Women's individual,https://en.wikipedia.org/wiki/Archery_at_the_2012_Summer_Olympics_%E2%80%93_Women%27s_individual,Archery,Women's individual,2012,Summer,Lord's Cricket Ground,2012-07-27,64,40
Q2022221,Badminton at the 2000 Summer Olympics – Men's doubles,https://en.wikipedia.org/wiki/Badminton_at_the_2000_Summer_Olympics_%E2%80%93_Men%27s_doubles,Badminton,Men's doubles,2000,Summer,"Pavilion 3, Sydney Olympic Park",2000-09-16,23,15
Q26212176,Weightlifting at the 2016 Summer Olympics – Women's 58 kg,https://en.wikipedia.org/wiki/Weightlifting_at_the_2016_Summer_Olympics_%E2%80%93_Women%27s_58_kg,Weightlifting,Women's 58 kg,2016,Summer,Riocentro,2016-08-08,16,15
Q571174,Wrestling at the 2008 Summer Olympics – Men's Greco-Roman 66 kg,https://en.wikipedia.org/wiki/Wrestling_at_the_2008_Summer_Olympics_%E2%80%93_Men%27s_Greco-Roman_66_kg,Wrestling,Men's Greco-Roman 66 kg,2008,Summer,China Agricultural University Gymnasium,2008-08-13,20,20
Q2022115,Badminton at the 1996 Summer Olympics – Men's singles,https://en.wikipedia.org/wiki/Badminton_at_the_1996_Summer_Olympics_%E2%80%93_Men%27s_singles,Badminton,Men's singles,1996,Summer,Georgia State University Gymnasium,1996-07-24,49,31
Q65242363,Triathlon at the 2020 Summer Olympics – Men's,https://en.wikipedia.org/wiki/Triathlon_at_the_2020_Summer_Olympics_%E2%80%93_Men%27s,Triathlon,Men's triathlon,2020,Summer,"Odaiba Marine Park, Tokyo",2021-07-26,51,29
Q1750592,Weightlifting at the 2004 Summer Olympics – Men's 62 kg,https://en.wikipedia.org/wiki/Weightlifting_at_the_2004_Summer_Olympics_%E2%80%93_Men%27s_62_kg,Weightlifting,Men's 62 kg,2004,Summer,Nikaia Olympic Weightlifting Hall,2004-08-16,20,18
Q571263,Cross-country skiing at the 2010 Winter Olympics – Women's team sprint,https://en.wikipedia.org/wiki/Cross-country_skiing_at_the_2010_Winter_Olympics_%E2%80%93_Women%27s_team_sprint,Cross-country skiing,Women's team sprint,2010,Winter,Whistler Olympic Park,2010-02-22,36,18
Q15703663,Nordic combined at the 1988 Winter Olympics – Individual,https://en.wikipedia.org/wiki/Nordic_combined_at_the_1988_Winter_Olympics_%E2%80%93_Individual,Nordic combined,Individual,1988,Winter,Canada Olympic Park (ski jumping)Canmore Nordic Centre (cross-country skiing),1988-02-27,43,13
Q613571,Biathlon at the 2010 Winter Olympics – Men's mass start,https://en.wikipedia.org/wiki/Biathlon_at_the_2010_Winter_Olympics_%E2%80%93_Men%27s_mass_start,Biathlon,Men's mass start,2010,Winter,Whistler Olympic Park,2010-02-21,30,16
Q22964422,Rowing at the 1988 Summer Olympics – Women's single sculls,https://en.wikipedia.org/wiki/Rowing_at_the_1988_Summer_Olympics_%E2%80%93_Women%27s_single_sculls,Rowing,Women's single sculls,1988,Summer,,1988-09-20,13,13
Q2051400,Swimming at the 2012 Summer Olympics – Women's 200 metre backstroke,https://en.wikipedia.org/wiki/Swimming_at_the_2012_Summer_Olympics_%E2%80%93_Women%27s_200_metre_backstroke,Swimming,Women's 200 metre backstroke,2012,Summer,London Aquatics Centre,2012-08-02,37,31
Q595972,"Speed skating at the 2010 Winter Olympics – Men's 10,000 metres",https://en.wikipedia.org/wiki/Speed_skating_at_the_2010_Winter_Olympics_%E2%80%93_Men%27s_10%2C000_metres,Speed skating,"Men's 10,000 metres",2010,Winter,Richmond Olympic Oval,2010-02-23,15,9
Q17515790,Rowing at the 1996 Summer Olympics – Men's lightweight double sculls,https://en.wikipedia.org/wiki/Rowing_at_the_1996_Summer_Olympics_%E2%80%93_Men%27s_lightweight_double_sculls,Rowing,Men's lightweight double sculls,1996,Summer,Lake Lanier,1996-07-22,38,19
Q593761,Athletics at the 2012 Summer Olympics – Men's shot put,https://en.wikipedia.org/wiki/Athletics_at_the_2012_Summer_Olympics_%E2%80%93_Men%27s_shot_put,Athletics,Men's shot put,2012,Summer,Olympic Stadium,2012-08-03,40,34
Q65242200,Athletics at the 2020 Summer Olympics – Men's decathlon,https://en.wikipedia.org/wiki/Athletics_at_the_2020_Summer_Olympics_%E2%80%93_Men%27s_decathlon,Athletics,Men's decathlon,2020,Summer,Japan National Stadium,2021-08-04,23,15
Q47309929,Short-track speed skating at the 2018 Winter Olympics – Women's 1500 metres,https://en.wikipedia.org/wiki/Short-track_speed_skating_at_the_2018_Winter_Olympics_%E2%80%93_Women%27s_1500_metres,Short-track speed skating,Women’s 1500 metres,2018,Winter,"Gangneung Ice ArenaGangneung, South Korea",2018-02-17,36,17
Q26208602,Boxing at the 2016 Summer Olympics – Men's heavyweight,https://en.wikipedia.org/wiki/Boxing_at_the_2016_Summer_Olympics_%E2%80%93_Men%27s_heavyweight,Boxing,Men's heavyweight boxing,2016,Summer,Riocentro – Pavilion 6,2016-08-06,18,18
Q737066,Badminton at the 2004 Summer Olympics – Men's singles,https://en.wikipedia.org/wiki/Badminton_at_the_2004_Summer_Olympics_%E2%80%93_Men%27s_singles,Badminton,Men's singles,2004,Summer,Goudi Olympic Hall,2004-08-14,32,21
Q22964434,Rowing at the 1992 Summer Olympics – Women's coxless four,https://en.wikipedia.org/wiki/Rowing_at_the_1992_Summer_Olympics_%E2%80%93_Women%27s_coxless_four,Rowing,Women's coxless fours,1992,Summer,Lake of Banyoles,1992-07-27,36,9
Q628945,Cycling at the 2008 Summer Olympics – Men's BMX,https://en.wikipedia.org/wiki/Cycling_at_the_2008_Summer_Olympics_%E2%80%93_Men%27s_BMX,Cycling,Men's BMX,2008,Summer,Laoshan BMX Field,2008-08-20,32,20
Q2570068,Fencing at the 2008 Summer Olympics – Women's sabre,https://en.wikipedia.org/wiki/Fencing_at_the_2008_Summer_Olympics_%E2%80%93_Women%27s_sabre,Fencing,Women's sabre,2008,Summer,Olympic Green Convention Centre,2008-08-09,39,20
Q26212144,Weightlifting at the 2016 Summer Olympics – Men's 105 kg,https://en.wikipedia.org/wiki/Weightlifting_at_the_2016_Summer_Olympics_%E2%80%93_Men%27s_105_kg,Weightlifting,Men's 105 kg,2016,Summer,Riocentro,2016-08-15,16,14
Q107861723,Biathlon at the 2022 Winter Olympics – Women's individual,https://en.wikipedia.org/wiki/Biathlon_at_the_2022_Winter_Olympics_%E2%80%93_Women%27s_individual,Biathlon,Women’s individual,2022,Winter,Hualindong Ski Resort,2022-02-07,87,29
Q1066390,Athletics at the 2008 Summer Olympics – Women's heptathlon,https://en.wikipedia.org/wiki/Athletics_at_the_2008_Summer_Olympics_%E2%80%93_Women%27s_heptathlon,Athletics,Women's heptathlon,2008,Summer,Beijing National Stadium,2008-08-15,43,28
Q7400298,Sailing at the 1988 Summer Olympics – Finn,https://en.wikipedia.org/wiki/Sailing_at_the_1988_Summer_Olympics_%E2%80%93_Finn,Sailing,Finn class,1988,Summer,Busan부산釜山,1988-09-20,33,33
Q26212146,Weightlifting at the 2016 Summer Olympics – Men's 85 kg,https://en.wikipedia.org/wiki/Weightlifting_at_the_2016_Summer_Olympics_%E2%80%93_Men%27s_85_kg,Weightlifting,Men's 85 kg,2016,Summer,Riocentro,2016-08-12,24,22
Q26219832,Judo at the 2016 Summer Olympics – Men's 81 kg,https://en.wikipedia.org/wiki/Judo_at_the_2016_Summer_Olympics_%E2%80%93_Men%27s_81_kg,Judo,Men's 81 kg,2016,Summer,Carioca Arena 2,2016-08-09,33,33
Q17088224,Shooting at the 1992 Summer Olympics – Men's 50 metre rifle three positions,https://en.wikipedia.org/wiki/Shooting_at_the_1992_Summer_Olympics_%E2%80%93_Men%27s_50_metre_rifle_three_positions,Shooting,Men's 50 metre rifle three positions,1992,Summer,Mollet del Vallès,1992-07-31,42,24
Q47309958,Short-track speed skating at the 2018 Winter Olympics – Women's 3000 metre relay,https://en.wikipedia.org/wiki/Short-track_speed_skating_at_the_2018_Winter_Olympics_%E2%80%93_Women%27s_3000_metre_relay,Short-track speed skating,Women’s 3000 metre relay,2018,Winter,"Gangneung Ice ArenaGangneung, South Korea",2018-02-10,37,8
Q198766,Athletics at the 1988 Summer Olympics – Men's 200 metres,https://en.wikipedia.org/wiki/Athletics_at_the_1988_Summer_Olympics_%E2%80%93_Men%27s_200_metres,Athletics,Men's 200 metres,1988,Summer,Olympic Stadium,1988-09-26,72,59
Q1067077,Taekwondo at the 2008 Summer Olympics – Women's 49 kg,https://en.wikipedia.org/wiki/Taekwondo_at_the_2008_Summer_Olympics_%E2%80%93_Women%27s_49_kg,Taekwondo,Women's 49 kg,2008,Summer,Beijing Science and Technology University Gymnasium,2008-08-20,16,16
Q25991451,Swimming at the 2016 Summer Olympics – Men's 200 metre breaststroke,https://en.wikipedia.org/wiki/Swimming_at_the_2016_Summer_Olympics_%E2%80%93_Men%27s_200_metre_breaststroke,Swimming,Men's 200 metre breaststroke,2016,Summer,Olympic Aquatics Stadium,2016-08-09,39,30
Q584030,Modern pentathlon at the 2012 Summer Olympics – Women's,https://en.wikipedia.org/wiki/Modern_pentathlon_at_the_2012_Summer_Olympics_%E2%80%93_Women%27s,Modern pentathlon,Women's modern pentathlon,2012,Summer,Copper Box (fencing)Aquatics Centre (swimming)Greenwich Park (riding and combined),2012-08-12,36,22
Q7371998,Rowing at the 2000 Summer Olympics – Men's coxless four,https://en.wikipedia.org/wiki/Rowing_at_the_2000_Summer_Olympics_%E2%80%93_Men%27s_coxless_four,Rowing,Men's coxless four,2000,Summer,Sydney International Regatta Centre,2000-09-17,52,13
Q595962,Cross-country skiing at the 2010 Winter Olympics – Women's 10 kilometre freestyle,https://en.wikipedia.org/wiki/Cross-country_skiing_at_the_2010_Winter_Olympics_%E2%80%93_Women%27s_10_kilometre_freestyle,Cross-country skiing,Women's 10 kilometre freestyle,2010,Winter,Whistler Olympic Park,2010-02-15,78,36
Q581364,Wrestling at the 2008 Summer Olympics – Men's freestyle 120 kg,https://en.wikipedia.org/wiki/Wrestling_at_the_2008_Summer_Olympics_%E2%80%93_Men%27s_freestyle_120_kg,Wrestling,Men's freestyle 120 kg,2008,Summer,China Agricultural University Gymnasium,2008-08-21,20,20
Q26217871,Judo at the 2016 Summer Olympics – Women's 70 kg,https://en.wikipedia.org/wiki/Judo_at_the_2016_Summer_Olympics_%E2%80%93_Women%27s_70_kg,Judo,Women's 70 kg,2016,Summer,Carioca Arena 2,2016-08-10,24,24
Q20948675,Canoeing at the 2016 Summer Olympics – Men's K-2 1000 metres,https://en.wikipedia.org/wiki/Canoeing_at_the_2016_Summer_Olympics_%E2%80%93_Men%27s_K-2_1000_metres,Canoeing,Men's canoe sprint K-2 1000 metres,2016,Summer,Lagoa Stadium,2016-08-17,24,12
Q25927635,Swimming at the 2016 Summer Olympics – Men's 200 metre freestyle,https://en.wikipedia.org/wiki/Swimming_at_the_2016_Summer_Olympics_%E2%80%93_Men%27s_200_metre_freestyle,Swimming,Men's 200 metre freestyle,2016,Summer,Olympic Aquatics Stadium,2016-08-07,47,36
Q7400299,Sailing at the 1988 Summer Olympics – Soling,https://en.wikipedia.org/wiki/Sailing_at_the_1988_Summer_Olympics_%E2%80%93_Soling,Sailing,Soling,1988,Summer,Busan부산釜山,1988-09-20,63,20
Q1137721,Shooting at the 2012 Summer Olympics – Women's 10 metre air rifle,https://en.wikipedia.org/wiki/Shooting_at_the_2012_Summer_Olympics_%E2%80%93_Women%27s_10_metre_air_rifle,Shooting,Women's 10 metre air rifle,2012,Summer,Royal Artillery Barracks,2012-07-28,56,41
Q26218607,Boxing at the 2016 Summer Olympics – Women's lightweight,https://en.wikipedia.org/wiki/Boxing_at_the_2016_Summer_Olympics_%E2%80%93_Women%27s_lightweight,Boxing,Women's lightweight boxing,2016,Summer,Riocentro – Pavilion 6,2016-08-12,12,12
Q547331,Rowing at the 2008 Summer Olympics – Women's double sculls,https://en.wikipedia.org/wiki/Rowing_at_the_2008_Summer_Olympics_%E2%80%93_Women%27s_double_sculls,Rowing,Women's double sculls,2008,Summer,,,,
Q26219824,Shooting at the 2016 Summer Olympics – Men's 25 metre rapid fire pistol,https://en.wikipedia.org/wiki/Shooting_at_the_2016_Summer_Olympics_%E2%80%93_Men%27s_25_metre_rapid_fire_pistol,Shooting,Men's 25 metre rapid fire pistol,2016,Summer,National Shooting Center,2016-08-12,26,20
Q1440658,Athletics at the 2004 Summer Olympics – Women's discus throw,https://en.wikipedia.org/wiki/Athletics_at_the_2004_Summer_Olympics_%E2%80%93_Women%27s_discus_throw,Athletics,Women's discus throw,2004,Summer,Olympic Stadium,2004-08-20,42,27
Q18449954,Synchronized swimming at the 1992 Summer Olympics – Women's duet,https://en.wikipedia.org/wiki/Synchronized_swimming_at_the_1992_Summer_Olympics_%E2%80%93_Women%27s_duet,Synchronized swimming,Women's duet,1992,Summer,Piscines Bernat Picornell,1992-08-03,36,18
Q2142977,Taekwondo at the 2012 Summer Olympics – Men's 68 kg,https://en.wikipedia.org/wiki/Taekwondo_at_the_2012_Summer_Olympics_%E2%80%93_Men%27s_68_kg,Taekwondo,Men's 68kg,2012,Summer,ExCeL Exhibition Centre,2012-08-09,16,16
Q7400307,Sailing at the 1992 Summer Olympics – Soling,https://en.wikipedia.org/wiki/Sailing_at_the_1992_Summer_Olympics_%E2%80%93_Soling,Sailing,Soling,1992,Summer,Barcelona,1992-07-27,72,24
Q2048869,Wrestling at the 2012 Summer Olympics – Men's freestyle 74 kg,https://en.wikipedia.org/wiki/Wrestling_at_the_2012_Summer_Olympics_%E2%80%93_Men%27s_freestyle_74_kg,Wrestling,Men's freestyle 74 kg,2012,Summer,ExCeL London,2012-08-10,19,19
Q25991449,Swimming at the 2016 Summer Olympics – Men's 200 metre backstroke,https://en.wikipedia.org/wiki/Swimming_at_the_2016_Summer_Olympics_%E2%80%93_Men%27s_200_metre_backstroke,Swimming,Men's 200 metre backstroke,2016,Summer,Olympic Aquatics Stadium,2016-08-10,26,19
Q1156695,Fencing at the 2012 Summer Olympics – Women's épée,https://en.wikipedia.org/wiki/Fencing_at_the_2012_Summer_Olympics_%E2%80%93_Women%27s_%C3%A9p%C3%A9e,Fencing,Women's épée,2012,Summer,ExCeL Exhibition Centre,2012-07-30,37,20
Q2198226,Athletics at the 2004 Summer Olympics – Men's triple jump,https://en.wikipedia.org/wiki/Athletics_at_the_2004_Summer_Olympics_%E2%80%93_Men%27s_triple_jump,Athletics,Men's triple jump,2004,Summer,Olympic Stadium,2004-08-20,47,35
Q1143843,Fencing at the 2012 Summer Olympics – Men's épée,https://en.wikipedia.org/wiki/Fencing_at_the_2012_Summer_Olympics_%E2%80%93_Men%27s_%C3%A9p%C3%A9e,Fencing,Men's épée,2012,Summer,ExCeL London,2012-08-01,30,24
Q16968702,Rowing at the 2000 Summer Olympics – Women's quadruple sculls,https://en.wikipedia.org/wiki/Rowing_at_the_2000_Summer_Olympics_%E2%80%93_Women%27s_quadruple_sculls,Rowing,Women's quadruple sculls,2000,Summer,Sydney International Regatta Centre,2000-09-18,36,9
Q1750576,Weightlifting at the 2004 Summer Olympics – Men's 56 kg,https://en.wikipedia.org/wiki/Weightlifting_at_the_2004_Summer_Olympics_%E2%80%93_Men%27s_56_kg,Weightlifting,Men's 56 kg,2004,Summer,Nikaia Olympic Weightlifting Hall,2004-08-15,17,14
Q1193987,Swimming at the 2008 Summer Olympics – Women's 100 metre freestyle,https://en.wikipedia.org/wiki/Swimming_at_the_2008_Summer_Olympics_%E2%80%93_Women%27s_100_metre_freestyle,Swimming,Women's 100 metre freestyle,2008,Summer,Beijing National Aquatics Center,2008-08-13,49,41
Q679870,Weightlifting at the 2004 Summer Olympics – Men's 69 kg,https://en.wikipedia.org/wiki/Weightlifting_at_the_2004_Summer_Olympics_%E2%80%93_Men%27s_69_kg,Weightlifting,Men's 69 kg,2004,Summer,Nikaia Olympic Weightlifting Hall,2004-08-18,17,16
Q374383,Tennis at the 2012 Summer Olympics – Men's doubles,https://en.wikipedia.org/wiki/Tennis_at_the_2012_Summer_Olympics_%E2%80%93_Men%27s_doubles,Tennis,Men's doubles tennis,2012,Summer,"All England Club, Wimbledon",2012-07-28,64,25
Q735286,Rowing at the 2004 Summer Olympics – Men's double sculls,https://en.wikipedia.org/wiki/Rowing_at_the_2004_Summer_Olympics_%E2%80%93_Men%27s_double_sculls,Rowing,Men's double sculls,2004,Summer,,,28,14
Q2563962,Sailing at the 2008 Summer Olympics – Women's 470,https://en.wikipedia.org/wiki/Sailing_at_the_2008_Summer_Olympics_%E2%80%93_Women%27s_470,Sailing,Women’s 470,2008,Summer,Qingdao International Sailing Centre,,38,19
Q1089565,Swimming at the 2008 Summer Olympics – Women's 200 metre freestyle,https://en.wikipedia.org/wiki/Swimming_at_the_2008_Summer_Olympics_%E2%80%93_Women%27s_200_metre_freestyle,Swimming,Women's 200 metre freestyle,2008,Summer,Beijing National Aquatics Center,2008-08-11,46,37
Q1439323,Athletics at the 2004 Summer Olympics – Women's javelin throw,https://en.wikipedia.org/wiki/Athletics_at_the_2004_Summer_Olympics_%E2%80%93_Women%27s_javelin_throw,Athletics,Women's javelin throw,2004,Summer,Olympic Stadium,2004-08-25,45,31
Q2563927,Sailing at the 2008 Summer Olympics – Men's RS:X,https://en.wikipedia.org/wiki/Sailing_at_the_2008_Summer_Olympics_%E2%80%93_Men%27s_RS%3AX,Sailing,Men's RS:X,2008,Summer,Qingdao International Sailing Centre,,35,35
Q26212160,Judo at the 2016 Summer Olympics – Men's 66 kg,https://en.wikipedia.org/wiki/Judo_at_the_2016_Summer_Olympics_%E2%80%93_Men%27s_66_kg,Judo,Men's 66 kg,2016,Summer,Carioca Arena 2,2016-08-07,34,34
Q577260,Cycling at the 2008 Summer Olympics – Men's keirin,https://en.wikipedia.org/wiki/Cycling_at_the_2008_Summer_Olympics_%E2%80%93_Men%27s_keirin,Cycling,Men's Keirin,2008,Summer,Laoshan Velodrome,2008-08-16,25,17
Q26219830,Judo at the 2016 Summer Olympics – Men's 73 kg,https://en.wikipedia.org/wiki/Judo_at_the_2016_Summer_Olympics_%E2%80%93_Men%27s_73_kg,Judo,Men's 73 kg,2016,Summer,Carioca Arena 2,2016-08-08,36,36
Q2091137,Wrestling at the 2012 Summer Olympics – Men's Greco-Roman 55 kg,https://en.wikipedia.org/wiki/Wrestling_at_the_2012_Summer_Olympics_%E2%80%93_Men%27s_Greco-Roman_55_kg,Wrestling,Men's Greco-Roman 55 kg,2012,Summer,ExCeL London,2012-08-05,19,19
Q220855,Athletics at the 2004 Summer Olympics – Men's 100 metres,https://en.wikipedia.org/wiki/Athletics_at_the_2004_Summer_Olympics_%E2%80%93_Men%27s_100_metres,Athletics,Men's 100 metres,2004,Summer,Athens Olympic Stadium,2004-08-21,82,62
Q26213161,Canoeing at the 2016 Summer Olympics – Men's slalom C-2,https://en.wikipedia.org/wiki/Canoeing_at_the_2016_Summer_Olympics_%E2%80%93_Men%27s_slalom_C-2,Canoeing,Men's canoe slalom C-2,2016,Summer,Olympic Whitewater Stadium,2016-08-08,24,12
Q2618235,Equestrian at the 2012 Summer Olympics – Individual eventing,https://en.wikipedia.org/wiki/Equestrian_at_the_2012_Summer_Olympics_%E2%80%93_Individual_eventing,Equestrian,Individual eventing,2012,Summer,Greenwich Park,2012-07-28,74,22
Q1075752,Modern pentathlon at the 2008 Summer Olympics – Men's,https://en.wikipedia.org/wiki/Modern_pentathlon_at_the_2008_Summer_Olympics_%E2%80%93_Men%27s,Modern pentathlon,Men's modern pentathlon,2008,Summer,Olympic Green Convention Center (shooting and fencing)Ying Tung Natatorium (swimming)Olympic Sports Center Stadium (riding and running),2008-08-21,36,22
Q1439338,Athletics at the 2004 Summer Olympics – Women's 200 metres,https://en.wikipedia.org/wiki/Athletics_at_the_2004_Summer_Olympics_%E2%80%93_Women%27s_200_metres,Athletics,Women's 200 metres,2004,Summer,Athens Olympic Stadium,2004-08-23,44,32
Q25991466,Swimming at the 2016 Summer Olympics – Women's 400 metre individual medley,https://en.wikipedia.org/wiki/Swimming_at_the_2016_Summer_Olympics_%E2%80%93_Women%27s_400_metre_individual_medley,Swimming,Women's 400 metre individual medley,2016,Summer,Olympic Aquatics Stadium,2016-08-06,33,23
Q656634,Athletics at the 2008 Summer Olympics – Men's triple jump,https://en.wikipedia.org/wiki/Athletics_at_the_2008_Summer_Olympics_%E2%80%93_Men%27s_triple_jump,Athletics,Men's triple jump,2008,Summer,Beijing Olympic Stadium,2008-08-18,39,27
Q579227,Swimming at the 2008 Summer Olympics – Men's 100 metre butterfly,https://en.wikipedia.org/wiki/Swimming_at_the_2008_Summer_Olympics_%E2%80%93_Men%27s_100_metre_butterfly,Swimming,Men's 100 metre butterfly,2008,Summer,Beijing National Aquatics Center,2008-08-14,66,51
Q25991463,Swimming at the 2016 Summer Olympics – Women's 100 metre butterfly,https://en.wikipedia.org/wiki/Swimming_at_the_2016_Summer_Olympics_%E2%80%93_Women%27s_100_metre_butterfly,Swimming,Women's 100 metre butterfly,2016,Summer,Olympic Aquatics Stadium,2016-08-06,45,35
Q221335,Cross-country skiing at the 2006 Winter Olympics – Men's 50 kilometre freestyle,https://en.wikipedia.org/wiki/Cross-country_skiing_at_the_2006_Winter_Olympics_%E2%80%93_Men%27s_50_kilometre_freestyle,Cross-country skiing,Men's 50 kilometre freestyle,2006,Winter,Pragelato,2006-02-26,82,32
Q613470,Nordic combined at the 2010 Winter Olympics – Individual large hill/10 km,https://en.wikipedia.org/wiki/Nordic_combined_at_the_2010_Winter_Olympics_%E2%80%93_Individual_large_hill/10_km,Nordic combined,Men's individual large hill/10 km,2010,Winter,Whistler Olympic Park,2010-02-25,46,14
Q1156706,Fencing at the 2012 Summer Olympics – Women's team épée,https://en.wikipedia.org/wiki/Fencing_at_the_2012_Summer_Olympics_%E2%80%93_Women%27s_team_%C3%A9p%C3%A9e,Fencing,Women's team épée,2012,Summer,ExCeL Exhibition Centre,2012-08-04,31,8
Q1156710,Fencing at the 2012 Summer Olympics – Men's team foil,https://en.wikipedia.org/wiki/Fencing_at_the_2012_Summer_Olympics_%E2%80%93_Men%27s_team_foil,Fencing,Men's team foil,2012,Summer,ExCeL Exhibition Centre,2012-08-05,35,9
Q25932055,Swimming at the 2016 Summer Olympics – Women's 100 metre freestyle,https://en.wikipedia.org/wiki/Swimming_at_the_2016_Summer_Olympics_%E2%80%93_Women%27s_100_metre_freestyle,Swimming,Women's 100 metre freestyle,2016,Summer,Olympic Aquatics Stadium,2016-08-10,48,37
Q65235579,Judo at the 2020 Summer Olympics – Mixed team,https://en.wikipedia.org/wiki/Judo_at_the_2020_Summer_Olympics_%E2%80%93_Mixed_team,Judo,Mixed team,2020,Summer,Nippon Budokan,2021-07-31,,
Q1156700,Fencing at the 2012 Summer Olympics – Men's foil,https://en.wikipedia.org/wiki/Fencing_at_the_2012_Summer_Olympics_%E2%80%93_Men%27s_foil,Fencing,Men's foil,2012,Summer,ExCeL London,2012-07-31,38,20
Q607576,Weightlifting at the 2008 Summer Olympics – Men's 77 kg,https://en.wikipedia.org/wiki/Weightlifting_at_the_2008_Summer_Olympics_%E2%80%93_Men%27s_77_kg,Weightlifting,Men's 77 kg,2008,Summer,Beihang University Gymnasium,2008-08-13,28,25
Q2157561,Taekwondo at the 2012 Summer Olympics – Women's +67 kg,https://en.wikipedia.org/wiki/Taekwondo_at_the_2012_Summer_Olympics_%E2%80%93_Women%27s_%2B67_kg,Taekwondo,Women's +67kg,2012,Summer,ExCeL Exhibition Centre,2012-08-11,16,16
Q65242174,Athletics at the 2020 Summer Olympics – Men's javelin throw,https://en.wikipedia.org/wiki/Athletics_at_the_2020_Summer_Olympics_%E2%80%93_Men%27s_javelin_throw,Athletics,Men's javelin throw,2020,Summer,Japan National Stadium,2021-08-04,32,22
Q2112865,Cycling at the 1996 Summer Olympics – Women's cross-country,https://en.wikipedia.org/wiki/Cycling_at_the_1996_Summer_Olympics_%E2%80%93_Women%27s_cross-country,Cycling,Women's cross-country,1996,Summer,"Georgia International Horse Park, Conyers",1996-07-30,29,12
Q1575430,Badminton at the 2004 Summer Olympics – Women's singles,https://en.wikipedia.org/wiki/Badminton_at_the_2004_Summer_Olympics_%E2%80%93_Women%27s_singles,Badminton,Women's singles,2004,Summer,Goudi Olympic Hall,2004-08-14,32,21
Q596094,Swimming at the 2008 Summer Olympics – Men's 1500 metre freestyle,https://en.wikipedia.org/wiki/Swimming_at_the_2008_Summer_Olympics_%E2%80%93_Men%27s_1500_metre_freestyle,Swimming,Men's 1500 metre freestyle,2008,Summer,Beijing National Aquatics Center,2008-08-15,37,29
Q107861696,Biathlon at the 2022 Winter Olympics – Men's relay,https://en.wikipedia.org/wiki/Biathlon_at_the_2022_Winter_Olympics_%E2%80%93_Men%27s_relay,Biathlon,Men’s relay,2022,Winter,Hualindong Ski Resort,2022-02-15,84,21
Q2070832,Cycling at the 2012 Summer Olympics – Men's team sprint,https://en.wikipedia.org/wiki/Cycling_at_the_2012_Summer_Olympics_%E2%80%93_Men%27s_team_sprint,Cycling,Men's team sprint cycling,2012,Summer,London Velopark,2012-08-02,30,10
Q107861714,Biathlon at the 2022 Winter Olympics – Women's pursuit,https://en.wikipedia.org/wiki/Biathlon_at_the_2022_Winter_Olympics_%E2%80%93_Women%27s_pursuit,Biathlon,Women’s pursuit,2022,Winter,Hualindong Ski Resort,2022-02-13,57,25
Q47309836,Short-track speed skating at the 2018 Winter Olympics – Women's 500 metres,https://en.wikipedia.org/wiki/Short-track_speed_skating_at_the_2018_Winter_Olympics_%E2%80%93_Women%27s_500_metres,Short-track speed skating,Women’s 500 metres,2018,Winter,"Gangneung Ice Arena Gangneung, South Korea",2018-02-10,32,14
Q584005,Sailing at the 2012 Summer Olympics – Men's RS:X,https://en.wikipedia.org/wiki/Sailing_at_the_2012_Summer_Olympics_%E2%80%93_Men%27s_RS%3AX,Sailing,Men's RS:X,2012,Summer,Weymouth and Portland National Sailing Academy,2012-07-31,38,38
Q517035,Athletics at the 2008 Summer Olympics – Men's discus throw,https://en.wikipedia.org/wiki/Athletics_at_the_2008_Summer_Olympics_%E2%80%93_Men%27s_discus_throw,Athletics,Men's discus throw,2008,Summer,Beijing National Stadium,2008-08-16,37,29
Q1750716,Weightlifting at the 2004 Summer Olympics – Women's 58 kg,https://en.wikipedia.org/wiki/Weightlifting_at_the_2004_Summer_Olympics_%E2%80%93_Women%27s_58_kg,Weightlifting,Women's 58 kg,2004,Summer,Nikaia Olympic Weightlifting Hall,2004-08-16,14,13
Q26212152,Boxing at the 2016 Summer Olympics – Men's bantamweight,https://en.wikipedia.org/wiki/Boxing_at_the_2016_Summer_Olympics_%E2%80%93_Men%27s_bantamweight,Boxing,Men's bantamweight boxing,2016,Summer,Riocentro – Pavilion 6,2016-08-10,28,28
Q1604222,Short-track speed skating at the 2006 Winter Olympics – Women's 1000 metres,https://en.wikipedia.org/wiki/Short-track_speed_skating_at_the_2006_Winter_Olympics_%E2%80%93_Women%27s_1000_metres,Short-track speed skating,Women's 1000 metres,2006,Winter,Torino Palavela,2006-02-22,29,20
Q162056,Badminton at the 2000 Summer Olympics – Mixed doubles,https://en.wikipedia.org/wiki/Badminton_at_the_2000_Summer_Olympics_%E2%80%93_Mixed_doubles,Badminton,Mixed doubles,2000,Summer,"Pavilion 3, Sydney Olympic Park",2000-09-16,27,14
Q107861706,Biathlon at the 2022 Winter Olympics – Women's relay,https://en.wikipedia.org/wiki/Biathlon_at_the_2022_Winter_Olympics_%E2%80%93_Women%27s_relay,Biathlon,Women’s relay,2022,Winter,Hualindong Ski Resort,2022-02-16,80,20
Q7400306,Sailing at the 1992 Summer Olympics – Europe,https://en.wikipedia.org/wiki/Sailing_at_the_1992_Summer_Olympics_%E2%80%93_Europe,Sailing,Europe,1992,Summer,Barcelona,1992-07-27,24,24
Q1084677,Athletics at the 2008 Summer Olympics – Women's 400 metres hurdles,https://en.wikipedia.org/wiki/Athletics_at_the_2008_Summer_Olympics_%E2%80%93_Women%27s_400_metres_hurdles,Athletics,Women's 400 metres hurdles,2008,Summer,Beijing National Stadium,2008-08-17,27,21
Q22964420,Rowing at the 1988 Summer Olympics – Women's coxed four,https://en.wikipedia.org/wiki/Rowing_at_the_1988_Summer_Olympics_%E2%80%93_Women%27s_coxed_four,Rowing,Women's coxed four,1988,Summer,,1988-09-19,55,10
Q107861726,Biathlon at the 2022 Winter Olympics – Women's mass start,https://en.wikipedia.org/wiki/Biathlon_at_the_2022_Winter_Olympics_%E2%80%93_Women%27s_mass_start,Biathlon,Women’s mass start,2022,Winter,Hualindong Ski Resort,2022-02-18,30,15
Q733026,Athletics at the 1992 Summer Olympics – Men's 1500 metres,https://en.wikipedia.org/wiki/Athletics_at_the_1992_Summer_Olympics_%E2%80%93_Men%27s_1500_metres,Athletics,Men's 1500 metres,1992,Summer,Estadi Olímpic de Montjuïc,1992-08-03,51,40
Q1534918,Alpine skiing at the 1992 Winter Olympics – Men's super-G,https://en.wikipedia.org/wiki/Alpine_skiing_at_the_1992_Winter_Olympics_%E2%80%93_Men%27s_super-G,Alpine skiing,Men's super-G,1992,Winter,Val-d'Isère,1992-02-16,118,43
Q25863624,Swimming at the 2016 Summer Olympics – Men's 50 metre freestyle,https://en.wikipedia.org/wiki/Swimming_at_the_2016_Summer_Olympics_%E2%80%93_Men%27s_50_metre_freestyle,Swimming,Men's 50 metre freestyle,2016,Summer,Olympic Aquatics Stadium,2016-08-11,85,72
Q259965,Ski jumping at the 2010 Winter Olympics – Large hill individual,https://en.wikipedia.org/wiki/Ski_jumping_at_the_2010_Winter_Olympics_%E2%80%93_Large_hill_individual,Ski jumping,Men's large hill individual,2010,Winter,Whistler Olympic Park,2010-02-19,61,18
Q7400309,Sailing at the 1992 Summer Olympics – Men's Lechner A-390,https://en.wikipedia.org/wiki/Sailing_at_the_1992_Summer_Olympics_%E2%80%93_Men%27s_Lechner_A-390,Sailing,Lechner A-390 Men's,1992,Summer,Barcelona,1992-07-27,45,45
Q16953154,Boxing at the 1996 Summer Olympics – Light heavyweight,https://en.wikipedia.org/wiki/Boxing_at_the_1996_Summer_Olympics_%E2%80%93_Light_heavyweight,Boxing,Light heavyweight boxing,1996,Summer,Alexander Memorial Coliseum,1996-07-24,31,31
Q2072744,Wrestling at the 1992 Summer Olympics – Men's freestyle 48 kg,https://en.wikipedia.org/wiki/Wrestling_at_the_1992_Summer_Olympics_%E2%80%93_Men%27s_freestyle_48_kg,Wrestling,Men's freestyle 48 kg,1992,Summer,Institut Nacional d'Educació Física de Catalunya,1992-08-04,19,19
Q609385,Rowing at the 2008 Summer Olympics – Women's coxless pair,https://en.wikipedia.org/wiki/Rowing_at_the_2008_Summer_Olympics_%E2%80%93_Women%27s_coxless_pair,Rowing,Women's coxless pair,2008,Summer,,,,
Q26217896,Judo at the 2016 Summer Olympics – Women's 78 kg,https://en.wikipedia.org/wiki/Judo_at_the_2016_Summer_Olympics_%E2%80%93_Women%27s_78_kg,Judo,Women's 78 kg,2016,Summer,Carioca Arena 2,2016-08-11,18,18
Q19819174,Equestrian at the 1992 Summer Olympics – Individual eventing,https://en.wikipedia.org/wiki/Equestrian_at_the_1992_Summer_Olympics_%E2%80%93_Individual_eventing,Equestrian,Individual eventing,1992,Summer,"Club Hípic El Montanyà, Real Club de Polo de Barcelona",1992-07-28,82,25
Q47309990,Short-track speed skating at the 2018 Winter Olympics – Men's 5000 metre relay,https://en.wikipedia.org/wiki/Short-track_speed_skating_at_the_2018_Winter_Olympics_%E2%80%93_Men%27s_5000_metre_relay,Short-track speed skating,Men’s 5000 metre relay,2018,Winter,"Gangneung Ice ArenaGangneung, South Korea",2018-02-13,34,8
Q25991461,Swimming at the 2016 Summer Olympics – Women's 100 metre breaststroke,https://en.wikipedia.org/wiki/Swimming_at_the_2016_Summer_Olympics_%E2%80%93_Women%27s_100_metre_breaststroke,Swimming,Women's 100 metre breaststroke,2016,Summer,Olympic Aquatics Stadium,2016-08-07,44,35
Q1094686,Swimming at the 2008 Summer Olympics – Women's 100 metre breaststroke,https://en.wikipedia.org/wiki/Swimming_at_the_2008_Summer_Olympics_%E2%80%93_Women%27s_100_metre_breaststroke,Swimming,Women's 100 metre breaststroke,2008,Summer,Beijing National Aquatics Center,2008-08-10,49,39
Q2096231,Wrestling at the 2012 Summer Olympics – Women's freestyle 55 kg,https://en.wikipedia.org/wiki/Wrestling_at_the_2012_Summer_Olympics_%E2%80%93_Women%27s_freestyle_55_kg,Wrestling,Women's freestyle 55 kg,2012,Summer,ExCeL London,2012-08-09,19,19
Q26155830,Weightlifting at the 2016 Summer Olympics – Women's 53 kg,https://en.wikipedia.org/wiki/Weightlifting_at_the_2016_Summer_Olympics_%E2%80%93_Women%27s_53_kg,Weightlifting,Women's 53 kg,2016,Summer,Riocentro,2016-08-07,13,13
Q26218598,Judo at the 2016 Summer Olympics – Women's 63 kg,https://en.wikipedia.org/wiki/Judo_at_the_2016_Summer_Olympics_%E2%80%93_Women%27s_63_kg,Judo,Women's 63 kg,2016,Summer,Carioca Arena 2,2016-08-09,26,26
Q26212155,Boxing at the 2016 Summer Olympics – Men's super heavyweight,https://en.wikipedia.org/wiki/Boxing_at_the_2016_Summer_Olympics_%E2%80%93_Men%27s_super_heavyweight,Boxing,Men's super heavyweight boxing,2016,Summer,Riocentro – Pavilion 6,2016-08-09,18,18
Q26155834,Golf at the 2016 Summer Olympics – Women's individual,https://en.wikipedia.org/wiki/Golf_at_the_2016_Summer_Olympics_%E2%80%93_Women%27s_individual,Golf,Women's golf,2016,Summer,Olympic Golf Course,2016-08-17,60,34
Q2570158,Fencing at the 2008 Summer Olympics – Men's foil,https://en.wikipedia.org/wiki/Fencing_at_the_2008_Summer_Olympics_%E2%80%93_Men%27s_foil,Fencing,Men's foil,2008,Summer,Olympic Green Convention Centre,2008-08-13,26,21
Q25991459,Swimming at the 2016 Summer Olympics – Women's 100 metre backstroke,https://en.wikipedia.org/wiki/Swimming_at_the_2016_Summer_Olympics_%E2%80%93_Women%27s_100_metre_backstroke,Swimming,Women's 100 metre backstroke,2016,Summer,Olympic Aquatics Stadium,2016-08-07,34,28
Q7400308,Sailing at the 1992 Summer Olympics – Finn,https://en.wikipedia.org/wiki/Sailing_at_the_1992_Summer_Olympics_%E2%80%93_Finn,Sailing,Finn Men's,1992,Summer,Barcelona,1992-07-27,29,29
Q1067772,Swimming at the 2012 Summer Olympics – Women's 400 metre individual medley,https://en.wikipedia.org/wiki/Swimming_at_the_2012_Summer_Olympics_%E2%80%93_Women%27s_400_metre_individual_medley,Swimming,Women's 400 metre individual medley,2012,Summer,London Aquatics Centre,2012-07-28,36,29
Q1750578,Weightlifting at the 2004 Summer Olympics – Women's 53 kg,https://en.wikipedia.org/wiki/Weightlifting_at_the_2004_Summer_Olympics_%E2%80%93_Women%27s_53_kg,Weightlifting,Women's 53 kg,2004,Summer,Nikaia Olympic Weightlifting Hall,2004-08-15,8,8
Q107861699,Biathlon at the 2022 Winter Olympics – Men's sprint,https://en.wikipedia.org/wiki/Biathlon_at_the_2022_Winter_Olympics_%E2%80%93_Men%27s_sprint,Biathlon,Men’s sprint,2022,Winter,Hualindong Ski Resort,2022-02-12,94,28
Q107861710,Biathlon at the 2022 Winter Olympics – Women's sprint,https://en.wikipedia.org/wiki/Biathlon_at_the_2022_Winter_Olympics_%E2%80%93_Women%27s_sprint,Biathlon,Women’s sprint,2022,Winter,Hualindong Ski Resort,2022-02-11,89,29
Q26212161,Judo at the 2016 Summer Olympics – Women's 52 kg,https://en.wikipedia.org/wiki/Judo_at_the_2016_Summer_Olympics_%E2%80%93_Women%27s_52_kg,Judo,Women's 52 kg,2016,Summer,Carioca Arena 2,2016-08-07,22,22
Q1193982,Swimming at the 2008 Summer Olympics – Women's 100 metre backstroke,https://en.wikipedia.org/wiki/Swimming_at_the_2008_Summer_Olympics_%E2%80%93_Women%27s_100_metre_backstroke,Swimming,Women's 100 metre backstroke,2008,Summer,Beijing National Aquatics Center,2008-08-10,49,38
Q635823,Snowboarding at the 2010 Winter Olympics – Men's parallel giant slalom,https://en.wikipedia.org/wiki/Snowboarding_at_the_2010_Winter_Olympics_%E2%80%93_Men%27s_parallel_giant_slalom,Snowboarding,Men's parallel giant slalom,2010,Winter,Cypress Mountain,2010-02-27,30,15
Q2201769,Athletics at the 2004 Summer Olympics – Men's long jump,https://en.wikipedia.org/wiki/Athletics_at_the_2004_Summer_Olympics_%E2%80%93_Men%27s_long_jump,Athletics,Men's long jump,2004,Summer,Athens Olympic Stadium,2004-08-24,40,30
Q7371997,Rowing at the 2000 Summer Olympics – Men's coxless pair,https://en.wikipedia.org/wiki/Rowing_at_the_2000_Summer_Olympics_%E2%80%93_Men%27s_coxless_pair,Rowing,Men's coxless pair,2000,Summer,Sydney International Regatta Centre,2000-09-17,30,15
Q1005685,Taekwondo at the 2008 Summer Olympics – Men's 68 kg,https://en.wikipedia.org/wiki/Taekwondo_at_the_2008_Summer_Olympics_%E2%80%93_Men%27s_68_kg,Taekwondo,Men's 68 kg,2008,Summer,Beijing Science and Technology University Gymnasium,2008-08-21,16,16
Q2564420,Sailing at the 2008 Summer Olympics – Men's 470,https://en.wikipedia.org/wiki/Sailing_at_the_2008_Summer_Olympics_%E2%80%93_Men%27s_470,Sailing,Men's 470,2008,Summer,Qingdao International Sailing Centre,,58,29
Q586729,Speed skating at the 2010 Winter Olympics – Women's 1500 metres,https://en.wikipedia.org/wiki/Speed_skating_at_the_2010_Winter_Olympics_%E2%80%93_Women%27s_1500_metres,Speed skating,Women's 1500 metres,2010,Winter,Richmond Olympic Oval,2010-02-21,36,14
Q22964419,Rowing at the 1988 Summer Olympics – Women's double sculls,https://en.wikipedia.org/wiki/Rowing_at_the_1988_Summer_Olympics_%E2%80%93_Women%27s_double_sculls,Rowing,Women's double sculls,1988,Summer,,1988-09-19,21,10
Q26218466,Judo at the 2016 Summer Olympics – Men's +100 kg,https://en.wikipedia.org/wiki/Judo_at_the_2016_Summer_Olympics_%E2%80%93_Men%27s_%2B100_kg,Judo,Men's +100 kg,2016,Summer,Carioca Arena 2,2016-08-12,31,31
Q22964425,Rowing at the 1988 Summer Olympics – Men's double sculls,https://en.wikipedia.org/wiki/Rowing_at_the_1988_Summer_Olympics_%E2%80%93_Men%27s_double_sculls,Rowing,Men's double sculls,1988,Summer,,1988-09-19,34,17
Q26215191,Athletics at the 2016 Summer Olympics – Men's triple jump,https://en.wikipedia.org/wiki/Athletics_at_the_2016_Summer_Olympics_%E2%80%93_Men%27s_triple_jump,Athletics,Men's triple jump,2016,Summer,Olympic Stadium,2016-08-15,48,34
Q26155829,Weightlifting at the 2016 Summer Olympics – Women's 48 kg,https://en.wikipedia.org/wiki/Weightlifting_at_the_2016_Summer_Olympics_%E2%80%93_Women%27s_48_kg,Weightlifting,Women's 48 kg,2016,Summer,Riocentro,2016-08-06,12,12
Q1075735,Modern pentathlon at the 2008 Summer Olympics – Women's,https://en.wikipedia.org/wiki/Modern_pentathlon_at_the_2008_Summer_Olympics_%E2%80%93_Women%27s,Modern pentathlon,Women's modern pentathlon,2008,Summer,Olympic Green Convention Center (shooting and fencing)Ying Tung Natatorium (swimming)Olympic Sports Center Stadium (riding and running),2008-08-22,32,20
Q1193966,Swimming at the 2008 Summer Olympics – Women's 100 metre butterfly,https://en.wikipedia.org/wiki/Swimming_at_the_2008_Summer_Olympics_%E2%80%93_Women%27s_100_metre_butterfly,Swimming,Women's 100 metre butterfly,2008,Summer,Beijing National Aquatics Center,2008-08-09,49,38
Q26217865,Judo at the 2016 Summer Olympics – Women's 57 kg,https://en.wikipedia.org/wiki/Judo_at_the_2016_Summer_Olympics_%E2%80%93_Women%27s_57_kg,Judo,Women's 57 kg,2016,Summer,Carioca Arena 2,2016-08-08,23,23
Q1156715,Fencing at the 2012 Summer Olympics – Women's sabre,https://en.wikipedia.org/wiki/Fencing_at_the_2012_Summer_Olympics_%E2%80%93_Women%27s_sabre,Fencing,Women's sabre,2012,Summer,ExCeL Exhibition Centre,2012-08-01,32,24
Q662887,Freestyle skiing at the 2006 Winter Olympics – Women's aerials,https://en.wikipedia.org/wiki/Freestyle_skiing_at_the_2006_Winter_Olympics_%E2%80%93_Women%27s_aerials,Freestyle skiing,Women's aerials,2006,Winter,Sauze d'Oulx,2006-02-21,23,9
Q1439291,Athletics at the 2004 Summer Olympics – Men's 5000 metres,https://en.wikipedia.org/wiki/Athletics_at_the_2004_Summer_Olympics_%E2%80%93_Men%27s_5000_metres,Athletics,Men's 5000 metres,2004,Summer,Athens Olympic Stadium,2004-08-25,36,22
Q580481,Speed skating at the 2010 Winter Olympics – Women's 3000 metres,https://en.wikipedia.org/wiki/Speed_skating_at_the_2010_Winter_Olympics_%E2%80%93_Women%27s_3000_metres,Speed skating,Women's 3000 metres,2010,Winter,Richmond Olympic Oval,2010-02-14,28,13
Q1131387,Equestrian at the 2008 Summer Olympics – Individual jumping,https://en.wikipedia.org/wiki/Equestrian_at_the_2008_Summer_Olympics_%E2%80%93_Individual_jumping,Equestrian,Individual jumping,2008,Summer,Hong Kong Sports Institute,2008-08-15,77,29
Q2070058,Boxing at the 2012 Summer Olympics – Women's flyweight,https://en.wikipedia.org/wiki/Boxing_at_the_2012_Summer_Olympics_%E2%80%93_Women%27s_flyweight,Boxing,Women's flyweight boxing,2012,Summer,ExCeL Exhibition Centre,2012-08-05,12,12
Q65235532,Judo at the 2020 Summer Olympics – Men's +100 kg,https://en.wikipedia.org/wiki/Judo_at_the_2020_Summer_Olympics_%E2%80%93_Men%27s_%2B100_kg,Judo,Men's +100 kg,2020,Summer,Nippon Budokan,2021-07-30,,
Q7400302,Sailing at the 1988 Summer Olympics – Tornado,https://en.wikipedia.org/wiki/Sailing_at_the_1988_Summer_Olympics_%E2%80%93_Tornado,Sailing,Tornado,1988,Summer,Busan부산釜山,1988-09-20,47,23
Q1997032,Weightlifting at the 2012 Summer Olympics – Women's 75 kg,https://en.wikipedia.org/wiki/Weightlifting_at_the_2012_Summer_Olympics_%E2%80%93_Women%27s_75_kg,Weightlifting,Women's 75 kg,2012,Summer,ExCeL London,2012-08-03,13,12
Q7372007,Rowing at the 2000 Summer Olympics – Women's double sculls,https://en.wikipedia.org/wiki/Rowing_at_the_2000_Summer_Olympics_%E2%80%93_Women%27s_double_sculls,Rowing,Women's double sculls,2000,Summer,Sydney International Regatta Centre,2000-09-17,20,10
Q1750591,Weightlifting at the 2004 Summer Olympics – Women's 75 kg,https://en.wikipedia.org/wiki/Weightlifting_at_the_2004_Summer_Olympics_%E2%80%93_Women%27s_75_kg,Weightlifting,Women's 75 kg,2004,Summer,Nikaia Olympic Weightlifting Hall,2004-08-19,16,15
Q26212162,Judo at the 2016 Summer Olympics – Women's 48 kg,https://en.wikipedia.org/wiki/Judo_at_the_2016_Summer_Olympics_%E2%80%93_Women%27s_48_kg,Judo,Women's 48 kg,2016,Summer,Carioca Arena 2,2016-08-06,23,23
Q610603,Biathlon at the 2010 Winter Olympics – Men's sprint,https://en.wikipedia.org/wiki/Biathlon_at_the_2010_Winter_Olympics_%E2%80%93_Men%27s_sprint,Biathlon,Men's sprint,2010,Winter,Whistler Olympic Park,2010-02-14,88,32
Q26218320,Equestrian at the 2016 Summer Olympics – Team eventing,https://en.wikipedia.org/wiki/Equestrian_at_the_2016_Summer_Olympics_%E2%80%93_Team_eventing,Equestrian,Team eventing,2016,Summer,National Equestrian Center,2016-08-06,51,13
Q2022215,Badminton at the 2000 Summer Olympics – Women's doubles,https://en.wikipedia.org/wiki/Badminton_at_the_2000_Summer_Olympics_%E2%80%93_Women%27s_doubles,Badminton,Women's doubles,2000,Summer,"Pavilion 3, Sydney Olympic Park",2000-09-16,26,17
Q1750587,Weightlifting at the 2004 Summer Olympics – Women's 69 kg,https://en.wikipedia.org/wiki/Weightlifting_at_the_2004_Summer_Olympics_%E2%80%93_Women%27s_69_kg,Weightlifting,Women's 69 kg,2004,Summer,Nikaia Olympic Weightlifting Hall,2004-08-19,11,10
Q664418,Speed skating at the 2006 Winter Olympics – Women's 5000 metres,https://en.wikipedia.org/wiki/Speed_skating_at_the_2006_Winter_Olympics_%E2%80%93_Women%27s_5000_metres,Speed skating,Women's 5000 metres,2006,Winter,Oval Lingotto,2006-02-25,16,10
Q634029,Rowing at the 2008 Summer Olympics – Men's coxless four,https://en.wikipedia.org/wiki/Rowing_at_the_2008_Summer_Olympics_%E2%80%93_Men%27s_coxless_four,Rowing,Men's coxless four,2008,Summer,,,,
Q1067383,Archery at the 2012 Summer Olympics – Women's team,https://en.wikipedia.org/wiki/Archery_at_the_2012_Summer_Olympics_%E2%80%93_Women%27s_team,Archery,Women's team,2012,Summer,Lord's Cricket Ground,2012-07-27,36,12
Q25932075,Swimming at the 2016 Summer Olympics – Women's 800 metre freestyle,https://en.wikipedia.org/wiki/Swimming_at_the_2016_Summer_Olympics_%E2%80%93_Women%27s_800_metre_freestyle,Swimming,Women's 800 metre freestyle,2016,Summer,Olympic Aquatics Stadium,2016-08-11,30,21
Q26212145,Weightlifting at the 2016 Summer Olympics – Men's 94 kg,https://en.wikipedia.org/wiki/Weightlifting_at_the_2016_Summer_Olympics_%E2%80%93_Men%27s_94_kg,Weightlifting,Men's 94 kg,2016,Summer,Riocentro,2016-08-13,20,17
Q20670790,Synchronized swimming at the 1992 Summer Olympics – Women's solo,https://en.wikipedia.org/wiki/Synchronized_swimming_at_the_1992_Summer_Olympics_%E2%80%93_Women%27s_solo,Synchronized swimming,Women's solo,1992,Summer,Piscines Bernat Picornell,1992-08-02,53,22
Q26212151,Boxing at the 2016 Summer Olympics – Men's light welterweight,https://en.wikipedia.org/wiki/Boxing_at_the_2016_Summer_Olympics_%E2%80%93_Men%27s_light_welterweight,Boxing,Men's light welterweight boxing,2016,Summer,Riocentro – Pavilion 6,2016-08-10,28,28
Q26218274,Equestrian at the 2016 Summer Olympics – Individual eventing,https://en.wikipedia.org/wiki/Equestrian_at_the_2016_Summer_Olympics_%E2%80%93_Individual_eventing,Equestrian,Individual eventing,2016,Summer,National Equestrian Center,2016-08-06,65,24
Q1750595,Weightlifting at the 2004 Summer Olympics – Men's 85 kg,https://en.wikipedia.org/wiki/Weightlifting_at_the_2004_Summer_Olympics_%E2%80%93_Men%27s_85_kg,Weightlifting,Men's 85 kg,2004,Summer,Nikaia Olympic Weightlifting Hall,2004-08-21,21,19
Q26219847,Judo at the 2016 Summer Olympics – Men's 100 kg,https://en.wikipedia.org/wiki/Judo_at_the_2016_Summer_Olympics_%E2%80%93_Men%27s_100_kg,Judo,Men's 100 kg,2016,Summer,Carioca Arena 2,2016-08-11,34,34
Q651065,Wrestling at the 2008 Summer Olympics – Women's freestyle 72 kg,https://en.wikipedia.org/wiki/Wrestling_at_the_2008_Summer_Olympics_%E2%80%93_Women%27s_freestyle_72_kg,Wrestling,Women's freestyle 72 kg,2008,Summer,China Agricultural University Gymnasium,2008-08-17,16,16
Q107861704,Biathlon at the 2022 Winter Olympics – Men's pursuit,https://en.wikipedia.org/wiki/Biathlon_at_the_2022_Winter_Olympics_%E2%80%93_Men%27s_pursuit,Biathlon,Men’s pursuit,2022,Winter,Hualindong Ski Resort,2022-02-13,59,22
Q1439276,Athletics at the 2004 Summer Olympics – Men's javelin throw,https://en.wikipedia.org/wiki/Athletics_at_the_2004_Summer_Olympics_%E2%80%93_Men%27s_javelin_throw,Athletics,Men's javelin throw,2004,Summer,Olympic Stadium,2004-08-26,34,23
Q25991448,Swimming at the 2016 Summer Olympics – Men's 1500 metre freestyle,https://en.wikipedia.org/wiki/Swimming_at_the_2016_Summer_Olympics_%E2%80%93_Men%27s_1500_metre_freestyle,Swimming,Men's 1500 metre freestyle,2016,Summer,Olympic Aquatics Stadium,2016-08-12,46,32
Q7400297,Sailing at the 1988 Summer Olympics – Men's Division II,https://en.wikipedia.org/wiki/Sailing_at_the_1988_Summer_Olympics_%E2%80%93_Men%27s_Division_II,Sailing,Division II class,1988,Summer,Busan부산釜山,1988-09-20,45,45
Q1137646,Fencing at the 2012 Summer Olympics – Women's foil,https://en.wikipedia.org/wiki/Fencing_at_the_2012_Summer_Olympics_%E2%80%93_Women%27s_foil,Fencing,Women's foil,2012,Summer,ExCeL Exhibition Centre,2012-07-28,38,20
Q735299,Nordic combined at the 2002 Winter Olympics – Team,https://en.wikipedia.org/wiki/Nordic_combined_at_the_2002_Winter_Olympics_%E2%80%93_Team,Nordic combined,Team,2002,Winter,Park City (ski jumping)Soldier Hollow (cross-country skiing),2002-02-16,40,10
Q22964429,Rowing at the 1988 Summer Olympics – Men's coxed pair,https://en.wikipedia.org/wiki/Rowing_at_the_1988_Summer_Olympics_%E2%80%93_Men%27s_coxed_pair,Rowing,Men's coxed pair,1988,Summer,Misari Regatta,1988-09-20,42,14
Q26219831,Judo at the 2016 Summer Olympics – Men's 90 kg,https://en.wikipedia.org/wiki/Judo_at_the_2016_Summer_Olympics_%E2%80%93_Men%27s_90_kg,Judo,Men's 90 kg,2016,Summer,Carioca Arena 2,2016-08-10,35,35
Q25927634,Swimming at the 2016 Summer Olympics – Men's 100 metre freestyle,https://en.wikipedia.org/wiki/Swimming_at_the_2016_Summer_Olympics_%E2%80%93_Men%27s_100_metre_freestyle,Swimming,Men's 100 metre freestyle,2016,Summer,Olympic Aquatics Stadium,2016-08-09,59,46
Q15056264,Boxing at the 2004 Summer Olympics – Featherweight,https://en.wikipedia.org/wiki/Boxing_at_the_2004_Summer_Olympics_%E2%80%93_Featherweight,Boxing,Featherweight boxing,2004,Summer,Peristeri Olympic Boxing Hall,2004-08-16,28,28
Q1092809,Weightlifting at the 2008 Summer Olympics – Women's 53 kg,https://en.wikipedia.org/wiki/Weightlifting_at_the_2008_Summer_Olympics_%E2%80%93_Women%27s_53_kg,Weightlifting,Women's 53 kg,2008,Summer,Beihang University Gymnasium,2008-08-10,9,9
Q65242345,Tennis at the 2020 Summer Olympics – Men's singles,https://en.wikipedia.org/wiki/Tennis_at_the_2020_Summer_Olympics_%E2%80%93_Men%27s_singles,Tennis,Men's singles,2020,Summer,Ariake Coliseum,2021-07-24,64,31
Q25991456,Swimming at the 2016 Summer Olympics – Men's 4 × 100 metre freestyle relay,https://en.wikipedia.org/wiki/Swimming_at_the_2016_Summer_Olympics_%E2%80%93_Men%27s_4_%C3%97_100_metre_freestyle_relay,Swimming,Men's 4 × 100 metre freestyle relay,2016,Summer,Olympic Aquatics Stadium,2016-08-07,73,16
Q2562124,Table tennis at the 2008 Summer Olympics – Men's singles,https://en.wikipedia.org/wiki/Table_tennis_at_the_2008_Summer_Olympics_%E2%80%93_Men%27s_singles,Table tennis,Table tennis – Men's singles,2008,Summer,Peking University Gymnasium,2008-08-19,77,44
Q26205999,Boxing at the 2016 Summer Olympics – Men's flyweight,https://en.wikipedia.org/wiki/Boxing_at_the_2016_Summer_Olympics_%E2%80%93_Men%27s_flyweight,Boxing,Men's flyweight boxing,2016,Summer,Riocentro – Pavilion 6,2016-08-13,26,26
Q26213160,Canoeing at the 2016 Summer Olympics – Men's slalom K-1,https://en.wikipedia.org/wiki/Canoeing_at_the_2016_Summer_Olympics_%E2%80%93_Men%27s_slalom_K-1,Canoeing,Men's canoe slalom K-1,2016,Summer,Olympic Whitewater Stadium,2016-08-07,21,21
Q1065640,Weightlifting at the 2008 Summer Olympics – Women's +75 kg,https://en.wikipedia.org/wiki/Weightlifting_at_the_2008_Summer_Olympics_%E2%80%93_Women%27s_%2B75_kg,Weightlifting,Women's +75 kg,2008,Summer,Beihang University Gymnasium,2008-08-16,11,10
Q26212149,Weightlifting at the 2016 Summer Olympics – Men's 62 kg,https://en.wikipedia.org/wiki/Weightlifting_at_the_2016_Summer_Olympics_%E2%80%93_Men%27s_62_kg,Weightlifting,Men's 62 kg,2016,Summer,Riocentro,2016-08-08,17,15
Q1094667,Swimming at the 2008 Summer Olympics – Women's 50 metre freestyle,https://en.wikipedia.org/wiki/Swimming_at_the_2008_Summer_Olympics_%E2%80%93_Women%27s_50_metre_freestyle,Swimming,Women's 50 metre freestyle,2008,Summer,Beijing National Aquatics Center,2008-08-15,92,83
Q722895,Shooting at the 2004 Summer Olympics – Men's 10 metre running target,https://en.wikipedia.org/wiki/Shooting_at_the_2004_Summer_Olympics_%E2%80%93_Men%27s_10_metre_running_target,Shooting,Men's 10 metre running target,2004,Summer,Markópoulo Olympic ShootingCentre,2004-08-18,19,12
Q65242359,Triathlon at the 2020 Summer Olympics – Women's,https://en.wikipedia.org/wiki/Triathlon_at_the_2020_Summer_Olympics_%E2%80%93_Women%27s,Triathlon,Women's triathlon,2020,Summer,"Odaiba Marine Park, Tokyo",2021-07-27,55,31
Q26037184,Boxing at the 2016 Summer Olympics – Men's light flyweight,https://en.wikipedia.org/wiki/Boxing_at_the_2016_Summer_Olympics_%E2%80%93_Men%27s_light_flyweight,Boxing,Men's light flyweight boxing,2016,Summer,Riocentro – Pavilion 6,2016-08-06,22,22
Q7400305,Sailing at the 1992 Summer Olympics – Star,https://en.wikipedia.org/wiki/Sailing_at_the_1992_Summer_Olympics_%E2%80%93_Star,Sailing,Star,1992,Summer,Barcelona,1992-07-27,52,26
Q548072,Snowboarding at the 2010 Winter Olympics – Women's snowboard cross,https://en.wikipedia.org/wiki/Snowboarding_at_the_2010_Winter_Olympics_%E2%80%93_Women%27s_snowboard_cross,Snowboarding,Women's snowboard cross,2010,Winter,Cypress Mountain,2010-02-16,24,13
Q730927,Cross-country skiing at the 2006 Winter Olympics – Women's team sprint,https://en.wikipedia.org/wiki/Cross-country_skiing_at_the_2006_Winter_Olympics_%E2%80%93_Women%27s_team_sprint,Cross-country skiing,Women's team sprint,2006,Winter,Pragelato,2006-02-14,32,16
Q65235526,Judo at the 2020 Summer Olympics – Men's 90 kg,https://en.wikipedia.org/wiki/Judo_at_the_2020_Summer_Olympics_%E2%80%93_Men%27s_90_kg,Judo,Men's 90 kg,2020,Summer,Nippon Budokan,2021-07-28,,
Q26218608,Boxing at the 2016 Summer Olympics – Women's flyweight,https://en.wikipedia.org/wiki/Boxing_at_the_2016_Summer_Olympics_%E2%80%93_Women%27s_flyweight,Boxing,Women's flyweight boxing,2016,Summer,Riocentro – Pavilion 6,2016-08-12,12,12
Q65242331,Tennis at the 2020 Summer Olympics – Women's doubles,https://en.wikipedia.org/wiki/Tennis_at_the_2020_Summer_Olympics_%E2%80%93_Women%27s_doubles,Tennis,Women's doubles,2020,Summer,Ariake Coliseum,2021-07-24,32,23
Q1570183,Badminton at the 1992 Summer Olympics – Men's singles,https://en.wikipedia.org/wiki/Badminton_at_the_1992_Summer_Olympics_%E2%80%93_Men%27s_singles,Badminton,Men's singles,1992,Summer,Pavelló de la Mar Bella,1992-07-28,56,32
Q1750579,Weightlifting at the 2004 Summer Olympics – Men's 94 kg,https://en.wikipedia.org/wiki/Weightlifting_at_the_2004_Summer_Olympics_%E2%80%93_Men%27s_94_kg,Weightlifting,Men's 94 kg,2004,Summer,Nikaia Olympic Weightlifting Hall,2004-08-23,25,18
Q65235557,Judo at the 2020 Summer Olympics – Women's 63 kg,https://en.wikipedia.org/wiki/Judo_at_the_2020_Summer_Olympics_%E2%80%93_Women%27s_63_kg,Judo,Women's 63 kg,2020,Summer,Nippon Budokan,2021-07-27,,
Q22964435,Rowing at the 1992 Summer Olympics – Women's quadruple sculls,https://en.wikipedia.org/wiki/Rowing_at_the_1992_Summer_Olympics_%E2%80%93_Women%27s_quadruple_sculls,Rowing,Women's quadruple sculls,1992,Summer,,1992-07-28,36,9
Q26208316,Boxing at the 2016 Summer Olympics – Men's welterweight,https://en.wikipedia.org/wiki/Boxing_at_the_2016_Summer_Olympics_%E2%80%93_Men%27s_welterweight,Boxing,Men's welterweight boxing,2016,Summer,Riocentro – Pavilion 6,2016-08-07,28,28
Q734997,Tennis at the 2004 Summer Olympics – Men's singles,https://en.wikipedia.org/wiki/Tennis_at_the_2004_Summer_Olympics_%E2%80%93_Men%27s_singles,Tennis,Men's singles tennis,2004,Summer,"Athens Olympic Tennis Centre, Athens",2004-08-15,64,32
Q614894,Short-track speed skating at the 2010 Winter Olympics – Women's 1000 metres,https://en.wikipedia.org/wiki/Short-track_speed_skating_at_the_2010_Winter_Olympics_%E2%80%93_Women%27s_1000_metres,Short-track speed skating,Women's 1000 metres,2010,Winter,Pacific Coliseum,2010-02-24,32,18
Q1750583,Weightlifting at the 2004 Summer Olympics – Men's 105 kg,https://en.wikipedia.org/wiki/Weightlifting_at_the_2004_Summer_Olympics_%E2%80%93_Men%27s_105_kg,Weightlifting,Men's 105 kg,2004,Summer,Nikaia Olympic Weightlifting Hall,2004-08-24,22,19
Q26208513,Boxing at the 2016 Summer Olympics – Men's light heavyweight,https://en.wikipedia.org/wiki/Boxing_at_the_2016_Summer_Olympics_%E2%80%93_Men%27s_light_heavyweight,Boxing,Men's light heavyweight boxing,2016,Summer,Riocentro – Pavilion 6,2016-08-06,26,26
Q599412,Fencing at the 2012 Summer Olympics – Men's sabre,https://en.wikipedia.org/wiki/Fencing_at_the_2012_Summer_Olympics_%E2%80%93_Men%27s_sabre,Fencing,Men's sabre,2012,Summer,ExCeL London Exhibition Centre,2012-07-29,37,21
Q25991447,Swimming at the 2016 Summer Olympics – Men's 100 metre backstroke,https://en.wikipedia.org/wiki/Swimming_at_the_2016_Summer_Olympics_%E2%80%93_Men%27s_100_metre_backstroke,Swimming,Men's 100 metre backstroke,2016,Summer,Olympic Aquatics Stadium,2016-08-07,39,32
Q26219849,Taekwondo at the 2016 Summer Olympics – Men's 68 kg,https://en.wikipedia.org/wiki/Taekwondo_at_the_2016_Summer_Olympics_%E2%80%93_Men%27s_68_kg,Taekwondo,Men's 68 kg,2016,Summer,Carioca Arena 3,2016-08-18,16,16
Q25991455,Swimming at the 2016 Summer Olympics – Men's 400 metre individual medley,https://en.wikipedia.org/wiki/Swimming_at_the_2016_Summer_Olympics_%E2%80%93_Men%27s_400_metre_individual_medley,Swimming,Men's 400 metre individual medley,2016,Summer,Olympic Aquatics Stadium,2016-08-06,27,20
Q17063526,Swimming at the 1988 Summer Olympics – Men's 100 metre breaststroke,https://en.wikipedia.org/wiki/Swimming_at_the_1988_Summer_Olympics_%E2%80%93_Men%27s_100_metre_breaststroke,Swimming,Men's 100 metre breaststroke,1988,Summer,Jamsil Indoor Swimming Pool,1988-09-18,62,47
Q581788,Tennis at the 2012 Summer Olympics – Men's singles,https://en.wikipedia.org/wiki/Tennis_at_the_2012_Summer_Olympics_%E2%80%93_Men%27s_singles,Tennis,Men's singles tennis,2012,Summer,"All England Club, Wimbledon",2012-07-28,64,34
Q588440,Equestrian at the 2012 Summer Olympics – Team jumping,https://en.wikipedia.org/wiki/Equestrian_at_the_2012_Summer_Olympics_%E2%80%93_Team_jumping,Equestrian,Team jumping,2012,Summer,Greenwich Park,2012-08-04,60,15
Q260204,Taekwondo at the 2008 Summer Olympics – Women's 67 kg,https://en.wikipedia.org/wiki/Taekwondo_at_the_2008_Summer_Olympics_%E2%80%93_Women%27s_67_kg,Taekwondo,Women's 67 kg,2008,Summer,Beijing Science and Technology University Gymnasium,2008-08-22,16,16
Q25991464,Swimming at the 2016 Summer Olympics – Women's 200 metre butterfly,https://en.wikipedia.org/wiki/Swimming_at_the_2016_Summer_Olympics_%E2%80%93_Women%27s_200_metre_butterfly,Swimming,Women's 200 metre butterfly,2016,Summer,Olympic Aquatics Stadium,2016-08-09,28,20
Q7371994,Rowing at the 1992 Summer Olympics – Men's single sculls,https://en.wikipedia.org/wiki/Rowing_at_the_1992_Summer_Olympics_%E2%80%93_Men%27s_single_sculls,Rowing,Men's single sculls,1992,Summer,Lake of Banyoles,1992-07-27,22,22
Q26217860,Table tennis at the 2016 Summer Olympics – Women's team,https://en.wikipedia.org/wiki/Table_tennis_at_the_2016_Summer_Olympics_%E2%80%93_Women%27s_team,Table tennis,Women's team table tennis,2016,Summer,Riocentro – Pavilion 3,2016-08-12,48,16
Q26218599,Judo at the 2016 Summer Olympics – Women's +78 kg,https://en.wikipedia.org/wiki/Judo_at_the_2016_Summer_Olympics_%E2%80%93_Women%27s_%2B78_kg,Judo,Women's +78 kg,2016,Summer,Carioca Arena 2,2016-08-12,17,17
Q2174649,Triathlon at the 2012 Summer Olympics – Women's,https://en.wikipedia.org/wiki/Triathlon_at_the_2012_Summer_Olympics_%E2%80%93_Women%27s,Triathlon,Women's triathlon,2012,Summer,Hyde Park54.8,,55,31
Q7371999,Rowing at the 2000 Summer Olympics – Men's double sculls,https://en.wikipedia.org/wiki/Rowing_at_the_2000_Summer_Olympics_%E2%80%93_Men%27s_double_sculls,Rowing,Men's double sculls,2000,Summer,Sydney International Regatta Centre,2000-09-17,32,16
Q2000524,Boxing at the 2012 Summer Olympics – Men's light flyweight,https://en.wikipedia.org/wiki/Boxing_at_the_2012_Summer_Olympics_%E2%80%93_Men%27s_light_flyweight,Boxing,Men's light flyweight boxing,2012,Summer,ExCeL Exhibition Centre,2012-07-31,26,26
Q662184,Luge at the 2002 Winter Olympics – Doubles,https://en.wikipedia.org/wiki/Luge_at_the_2002_Winter_Olympics_%E2%80%93_Doubles,Luge,Doubles,2002,Winter,Utah Olympic Park,2002-02-15,38,12
Q26219848,Taekwondo at the 2016 Summer Olympics – Men's 58 kg,https://en.wikipedia.org/wiki/Taekwondo_at_the_2016_Summer_Olympics_%E2%80%93_Men%27s_58_kg,Taekwondo,Men's 58kg,2016,Summer,Carioca Arena 3,2016-08-17,16,16
Q7372001,Rowing at the 2000 Summer Olympics – Men's lightweight coxless four,https://en.wikipedia.org/wiki/Rowing_at_the_2000_Summer_Olympics_%E2%80%93_Men%27s_lightweight_coxless_four,Rowing,Men's lightweight coxless four,2000,Summer,Sydney International Regatta Centre,2000-09-18,57,14
Q1194982,Wrestling at the 2008 Summer Olympics – Women's freestyle 63 kg,https://en.wikipedia.org/wiki/Wrestling_at_the_2008_Summer_Olympics_%E2%80%93_Women%27s_freestyle_63_kg,Wrestling,Women's freestyle 63 kg,2008,Summer,China Agricultural University Gymnasium,2008-08-17,17,17
Q384953,Cross-country skiing at the 2010 Winter Olympics – Men's 15 kilometre freestyle,https://en.wikipedia.org/wiki/Cross-country_skiing_at_the_2010_Winter_Olympics_%E2%80%93_Men%27s_15_kilometre_freestyle,Cross-country skiing,Men's 15 kilometre freestyle,2010,Winter,Whistler Olympic Park,2010-02-15,96,50
Q1439249,Athletics at the 2004 Summer Olympics – Men's 110 metres hurdles,https://en.wikipedia.org/wiki/Athletics_at_the_2004_Summer_Olympics_%E2%80%93_Men%27s_110_metres_hurdles,Athletics,Men's 110 metres hurdles,2004,Summer,Athens Olympic Stadium,2004-08-24,47,34
Q22964437,Rowing at the 1992 Summer Olympics – Women's single sculls,https://en.wikipedia.org/wiki/Rowing_at_the_1992_Summer_Olympics_%E2%80%93_Women%27s_single_sculls,Rowing,Women's single sculls,1992,Summer,,1992-07-28,15,15
Q7400312,Sailing at the 1992 Summer Olympics – Women's Lechner A-390,https://en.wikipedia.org/wiki/Sailing_at_the_1992_Summer_Olympics_%E2%80%93_Women%27s_Lechner_A-390,Sailing,Lechner A-390 Women's,1992,Summer,Barcelona,2001-07-27,24,34
Q1222467,Alpine skiing at the 1992 Winter Olympics – Women's downhill,https://en.wikipedia.org/wiki/Alpine_skiing_at_the_1992_Winter_Olympics_%E2%80%93_Women%27s_downhill,Alpine skiing,Women's Downhill,1992,Winter,Meribel,1992-02-15,30,12
Q22964445,Rowing at the 1992 Summer Olympics – Men's coxless pair,https://en.wikipedia.org/wiki/Rowing_at_the_1992_Summer_Olympics_%E2%80%93_Men%27s_coxless_pair,Rowing,Men's coxless pair,1992,Summer,,1992-07-27,38,19
Q1222171,Cross-country skiing at the 1998 Winter Olympics – Women's 5 kilometre classical,https://en.wikipedia.org/wiki/Cross-country_skiing_at_the_1998_Winter_Olympics_%E2%80%93_Women%27s_5_kilometre_classical,Cross-country skiing,Women's 5 kilometre classical,1998,Winter,Snow Harp,1998-02-10,79,26
Q826852,Speed skating at the 1994 Winter Olympics – Men's 500 metres,https://en.wikipedia.org/wiki/Speed_skating_at_the_1994_Winter_Olympics_%E2%80%93_Men%27s_500_metres,Speed skating,Men's 500 metres,1994,Winter,Hamar Olympic Hall,1994-02-14,40,16
Q1221935,Biathlon at the 1998 Winter Olympics – Women's individual,https://en.wikipedia.org/wiki/Biathlon_at_the_1998_Winter_Olympics_%E2%80%93_Women%27s_individual,Biathlon,Women's biathlon individual,1998,Winter,Nozawa Onsen,1998-02-09,64,24
Q31844,Boxing at the 2012 Summer Olympics – Men's lightweight,https://en.wikipedia.org/wiki/Boxing_at_the_2012_Summer_Olympics_%E2%80%93_Men%27s_lightweight,Boxing,Men's lightweight boxing,2012,Summer,ExCeL Exhibition Centre,2012-07-29,28,28
Q1222146,Cross-country skiing at the 2002 Winter Olympics – Women's 2 × 5 kilometre pursuit,https://en.wikipedia.org/wiki/Cross-country_skiing_at_the_2002_Winter_Olympics_%E2%80%93_Women%27s_2_%C3%97_5_kilometre_pursuit,Cross-country skiing,Women’s 2 × 5 kilometre pursuit,2002,Winter,Soldier Hollow,2002-02-15,73,27
Q917323,Athletics at the 2008 Summer Olympics – Men's long jump,https://en.wikipedia.org/wiki/Athletics_at_the_2008_Summer_Olympics_%E2%80%93_Men%27s_long_jump,Athletics,Men's long jump,2008,Summer,Beijing Olympic Stadium,2008-08-16,38,32
Q7500747,Shooting at the 1988 Summer Olympics – Men's 50 metre rifle prone,https://en.wikipedia.org/wiki/Shooting_at_the_1988_Summer_Olympics_%E2%80%93_Men%27s_50_metre_rifle_prone,Shooting,Men's 50 metre rifle prone,1988,Summer,,1988-09-19,55,33
Q1222543,Rowing at the 2008 Summer Olympics – Women's eight,https://en.wikipedia.org/wiki/Rowing_at_the_2008_Summer_Olympics_%E2%80%93_Women%27s_eight,Rowing,Women's eight,2008,Summer,,,,
Q22964449,Rowing at the 1996 Summer Olympics – Women's lightweight double sculls,https://en.wikipedia.org/wiki/Rowing_at_the_1996_Summer_Olympics_%E2%80%93_Women%27s_lightweight_double_sculls,Rowing,Women's lightweight double sculls,1996,Summer,,1996-07-22,33,16
Q3001407,Cycling at the 1992 Summer Olympics – Men's points race,https://en.wikipedia.org/wiki/Cycling_at_the_1992_Summer_Olympics_%E2%80%93_Men%27s_points_race,Cycling,Men's points race,1992,Summer,Velòdrom d'Horta,1992-07-28,38,38
Q2550697,Wrestling at the 2012 Summer Olympics – Men's Greco-Roman 120 kg,https://en.wikipedia.org/wiki/Wrestling_at_the_2012_Summer_Olympics_%E2%80%93_Men%27s_Greco-Roman_120_kg,Wrestling,Men's Greco-Roman 120 kg,2012,Summer,ExCeL London,2012-08-06,20,20
Q748648,Cross-country skiing at the 2006 Winter Olympics – Men's 4 × 10 kilometre relay,https://en.wikipedia.org/wiki/Cross-country_skiing_at_the_2006_Winter_Olympics_%E2%80%93_Men%27s_4_%C3%97_10_kilometre_relay,Cross-country skiing,Men's 4 × 10 kilometre relay,2006,Winter,Pragelato,2006-02-19,64,16
Q14643126,Biathlon at the 2014 Winter Olympics – Men's sprint,https://en.wikipedia.org/wiki/Biathlon_at_the_2014_Winter_Olympics_%E2%80%93_Men%27s_sprint,Biathlon,Men's sprint,2014,Winter,Laura Biathlon & Ski Complex,2014-02-08,87,31
Q7656687,Swimming at the 1988 Summer Olympics – Men's 200 metre backstroke,https://en.wikipedia.org/wiki/Swimming_at_the_1988_Summer_Olympics_%E2%80%93_Men%27s_200_metre_backstroke,Swimming,Men's 200 metre backstroke,1988,Summer,Jamsil Indoor Swimming Pool,1988-09-22,44,32
Q7500819,Shooting at the 2000 Summer Olympics – Women's 50 metre rifle three positions,https://en.wikipedia.org/wiki/Shooting_at_the_2000_Summer_Olympics_%E2%80%93_Women%27s_50_metre_rifle_three_positions,Shooting,Women's 50 metre rifle three positions,2000,Summer,Sydney International Shooting Centre,2000-09-20,42,28
Q4786035,Archery at the 1988 Summer Olympics – Men's individual,https://en.wikipedia.org/wiki/Archery_at_the_1988_Summer_Olympics_%E2%80%93_Men%27s_individual,Archery,Men's individual,1988,Summer,Hwarang Archery Field,1988-09-27,84,34
Q2299006,Wrestling at the 2012 Summer Olympics – Men's freestyle 66 kg,https://en.wikipedia.org/wiki/Wrestling_at_the_2012_Summer_Olympics_%E2%80%93_Men%27s_freestyle_66_kg,Wrestling,Men's freestyle 66 kg,2012,Summer,ExCeL London,2012-08-12,19,19
Q2494175,Canoeing at the 2012 Summer Olympics – Men's C-2 1000 metres,https://en.wikipedia.org/wiki/Canoeing_at_the_2012_Summer_Olympics_%E2%80%93_Men%27s_C-2_1000_metres,Canoeing,"Men's canoe sprint C-2 1,000 metres",2012,Summer,Eton Dorney,2012-08-07,24,12
Q2358274,Wrestling at the 2012 Summer Olympics – Men's Greco-Roman 60 kg,https://en.wikipedia.org/wiki/Wrestling_at_the_2012_Summer_Olympics_%E2%80%93_Men%27s_Greco-Roman_60_kg,Wrestling,Men's Greco-Roman 60 kg,2012,Summer,ExCeL London,2012-08-06,19,19
Q8979743,Equestrian at the 2012 Summer Olympics – Individual jumping,https://en.wikipedia.org/wiki/Equestrian_at_the_2012_Summer_Olympics_%E2%80%93_Individual_jumping,Equestrian,Individual jumping,2012,Summer,Greenwich Park,2012-08-04,75,26
Q782429,Speed skating at the 2010 Winter Olympics – Men's 1500 metres,https://en.wikipedia.org/wiki/Speed_skating_at_the_2010_Winter_Olympics_%E2%80%93_Men%27s_1500_metres,Speed skating,Men's 1500 metres,2010,Winter,Richmond Olympic Oval,2010-02-20,37,14
Q15056068,Nordic combined at the 2014 Winter Olympics – Individual normal hill/10 km,https://en.wikipedia.org/wiki/Nordic_combined_at_the_2014_Winter_Olympics_%E2%80%93_Individual_normal_hill/10_km,Nordic combined,Men's individual normal hill/10 km,2014,Winter,RusSki Gorki Jumping Center,2014-02-12,46,15
Q905472,Freestyle skiing at the 2010 Winter Olympics – Men's moguls,https://en.wikipedia.org/wiki/Freestyle_skiing_at_the_2010_Winter_Olympics_%E2%80%93_Men%27s_moguls,Freestyle skiing,Men's moguls,2010,Winter,Cypress Bowl Ski Area,2010-02-14,30,10
Q2521962,Wrestling at the 2012 Summer Olympics – Women's freestyle 63 kg,https://en.wikipedia.org/wiki/Wrestling_at_the_2012_Summer_Olympics_%E2%80%93_Women%27s_freestyle_63_kg,Wrestling,Women's freestyle 63 kg,2012,Summer,ExCeL London,2012-08-08,20,20
Q848666,Speed skating at the 2010 Winter Olympics – Women's 500 metres,https://en.wikipedia.org/wiki/Speed_skating_at_the_2010_Winter_Olympics_%E2%80%93_Women%27s_500_metres,Speed skating,Women's 500 metres,2010,Winter,Richmond Olympic Oval,2010-02-16,36,14
Q27961940,Judo at the 1996 Summer Olympics – Women's 66 kg,https://en.wikipedia.org/wiki/Judo_at_the_1996_Summer_Olympics_%E2%80%93_Women%27s_66_kg,Judo,Women's 66 kg,1996,Summer,Georgia World Congress Center,1996-07-22,20,20
Q826539,"Speed skating at the 2002 Winter Olympics – Men's 10,000 metres",https://en.wikipedia.org/wiki/Speed_skating_at_the_2002_Winter_Olympics_%E2%80%93_Men%27s_10%2C000_metres,Speed skating,"Men's 10,000 metres",2002,Winter,Utah Olympic Oval,2002-02-22,16,10
Q25397018,Table tennis at the 2016 Summer Olympics – Women's singles,https://en.wikipedia.org/wiki/Table_tennis_at_the_2016_Summer_Olympics_%E2%80%93_Women%27s_singles,Table tennis,Women's singles table tennis,2016,Summer,Riocentro,2016-08-06,70,43
Q769467,Swimming at the 1992 Summer Olympics – Men's 200 metre backstroke,https://en.wikipedia.org/wiki/Swimming_at_the_1992_Summer_Olympics_%E2%80%93_Men%27s_200_metre_backstroke,Swimming,Men's 200 metre backstroke,1992,Summer,Piscines Bernat Picornell,1992-07-28,44,34
Q1005322,Cycling at the 2008 Summer Olympics – Men's team sprint,https://en.wikipedia.org/wiki/Cycling_at_the_2008_Summer_Olympics_%E2%80%93_Men%27s_team_sprint,Cycling,Men's team sprint,2008,Summer,Laoshan Velodrome,2008-08-15,39,13
Q1222469,Alpine skiing at the 1994 Winter Olympics – Women's downhill,https://en.wikipedia.org/wiki/Alpine_skiing_at_the_1994_Winter_Olympics_%E2%80%93_Women%27s_downhill,Alpine skiing,Women's Downhill,1994,Winter,Kvitfjell,1994-02-19,48,19
Q7979982,Weightlifting at the 1996 Summer Olympics – Men's 108 kg,https://en.wikipedia.org/wiki/Weightlifting_at_the_1996_Summer_Olympics_%E2%80%93_Men%27s_108_kg,Weightlifting,Men's 108 kg,1996,Summer,Georgia World Congress Center,1996-07-29,24,18
Q15055009,Alpine skiing at the 2014 Winter Olympics – Men's combined,https://en.wikipedia.org/wiki/Alpine_skiing_at_the_2014_Winter_Olympics_%E2%80%93_Men%27s_combined,Alpine skiing,Men's combined,2014,Winter,"Rosa Khutor Alpine ResortKrasnaya Polyana, Russia",2014-02-14,50,35
Q15055028,Cross-country skiing at the 2014 Winter Olympics – Women's 30 kilometre freestyle,https://en.wikipedia.org/wiki/Cross-country_skiing_at_the_2014_Winter_Olympics_%E2%80%93_Women%27s_30_kilometre_freestyle,Cross-country skiing,Women's 30 kilometre freestyle,2014,Winter,Laura Biathlon & Ski Complex,2014-02-22,57,24
Q15055033,Cross-country skiing at the 2014 Winter Olympics – Women's team sprint,https://en.wikipedia.org/wiki/Cross-country_skiing_at_the_2014_Winter_Olympics_%E2%80%93_Women%27s_team_sprint,Cross-country skiing,Women's team sprint,2014,Winter,Laura Biathlon & Ski Complex,2014-02-19,34,17
Q886732,Gymnastics at the 2000 Summer Olympics – Men's artistic individual all-around,https://en.wikipedia.org/wiki/Gymnastics_at_the_2000_Summer_Olympics_%E2%80%93_Men%27s_artistic_individual_all-around,Gymnastics,Men's artistic individual all-around,2000,Summer,Sydney Super Dome,2000-09-16,97,32
Q1433101,Athletics at the 2004 Summer Olympics – Men's shot put,https://en.wikipedia.org/wiki/Athletics_at_the_2004_Summer_Olympics_%E2%80%93_Men%27s_shot_put,Athletics,Men's shot put,2004,Summer,Ancient Olympia Stadium,2004-08-18,39,26
Q7979974,Weightlifting at the 1992 Summer Olympics – Men's 67.5 kg,https://en.wikipedia.org/wiki/Weightlifting_at_the_1992_Summer_Olympics_%E2%80%93_Men%27s_67.5_kg,Weightlifting,Men's 67.5 kg,1992,Summer,Pavelló de l'Espanya Industrial,1992-07-29,18,16
Q3499001,Wrestling at the 1992 Summer Olympics – Men's freestyle 90 kg,https://en.wikipedia.org/wiki/Wrestling_at_the_1992_Summer_Olympics_%E2%80%93_Men%27s_freestyle_90_kg,Wrestling,Men's freestyle 90 kg,1992,Summer,Institut Nacional d'Educació Física de Catalunya,1992-08-05,17,17
Q1432187,Athletics at the 2000 Summer Olympics – Men's high jump,https://en.wikipedia.org/wiki/Athletics_at_the_2000_Summer_Olympics_%E2%80%93_Men%27s_high_jump,Athletics,Men's high jump,2000,Summer,Stadium Australia,2000-09-22,35,24
Q1005244,Weightlifting at the 2008 Summer Olympics – Men's 69 kg,https://en.wikipedia.org/wiki/Weightlifting_at_the_2008_Summer_Olympics_%E2%80%93_Men%27s_69_kg,Weightlifting,Men's 69 kg,2008,Summer,Beihang University Gymnasium,2008-08-11,30,26
Q7500847,Shooting at the 2004 Summer Olympics – Women's skeet,https://en.wikipedia.org/wiki/Shooting_at_the_2004_Summer_Olympics_%E2%80%93_Women%27s_skeet,Shooting,Women's skeet,2004,Summer,Markópoulo Olympic ShootingCentre,2004-08-19,12,11
Q781406,Cross-country skiing at the 2002 Winter Olympics – Men's 50 kilometre classical,https://en.wikipedia.org/wiki/Cross-country_skiing_at_the_2002_Winter_Olympics_%E2%80%93_Men%27s_50_kilometre_classical,Cross-country skiing,Men's 50 kilometre classical,2002,Winter,Soldier Hollow,2002-02-23,61,24
Q906128,Biathlon at the 2010 Winter Olympics – Women's mass start,https://en.wikipedia.org/wiki/Biathlon_at_the_2010_Winter_Olympics_%E2%80%93_Women%27s_mass_start,Biathlon,Women's mass start,2010,Winter,Whistler Olympic Park,2010-02-21,30,12
Q1221939,Cross-country skiing at the 1998 Winter Olympics – Women's 15 kilometre classical,https://en.wikipedia.org/wiki/Cross-country_skiing_at_the_1998_Winter_Olympics_%E2%80%93_Women%27s_15_kilometre_classical,Cross-country skiing,Women's 15 kilometre classical,1998,Winter,Snow Harp,1998-02-08,65,24
Q848696,Speed skating at the 2010 Winter Olympics – Men's 1000 metres,https://en.wikipedia.org/wiki/Speed_skating_at_the_2010_Winter_Olympics_%E2%80%93_Men%27s_1000_metres,Speed skating,Men's 1000 metres,2010,Winter,Richmond Olympic Oval,2010-02-17,38,13
Q22964443,Rowing at the 1992 Summer Olympics – Men's quadruple sculls,https://en.wikipedia.org/wiki/Rowing_at_the_1992_Summer_Olympics_%E2%80%93_Men%27s_quadruple_sculls,Rowing,Men's quadruple sculls,1992,Summer,,1992-07-28,60,15
Q963859,Gymnastics at the 1996 Summer Olympics – Men's artistic individual all-around,https://en.wikipedia.org/wiki/Gymnastics_at_the_1996_Summer_Olympics_%E2%80%93_Men%27s_artistic_individual_all-around,Gymnastics,Men's artistic individual all-around,1996,Summer,Georgia Dome,1996-07-20,111,31
Q1222533,Alpine skiing at the 1998 Winter Olympics – Women's slalom,https://en.wikipedia.org/wiki/Alpine_skiing_at_the_1998_Winter_Olympics_%E2%80%93_Women%27s_slalom,Alpine skiing,Women's slalom,1998,Winter,Shiga Kogen,1998-02-19,57,27
Q7979972,Weightlifting at the 1992 Summer Olympics – Men's 56 kg,https://en.wikipedia.org/wiki/Weightlifting_at_the_1992_Summer_Olympics_%E2%80%93_Men%27s_56_kg,Weightlifting,Men's 56 kg,1992,Summer,Pavelló de l'Espanya Industrial,1992-07-27,22,17
Q3001455,Cycling at the 1992 Summer Olympics – Men's individual road race,https://en.wikipedia.org/wiki/Cycling_at_the_1992_Summer_Olympics_%E2%80%93_Men%27s_individual_road_race,Cycling,Men's road race,1992,Summer,"Sant Sadurní d'Anoia, Barcelona",1992-08-02,154,61
Q685266,Rowing at the 2008 Summer Olympics – Women's single sculls,https://en.wikipedia.org/wiki/Rowing_at_the_2008_Summer_Olympics_%E2%80%93_Women%27s_single_sculls,Rowing,Women's single sculls,2008,Summer,,,,
Q7979977,Weightlifting at the 1992 Summer Olympics – Men's 82.5 kg,https://en.wikipedia.org/wiki/Weightlifting_at_the_1992_Summer_Olympics_%E2%80%93_Men%27s_82.5_kg,Weightlifting,Men's 82.5 kg,1992,Summer,Pavelló de l'Espanya Industrial,1992-07-31,31,25
Q765657,Speed skating at the 2006 Winter Olympics – Women's 500 metres,https://en.wikipedia.org/wiki/Speed_skating_at_the_2006_Winter_Olympics_%E2%80%93_Women%27s_500_metres,Speed skating,Women's 500 metres,2006,Winter,Oval Lingotto,2006-02-14,30,10
Q7500737,Shooting at the 1988 Summer Olympics – Men's 10 metre air rifle,https://en.wikipedia.org/wiki/Shooting_at_the_1988_Summer_Olympics_%E2%80%93_Men%27s_10_metre_air_rifle,Shooting,Men's 10 metre air rifle,1988,Summer,,1988-09-20,46,30
Q1005423,Shooting at the 2008 Summer Olympics – Men's 25 metre rapid fire pistol,https://en.wikipedia.org/wiki/Shooting_at_the_2008_Summer_Olympics_%E2%80%93_Men%27s_25_metre_rapid_fire_pistol,Shooting,Men's 25 metre rapid fire pistol,2008,Summer,Beijing Shooting Range Hall,2008-08-08,19,14
Q61539,Wrestling at the 2008 Summer Olympics – Men's freestyle 60 kg,https://en.wikipedia.org/wiki/Wrestling_at_the_2008_Summer_Olympics_%E2%80%93_Men%27s_freestyle_60_kg,Wrestling,Men's freestyle 60 kg,2008,Summer,China Agricultural University Gymnasium,2008-08-19,19,19
Q899312,Athletics at the 2008 Summer Olympics – Men's hammer throw,https://en.wikipedia.org/wiki/Athletics_at_the_2008_Summer_Olympics_%E2%80%93_Men%27s_hammer_throw,Athletics,Men's hammer throw,2008,Summer,Beijing National Stadium,2008-08-15,33,26
Q22964442,Rowing at the 1992 Summer Olympics – Men's coxless four,https://en.wikipedia.org/wiki/Rowing_at_the_1992_Summer_Olympics_%E2%80%93_Men%27s_coxless_four,Rowing,Men's coxless four,1992,Summer,,1992-07-28,56,14
Q7400314,Sailing at the 1992 Summer Olympics – Women's 470,https://en.wikipedia.org/wiki/Sailing_at_the_1992_Summer_Olympics_%E2%80%93_Women%27s_470,Sailing,470 Women's,1992,Summer,Barcelona,1992-07-27,34,17
Q1222168,Cross-country skiing at the 1988 Winter Olympics – Women's 5 kilometre classical,https://en.wikipedia.org/wiki/Cross-country_skiing_at_the_1988_Winter_Olympics_%E2%80%93_Women%27s_5_kilometre_classical,Cross-country skiing,Women's 5km,1988,Winter,Canmore Nordic Centre,1988-02-17,55,17
Q15056105,Freestyle skiing at the 2014 Winter Olympics – Men's slopestyle,https://en.wikipedia.org/wiki/Freestyle_skiing_at_the_2014_Winter_Olympics_%E2%80%93_Men%27s_slopestyle,Freestyle skiing,Men's slopestyle,2014,Winter,"Rosa Khutor Extreme Park, Krasnaya Polyana, Russia",2014-02-13,32,15
Q7674783,Taekwondo at the 2000 Summer Olympics – Women's 67 kg,https://en.wikipedia.org/wiki/Taekwondo_at_the_2000_Summer_Olympics_%E2%80%93_Women%27s_67_kg,Taekwondo,Women's 67 kg,2000,Summer,State Sports Centre,2000-09-29,12,12
Q4951839,Boxing at the 2000 Summer Olympics – Flyweight,https://en.wikipedia.org/wiki/Boxing_at_the_2000_Summer_Olympics_%E2%80%93_Flyweight,Boxing,Men's flyweight boxing,2000,Summer,Sydney Convention and Exhibition Centre,2000-09-19,28,28
Q15056067,Nordic combined at the 2014 Winter Olympics – Individual large hill/10 km,https://en.wikipedia.org/wiki/Nordic_combined_at_the_2014_Winter_Olympics_%E2%80%93_Individual_large_hill/10_km,Nordic combined,Men's individual large hill/10 km,2014,Winter,RusSki Gorki Jumping Center,2014-02-18,46,15
Q2353351,Canoeing at the 2012 Summer Olympics – Women's slalom K-1,https://en.wikipedia.org/wiki/Canoeing_at_the_2012_Summer_Olympics_%E2%80%93_Women%27s_slalom_K-1,Canoeing,Women's K-1 canoe slalom,2012,Summer,Lee Valley White Water Centre,2012-07-30,21,21
Q932865,Athletics at the 2008 Summer Olympics – Women's 400 metres,https://en.wikipedia.org/wiki/Athletics_at_the_2008_Summer_Olympics_%E2%80%93_Women%27s_400_metres,Athletics,Women's 400 metres,2008,Summer,Beijing National Stadium,2008-08-16,50,40
Q906859,Weightlifting at the 2004 Summer Olympics – Women's 63 kg,https://en.wikipedia.org/wiki/Weightlifting_at_the_2004_Summer_Olympics_%E2%80%93_Women%27s_63_kg,Weightlifting,Women's 63 kg,2004,Summer,Nikaia Olympic Weightlifting Hall,2004-08-18,9,8
Q3498676,Wrestling at the 1988 Summer Olympics – Men's freestyle 100 kg,https://en.wikipedia.org/wiki/Wrestling_at_the_1988_Summer_Olympics_%E2%80%93_Men%27s_freestyle_100_kg,Wrestling,Men's freestyle 100 kg,1988,Summer,Sangmu Gymnasium,1988-09-28,22,22
Q677063,Wrestling at the 2012 Summer Olympics – Men's freestyle 120 kg,https://en.wikipedia.org/wiki/Wrestling_at_the_2012_Summer_Olympics_%E2%80%93_Men%27s_freestyle_120_kg,Wrestling,Men's freestyle 120 kg,2012,Summer,ExCeL London,2012-08-11,18,18
Q846788,Biathlon at the 2006 Winter Olympics – Men's individual,https://en.wikipedia.org/wiki/Biathlon_at_the_2006_Winter_Olympics_%E2%80%93_Men%27s_individual,Biathlon,Men's biathlon individual,2006,Winter,Cesana San Sicario,2006-02-11,88,34
Q247070,Athletics at the 2008 Summer Olympics – Men's 50 kilometres walk,https://en.wikipedia.org/wiki/Athletics_at_the_2008_Summer_Olympics_%E2%80%93_Men%27s_50_kilometres_walk,Athletics,Men's 50 kilometres walk,2008,Summer,Beijing Olympic Stadium,2008-08-22,61,32
Q691742,Snowboarding at the 2010 Winter Olympics – Men's halfpipe,https://en.wikipedia.org/wiki/Snowboarding_at_the_2010_Winter_Olympics_%E2%80%93_Men%27s_halfpipe,Snowboarding,Men's halfpipe,2010,Winter,Cypress Mountain,2010-02-17,40,17
Q7400334,Sailing at the 2000 Summer Olympics – Star,https://en.wikipedia.org/wiki/Sailing_at_the_2000_Summer_Olympics_%E2%80%93_Star,Sailing,Open Two Person Keelboat,2000,Summer,Sydney,2000-09-23,32,16
Q7500748,Shooting at the 1988 Summer Olympics – Mixed skeet,https://en.wikipedia.org/wiki/Shooting_at_the_1988_Summer_Olympics_%E2%80%93_Mixed_skeet,Shooting,Skeet,1988,Summer,,1988-09-24,52,31
Q1222651,Freestyle skiing at the 2002 Winter Olympics – Women's aerials,https://en.wikipedia.org/wiki/Freestyle_skiing_at_the_2002_Winter_Olympics_%E2%80%93_Women%27s_aerials,Freestyle skiing,Women's aerials,2002,Winter,Park City,2002-02-16,21,10
Q7656712,Swimming at the 1988 Summer Olympics – Women's 100 metre butterfly,https://en.wikipedia.org/wiki/Swimming_at_the_1988_Summer_Olympics_%E2%80%93_Women%27s_100_metre_butterfly,Swimming,Women's 100 metre butterfly,1988,Summer,Jamsil Indoor Swimming Pool,1988-09-23,40,28
Q1222109,Speed skating at the 1994 Winter Olympics – Women's 5000 metres,https://en.wikipedia.org/wiki/Speed_skating_at_the_1994_Winter_Olympics_%E2%80%93_Women%27s_5000_metres,Speed skating,Women's 5000 metres,1994,Winter,Hamar Olympic Hall,1994-02-25,16,9
Q240257,Swimming at the 2008 Summer Olympics – Women's 400 metre individual medley,https://en.wikipedia.org/wiki/Swimming_at_the_2008_Summer_Olympics_%E2%80%93_Women%27s_400_metre_individual_medley,Swimming,Women's 400 metre individual medley,2008,Summer,Beijing National Aquatics Center,2008-08-09,38,28
Q15056095,Freestyle skiing at the 2014 Winter Olympics – Women's moguls,https://en.wikipedia.org/wiki/Freestyle_skiing_at_the_2014_Winter_Olympics_%E2%80%93_Women%27s_moguls,Freestyle skiing,Women's moguls,2014,Winter,"Rosa Khutor Extreme Park, Krasnaya Polyana, Russia",2014-02-06,30,13
Q7656705,Swimming at the 1988 Summer Olympics – Women's 100 metre breaststroke,https://en.wikipedia.org/wiki/Swimming_at_the_1988_Summer_Olympics_%E2%80%93_Women%27s_100_metre_breaststroke,Swimming,Women's 100 metre breaststroke,1988,Summer,Jamsil Indoor Swimming Pool,1988-09-23,44,28
Q5280017,Figure skating at the 1994 Winter Olympics – Men's singles,https://en.wikipedia.org/wiki/Figure_skating_at_the_1994_Winter_Olympics_%E2%80%93_Men%27s_singles,Figure skating,Men's singles,1994,Winter,Hamar Olympic Amphitheatre,1994-02-17,25,17
Q1222524,Alpine skiing at the 1988 Winter Olympics – Women's slalom,https://en.wikipedia.org/wiki/Alpine_skiing_at_the_1988_Winter_Olympics_%E2%80%93_Women%27s_slalom,Alpine skiing,Women's slalom,1988,Winter,Nakiska,1988-02-26,57,37
Q22964439,Rowing at the 1992 Summer Olympics – Women's eight,https://en.wikipedia.org/wiki/Rowing_at_the_1992_Summer_Olympics_%E2%80%93_Women%27s_eight,Rowing,Women's eight,1992,Summer,,1992-07-28,72,8
Q1221810,Short-track speed skating at the 1994 Winter Olympics – Women's 1000 metres,https://en.wikipedia.org/wiki/Short-track_speed_skating_at_the_1994_Winter_Olympics_%E2%80%93_Women%27s_1000_metres,Short-track speed skating,Women's 1000 metres,1994,Winter,Hamar Olympic Amphitheatre,1994-02-26,30,15
Q15055034,Cross-country skiing at the 2014 Winter Olympics – Men's team sprint,https://en.wikipedia.org/wiki/Cross-country_skiing_at_the_2014_Winter_Olympics_%E2%80%93_Men%27s_team_sprint,Cross-country skiing,Men's team sprint,2014,Winter,Laura Biathlon & Ski Complex,2014-02-19,46,23
Q638285,Speed skating at the 1998 Winter Olympics – Women's 1000 metres,https://en.wikipedia.org/wiki/Speed_skating_at_the_1998_Winter_Olympics_%E2%80%93_Women%27s_1000_metres,Speed skating,Women's 1000 metres,1998,Winter,M-Wave,1998-02-19,40,14
Q15054994,Alpine skiing at the 2014 Winter Olympics – Women's downhill,https://en.wikipedia.org/wiki/Alpine_skiing_at_the_2014_Winter_Olympics_%E2%80%93_Women%27s_downhill,Alpine skiing,Women's downhill,2014,Winter,"Rosa Khutor Alpine ResortKrasnaya Polyana, Russia",2014-02-12,41,23
Q4786049,Archery at the 1996 Summer Olympics – Men's individual,https://en.wikipedia.org/wiki/Archery_at_the_1996_Summer_Olympics_%E2%80%93_Men%27s_individual,Archery,Men's individual,1996,Summer,Stone Mountain Park Archery Center,1996-07-28,64,
Q917752,Alpine skiing at the 2006 Winter Olympics – Men's downhill,https://en.wikipedia.org/wiki/Alpine_skiing_at_the_2006_Winter_Olympics_%E2%80%93_Men%27s_downhill,Alpine skiing,Men's downhill,2006,Winter,Sestriere,2006-02-12,55,25
Q7656695,Swimming at the 1988 Summer Olympics – Men's 400 metre freestyle,https://en.wikipedia.org/wiki/Swimming_at_the_1988_Summer_Olympics_%E2%80%93_Men%27s_400_metre_freestyle,Swimming,Men's 400 metre freestyle,1988,Summer,Jamsil Indoor Swimming Pool,1988-09-23,49,33
Q3498940,Wrestling at the 1988 Summer Olympics – Men's freestyle 74 kg,https://en.wikipedia.org/wiki/Wrestling_at_the_1988_Summer_Olympics_%E2%80%93_Men%27s_freestyle_74_kg,Wrestling,Men's freestyle 74 kg,1988,Summer,Sangmu Gymnasium,1988-09-28,30,30
Q2724464,Athletics at the 2004 Summer Olympics – Men's high jump,https://en.wikipedia.org/wiki/Athletics_at_the_2004_Summer_Olympics_%E2%80%93_Men%27s_high_jump,Athletics,Men's high jump,2004,Summer,Olympic Stadium,2004-08-20,38,27
Q847288,Biathlon at the 2006 Winter Olympics – Men's pursuit,https://en.wikipedia.org/wiki/Biathlon_at_the_2006_Winter_Olympics_%E2%80%93_Men%27s_pursuit,Biathlon,Men's biathlon pursuit,2006,Winter,Cesana San Sicario,2006-02-18,57,23
Q1222212,Alpine skiing at the 1994 Winter Olympics – Women's combined,https://en.wikipedia.org/wiki/Alpine_skiing_at_the_1994_Winter_Olympics_%E2%80%93_Women%27s_combined,Alpine skiing,Women's combined,1994,Winter,Kvitfjell and Hafjell,1994-02-20,41,20
Q870649,Nordic combined at the 1994 Winter Olympics – Team,https://en.wikipedia.org/wiki/Nordic_combined_at_the_1994_Winter_Olympics_%E2%80%93_Team,Nordic combined,Team,1994,Winter,Lysgårdsbakken (ski jumping)Birkebeineren Ski Stadium (cross-country skiing),1994-02-23,36,12
Q775967,Shooting at the 2008 Summer Olympics – Men's trap,https://en.wikipedia.org/wiki/Shooting_at_the_2008_Summer_Olympics_%E2%80%93_Men%27s_trap,Shooting,Men's trap,2008,Summer,Beijing Shooting Range Clay Target Field,2008-08-08,35,25
Q917348,Athletics at the 2008 Summer Olympics – Women's 200 metres,https://en.wikipedia.org/wiki/Athletics_at_the_2008_Summer_Olympics_%E2%80%93_Women%27s_200_metres,Athletics,Women's 200 metres,2008,Summer,Beijing National Stadium,2008-08-19,46,36
Q3498987,Wrestling at the 1992 Summer Olympics – Men's freestyle 100 kg,https://en.wikipedia.org/wiki/Wrestling_at_the_1992_Summer_Olympics_%E2%80%93_Men%27s_freestyle_100_kg,Wrestling,Men's freestyle 100 kg,1992,Summer,Institut Nacional d'Educació Física de Catalunya,1992-08-03,18,18
Q4951834,Boxing at the 1996 Summer Olympics – Light flyweight,https://en.wikipedia.org/wiki/Boxing_at_the_1996_Summer_Olympics_%E2%80%93_Light_flyweight,Boxing,Light flyweight boxing,1996,Summer,Alexander Memorial Coliseum,1996-07-20,30,30
Q1202526,Cycling at the 2008 Summer Olympics – Women's individual pursuit,https://en.wikipedia.org/wiki/Cycling_at_the_2008_Summer_Olympics_%E2%80%93_Women%27s_individual_pursuit,Cycling,Women's individual pursuit,2008,Summer,Laoshan Velodrome,2008-08-15,13,11
Q1222025,Cross-country skiing at the 1998 Winter Olympics – Women's 30 kilometre freestyle,https://en.wikipedia.org/wiki/Cross-country_skiing_at_the_1998_Winter_Olympics_%E2%80%93_Women%27s_30_kilometre_freestyle,Cross-country skiing,Women's 30 kilometre freestyle,1998,Winter,Snow Harp,1998-02-20,68,25
Q15052012,Biathlon at the 2014 Winter Olympics – Men's mass start,https://en.wikipedia.org/wiki/Biathlon_at_the_2014_Winter_Olympics_%E2%80%93_Men%27s_mass_start,Biathlon,Men's mass start,2014,Winter,Laura Biathlon & Ski Complex,2014-02-18,30,13
Q1222529,Alpine skiing at the 1994 Winter Olympics – Women's slalom,https://en.wikipedia.org/wiki/Alpine_skiing_at_the_1994_Winter_Olympics_%E2%80%93_Women%27s_slalom,Alpine skiing,Women's slalom,1994,Winter,Hafjell,1994-02-26,55,25
Q7500840,Shooting at the 2004 Summer Olympics – Women's 50 metre rifle three positions,https://en.wikipedia.org/wiki/Shooting_at_the_2004_Summer_Olympics_%E2%80%93_Women%27s_50_metre_rifle_three_positions,Shooting,Women's 50 metre rifle three positions,2004,Summer,Markópoulo Olympic ShootingCentre,2004-08-20,32,22
Q1221864,Cross-country skiing at the 1988 Winter Olympics – Women's 10 kilometre classical,https://en.wikipedia.org/wiki/Cross-country_skiing_at_the_1988_Winter_Olympics_%E2%80%93_Women%27s_10_kilometre_classical,Cross-country skiing,Women's 10km,1988,Winter,Cross Country Skiing Stadium,1988-02-14,52,17
Q15056096,Freestyle skiing at the 2014 Winter Olympics – Men's moguls,https://en.wikipedia.org/wiki/Freestyle_skiing_at_the_2014_Winter_Olympics_%E2%80%93_Men%27s_moguls,Freestyle skiing,Men's moguls,2014,Winter,"Rosa Khutor Extreme Park, Krasnaya Polyana, Russia",2014-02-10,29,11
Q7400342,Sailing at the 2004 Summer Olympics – Laser,https://en.wikipedia.org/wiki/Sailing_at_the_2004_Summer_Olympics_%E2%80%93_Laser,Sailing,Mixed Laser,2004,Summer,Agios Kosmas Olympic Sailing Centre,,42,42
Q1337042,Archery at the 2012 Summer Olympics – Men's team,https://en.wikipedia.org/wiki/Archery_at_the_2012_Summer_Olympics_%E2%80%93_Men%27s_team,Archery,Men's team,2012,Summer,Lord's Cricket Ground,2012-07-27,36,12
Q25386274,Fencing at the 2016 Summer Olympics – Women's épée,https://en.wikipedia.org/wiki/Fencing_at_the_2016_Summer_Olympics_%E2%80%93_Women%27s_%C3%A9p%C3%A9e,Fencing,Women's épée,2016,Summer,Carioca Arena 3,2016-08-06,37,19
Q7656689,Swimming at the 1988 Summer Olympics – Men's 200 metre breaststroke,https://en.wikipedia.org/wiki/Swimming_at_the_1988_Summer_Olympics_%E2%80%93_Men%27s_200_metre_breaststroke,Swimming,Men's 200 metre breaststroke,1988,Summer,Jamsil Indoor Swimming Pool,1988-09-23,54,40
Q841897,Alpine skiing at the 2010 Winter Olympics – Women's combined,https://en.wikipedia.org/wiki/Alpine_skiing_at_the_2010_Winter_Olympics_%E2%80%93_Women%27s_combined,Alpine skiing,Women's combined,2010,Winter,"Whistler CreeksideWhistler, British Columbia",2010-02-18,35,19
Q1432476,"Athletics at the 2000 Summer Olympics – Men's 10,000 metres",https://en.wikipedia.org/wiki/Athletics_at_the_2000_Summer_Olympics_%E2%80%93_Men%27s_10%2C000_metres,Athletics,"Men's 10,000 metres",2000,Summer,Stadium Australia,2000-09-22,34,19
Q7500739,Shooting at the 1988 Summer Olympics – Men's 25 metre rapid fire pistol,https://en.wikipedia.org/wiki/Shooting_at_the_1988_Summer_Olympics_%E2%80%93_Men%27s_25_metre_rapid_fire_pistol,Shooting,Men's 25 metre rapid fire pistol,1988,Summer,Taereung International Shooting Range,1988-09-23,32,23
Q2557145,Weightlifting at the 2012 Summer Olympics – Men's +105 kg,https://en.wikipedia.org/wiki/Weightlifting_at_the_2012_Summer_Olympics_%E2%80%93_Men%27s_%2B105_kg,Weightlifting,Men's +105 kg,2012,Summer,ExCeL London,2012-08-07,19,17
Q15055073,Snowboarding at the 2014 Winter Olympics – Men's snowboard cross,https://en.wikipedia.org/wiki/Snowboarding_at_the_2014_Winter_Olympics_%E2%80%93_Men%27s_snowboard_cross,Snowboarding,Men's snowboard cross,2014,Winter,Rosa Khutor Extreme Park,2014-02-18,39,15
Q3400664,Cycling at the 1996 Summer Olympics – Women's pursuit,https://en.wikipedia.org/wiki/Cycling_at_the_1996_Summer_Olympics_%E2%80%93_Women%27s_pursuit,Cycling,Women's individual pursuit,1996,Summer,Stone Mountain Park Velodrome,1996-07-25,12,12
Q7400341,Sailing at the 2004 Summer Olympics – Finn,https://en.wikipedia.org/wiki/Sailing_at_the_2004_Summer_Olympics_%E2%80%93_Finn,Sailing,Men's Finn,2004,Summer,Agios Kosmas Olympic Sailing Centre,,25,25
Q7500816,Shooting at the 2000 Summer Olympics – Men's skeet,https://en.wikipedia.org/wiki/Shooting_at_the_2000_Summer_Olympics_%E2%80%93_Men%27s_skeet,Shooting,Men's skeet,2000,Summer,Sydney International Shooting Centre,2000-09-22,49,36
Q762663,Gymnastics at the 2008 Summer Olympics – Men's artistic individual all-around,https://en.wikipedia.org/wiki/Gymnastics_at_the_2008_Summer_Olympics_%E2%80%93_Men%27s_artistic_individual_all-around,Gymnastics,Men's artistic individual all-around,2008,Summer,Beijing National Indoor Stadium,2008-08-09,98,35
Q15055013,Alpine skiing at the 2014 Winter Olympics – Men's super-G,https://en.wikipedia.org/wiki/Alpine_skiing_at_the_2014_Winter_Olympics_%E2%80%93_Men%27s_super-G,Alpine skiing,Men's super-G,2014,Winter,Rosa Khutor Alpine Resort,2014-02-16,63,28
Q15055074,Snowboarding at the 2014 Winter Olympics – Women's slopestyle,https://en.wikipedia.org/wiki/Snowboarding_at_the_2014_Winter_Olympics_%E2%80%93_Women%27s_slopestyle,Snowboarding,Women's slopestyle,2014,Winter,Rosa Khutor Extreme Park,2014-02-06,23,11
Q906865,Weightlifting at the 2004 Summer Olympics – Women's +75 kg,https://en.wikipedia.org/wiki/Weightlifting_at_the_2004_Summer_Olympics_%E2%80%93_Women%27s_%2B75_kg,Weightlifting,Women's +75 kg,2004,Summer,Nikaia Olympic Weightlifting Hall,2004-08-21,12,11
Q853003,Athletics at the 2008 Summer Olympics – Men's 200 metres,https://en.wikipedia.org/wiki/Athletics_at_the_2008_Summer_Olympics_%E2%80%93_Men%27s_200_metres,Athletics,Men's 200 metres,2008,Summer,Beijing National Stadium,2008-08-18,63,53
Q3001409,Cycling at the 2000 Summer Olympics – Men's points race,https://en.wikipedia.org/wiki/Cycling_at_the_2000_Summer_Olympics_%E2%80%93_Men%27s_points_race,Cycling,Men's points race,2000,Summer,Dunc Gray Velodrome,2000-09-20,23,23
Q7979978,Weightlifting at the 1992 Summer Olympics – Men's 90 kg,https://en.wikipedia.org/wiki/Weightlifting_at_the_1992_Summer_Olympics_%E2%80%93_Men%27s_90_kg,Weightlifting,Men's 90 kg,1992,Summer,Pavelló de l'Espanya Industrial,1992-08-01,23,19
Q7979968,Weightlifting at the 1992 Summer Olympics – Men's 100 kg,https://en.wikipedia.org/wiki/Weightlifting_at_the_1992_Summer_Olympics_%E2%80%93_Men%27s_100_kg,Weightlifting,Men's 100 kg,1992,Summer,Pavelló de l'Espanya Industrial,1992-08-02,25,21
Q771886,Weightlifting at the 2008 Summer Olympics – Men's 56 kg,https://en.wikipedia.org/wiki/Weightlifting_at_the_2008_Summer_Olympics_%E2%80%93_Men%27s_56_kg,Weightlifting,Men's 56 kg,2008,Summer,Beihang University Gymnasium,2008-08-10,19,16
Q4951846,Boxing at the 2000 Summer Olympics – Middleweight,https://en.wikipedia.org/wiki/Boxing_at_the_2000_Summer_Olympics_%E2%80%93_Middleweight,Boxing,Men's middleweight boxing,2000,Summer,Sydney Convention and Exhibition Centre,2000-09-18,27,27
Q2364389,Weightlifting at the 2012 Summer Olympics – Men's 105 kg,https://en.wikipedia.org/wiki/Weightlifting_at_the_2012_Summer_Olympics_%E2%80%93_Men%27s_105_kg,Weightlifting,Men's 105 kg,2012,Summer,ExCeL London,2012-08-06,17,14
Q1433079,Athletics at the 2004 Summer Olympics – Women's long jump,https://en.wikipedia.org/wiki/Athletics_at_the_2004_Summer_Olympics_%E2%80%93_Women%27s_long_jump,Athletics,Women's long jump,2004,Summer,Olympic Stadium,2004-08-25,39,27
Q15056100,Freestyle skiing at the 2014 Winter Olympics – Men's aerials,https://en.wikipedia.org/wiki/Freestyle_skiing_at_the_2014_Winter_Olympics_%E2%80%93_Men%27s_aerials,Freestyle skiing,Men's aerials,2014,Winter,"Rosa Khutor Extreme Park, Krasnaya Polyana, Russia",2014-02-17,21,9
Q7400319,Sailing at the 1996 Summer Olympics – Men's 470,https://en.wikipedia.org/wiki/Sailing_at_the_1996_Summer_Olympics_%E2%80%93_Men%27s_470,Sailing,470 Men's,1996,Summer,Savannah,1996-07-24,72,36
Q7656686,Swimming at the 1988 Summer Olympics – Men's 100 metre butterfly,https://en.wikipedia.org/wiki/Swimming_at_the_1988_Summer_Olympics_%E2%80%93_Men%27s_100_metre_butterfly,Swimming,Men's 100 metre butterfly,1988,Summer,Jamsil Indoor Swimming Pool,1988-09-20,55,38
Q3498597,Wrestling at the 1992 Summer Olympics – Men's freestyle 82 kg,https://en.wikipedia.org/wiki/Wrestling_at_the_1992_Summer_Olympics_%E2%80%93_Men%27s_freestyle_82_kg,Wrestling,Men's freestyle 82 kg,1992,Summer,Institut Nacional d'Educació Física de Catalunya,1992-08-05,19,19
Q3498966,Wrestling at the 1992 Summer Olympics – Men's freestyle 57 kg,https://en.wikipedia.org/wiki/Wrestling_at_the_1992_Summer_Olympics_%E2%80%93_Men%27s_freestyle_57_kg,Wrestling,Men's freestyle 57 kg,1992,Summer,Institut Nacional d'Educació Física de Catalunya,1992-08-05,18,18
Q1360895,Shooting at the 2008 Summer Olympics – Women's 25 metre pistol,https://en.wikipedia.org/wiki/Shooting_at_the_2008_Summer_Olympics_%E2%80%93_Women%27s_25_metre_pistol,Shooting,Women's 25 metre pistol,2008,Summer,Beijing Shooting Range Hall,2008-08-13,41,28
Q1222466,Alpine skiing at the 1988 Winter Olympics – Women's downhill,https://en.wikipedia.org/wiki/Alpine_skiing_at_the_1988_Winter_Olympics_%E2%80%93_Women%27s_downhill,Alpine skiing,Women's downhill,1988,Winter,Nakiska,1988-02-19,35,14
Q24906829,Wrestling at the 2016 Summer Olympics – Men's Greco-Roman 59 kg,https://en.wikipedia.org/wiki/Wrestling_at_the_2016_Summer_Olympics_%E2%80%93_Men%27s_Greco-Roman_59_kg,Wrestling,Men's Greco-Roman 59 kg,2016,Summer,Carioca Arena 2,2016-08-14,19,19
Q7400328,Sailing at the 2000 Summer Olympics – Finn,https://en.wikipedia.org/wiki/Sailing_at_the_2000_Summer_Olympics_%E2%80%93_Finn,Sailing,Finn,2000,Summer,"Darling Point Cruising Yacht Club of Australia, Sydney",2000-09-23,25,25
Q3001459,Cycling at the 2000 Summer Olympics – Men's individual road race,https://en.wikipedia.org/wiki/Cycling_at_the_2000_Summer_Olympics_%E2%80%93_Men%27s_individual_road_race,Cycling,Men's cycling road race,2000,Summer,"Centennial Parklands, Sydney",2000-09-27,154,41
Q7400320,Sailing at the 1996 Summer Olympics – Men's Mistral One Design,https://en.wikipedia.org/wiki/Sailing_at_the_1996_Summer_Olympics_%E2%80%93_Men%27s_Mistral_One_Design,Sailing,Mistral One Design Men's,1996,Summer,Savannah,1996-07-22,46,46
Q279295,Skeleton at the 2002 Winter Olympics – Women's,https://en.wikipedia.org/wiki/Skeleton_at_the_2002_Winter_Olympics_%E2%80%93_Women%27s,Skeleton,Women's Skeleton,2002,Winter,Utah Olympic Park,2002-02-20,13,10
Q841946,Alpine skiing at the 2010 Winter Olympics – Women's downhill,https://en.wikipedia.org/wiki/Alpine_skiing_at_the_2010_Winter_Olympics_%E2%80%93_Women%27s_downhill,Alpine skiing,Women's downhill,2010,Winter,Whistler Creekside,2010-02-17,45,22
Q14643199,Biathlon at the 2014 Winter Olympics – Women's pursuit,https://en.wikipedia.org/wiki/Biathlon_at_the_2014_Winter_Olympics_%E2%80%93_Women%27s_pursuit,Biathlon,Women's pursuit,2014,Winter,Laura Biathlon & Ski Complex,2014-02-11,57,23
Q1222632,Skeleton at the 2006 Winter Olympics – Women's,https://en.wikipedia.org/wiki/Skeleton_at_the_2006_Winter_Olympics_%E2%80%93_Women%27s,Skeleton,Women's Skeleton,2006,Winter,Cesana Pariol,2006-02-16,15,12
Q1005235,Wrestling at the 2008 Summer Olympics – Men's Greco-Roman 55 kg,https://en.wikipedia.org/wiki/Wrestling_at_the_2008_Summer_Olympics_%E2%80%93_Men%27s_Greco-Roman_55_kg,Wrestling,Men's Greco-Roman 55 kg,2008,Summer,China Agricultural University Gymnasium,2008-08-12,19,19
Q923513,Wrestling at the 2008 Summer Olympics – Men's freestyle 84 kg,https://en.wikipedia.org/wiki/Wrestling_at_the_2008_Summer_Olympics_%E2%80%93_Men%27s_freestyle_84_kg,Wrestling,Men's freestyle 84 kg,2008,Summer,China Agricultural University Gymnasium,2008-08-21,20,20
Q704595,Taekwondo at the 2008 Summer Olympics – Men's 58 kg,https://en.wikipedia.org/wiki/Taekwondo_at_the_2008_Summer_Olympics_%E2%80%93_Men%27s_58_kg,Taekwondo,Men's 58 kg,2008,Summer,Beijing Science and Technology University Gymnasium,2008-08-20,16,16
Q942244,Tennis at the 2000 Summer Olympics – Women's singles,https://en.wikipedia.org/wiki/Tennis_at_the_2000_Summer_Olympics_%E2%80%93_Women%27s_singles,Tennis,Women's singles tennis,2000,Summer,Sydney Olympic Park Tennis Centre,2000-09-19,64,33
Q15056104,Freestyle skiing at the 2014 Winter Olympics – Women's slopestyle,https://en.wikipedia.org/wiki/Freestyle_skiing_at_the_2014_Winter_Olympics_%E2%80%93_Women%27s_slopestyle,Freestyle skiing,Women's slopestyle,2014,Winter,"Rosa Khutor Extreme Park, Krasnaya Polyana, Russia",2014-02-11,22,15
Q1432289,"Athletics at the 2000 Summer Olympics – Women's 10,000 metres",https://en.wikipedia.org/wiki/Athletics_at_the_2000_Summer_Olympics_%E2%80%93_Women%27s_10%2C000_metres,Athletics,"Women's 10,000 metres",2000,Summer,Stadium Australia,2000-09-27,41,27
Q2297621,Cycling at the 2012 Summer Olympics – Men's team pursuit,https://en.wikipedia.org/wiki/Cycling_at_the_2012_Summer_Olympics_%E2%80%93_Men%27s_team_pursuit,Cycling,Men's cycling team pursuit,2012,Summer,London Velopark,2012-08-02,44,10
Q917333,Athletics at the 2008 Summer Olympics – Women's long jump,https://en.wikipedia.org/wiki/Athletics_at_the_2008_Summer_Olympics_%E2%80%93_Women%27s_long_jump,Athletics,Women's long jump,2008,Summer,Beijing National Stadium,2008-08-19,42,33
Q1372090,Weightlifting at the 2012 Summer Olympics – Men's 94 kg,https://en.wikipedia.org/wiki/Weightlifting_at_the_2012_Summer_Olympics_%E2%80%93_Men%27s_94_kg,Weightlifting,Men's 94 kg,2012,Summer,ExCeL London,2012-08-04,21,18
Q488601,Athletics at the 1988 Summer Olympics – Men's 100 metres,https://en.wikipedia.org/wiki/Athletics_at_the_1988_Summer_Olympics_%E2%80%93_Men%27s_100_metres,Athletics,Men's 100 meters,1988,Summer,Olympic Stadium,1988-09-24,102,69
Q1222644,Alpine skiing at the 1994 Winter Olympics – Women's super-G,https://en.wikipedia.org/wiki/Alpine_skiing_at_the_1994_Winter_Olympics_%E2%80%93_Women%27s_super-G,Alpine skiing,Women's Super-G,1994,Winter,Kvitfjell,1994-02-15,55,23
Q3498626,Wrestling at the 1988 Summer Olympics – Men's freestyle 90 kg,https://en.wikipedia.org/wiki/Wrestling_at_the_1988_Summer_Olympics_%E2%80%93_Men%27s_freestyle_90_kg,Wrestling,Men's freestyle 90 kg,1988,Summer,Sangmu Gymnasium,1988-09-27,28,28
Q1222474,Alpine skiing at the 1998 Winter Olympics – Women's downhill,https://en.wikipedia.org/wiki/Alpine_skiing_at_the_1998_Winter_Olympics_%E2%80%93_Women%27s_downhill,Alpine skiing,Women's Downhill race,1998,Winter,Hakuba,1998-02-16,39,16
Q15055083,Snowboarding at the 2014 Winter Olympics – Women's parallel giant slalom,https://en.wikipedia.org/wiki/Snowboarding_at_the_2014_Winter_Olympics_%E2%80%93_Women%27s_parallel_giant_slalom,Snowboarding,Women's parallel giant slalom,2014,Winter,Rosa Khutor Extreme Park,2014-02-19,32,15
Q681571,Shooting at the 2012 Summer Olympics – Men's trap,https://en.wikipedia.org/wiki/Shooting_at_the_2012_Summer_Olympics_%E2%80%93_Men%27s_trap,Shooting,Men's trap,2012,Summer,Royal Artillery Barracks,2012-08-05,34,27
Q523492,Ski jumping at the 1994 Winter Olympics – Large hill individual,https://en.wikipedia.org/wiki/Ski_jumping_at_the_1994_Winter_Olympics_%E2%80%93_Large_hill_individual,Ski jumping,Men's large hill individual,1994,Winter,Lysgårdsbakken,1994-02-20,58,19
Q15055007,Alpine skiing at the 2014 Winter Olympics – Women's combined,https://en.wikipedia.org/wiki/Alpine_skiing_at_the_2014_Winter_Olympics_%E2%80%93_Women%27s_combined,Alpine skiing,Women's combined,2014,Winter,Rosa Khutor Alpine Resort,2014-02-10,36,20
Q936086,Swimming at the 2008 Summer Olympics – Men's 100 metre freestyle,https://en.wikipedia.org/wiki/Swimming_at_the_2008_Summer_Olympics_%E2%80%93_Men%27s_100_metre_freestyle,Swimming,Men's 100 metre freestyle,2008,Summer,Beijing National Aquatics Centre,2008-08-12,64,55
Q2430785,Table tennis at the 2012 Summer Olympics – Women's team,https://en.wikipedia.org/wiki/Table_tennis_at_the_2012_Summer_Olympics_%E2%80%93_Women%27s_team,Table tennis,Table tennis – women's team,2012,Summer,ExCeL London,2012-08-03,49,16
Q1221869,Cross-country skiing at the 1992 Winter Olympics – Women's 10 kilometre freestyle pursuit,https://en.wikipedia.org/wiki/Cross-country_skiing_at_the_1992_Winter_Olympics_%E2%80%93_Women%27s_10_kilometre_freestyle_pursuit,Cross-country skiing,Women's 10 kilometre freestyle pursuit,1992,Winter,Les Saisies,1992-02-15,58,21
Q1222299,Snowboarding at the 2002 Winter Olympics – Women's halfpipe,https://en.wikipedia.org/wiki/Snowboarding_at_the_2002_Winter_Olympics_%E2%80%93_Women%27s_halfpipe,Snowboarding,Women's halfpipe,2002,Winter,Park City,2002-02-10,23,12
Q7500827,Shooting at the 2004 Summer Olympics – Men's 50 metre pistol,https://en.wikipedia.org/wiki/Shooting_at_the_2004_Summer_Olympics_%E2%80%93_Men%27s_50_metre_pistol,Shooting,Men's 50 metre pistol,2004,Summer,Markópoulo Olympic Shooting Centre,2004-08-17,42,31
Q917747,Alpine skiing at the 2006 Winter Olympics – Men's combined,https://en.wikipedia.org/wiki/Alpine_skiing_at_the_2006_Winter_Olympics_%E2%80%93_Men%27s_combined,Alpine skiing,Men's combined,2006,Winter,Sestriere,2006-02-14,60,27
Q1222092,Biathlon at the 2002 Winter Olympics – Women's relay,https://en.wikipedia.org/wiki/Biathlon_at_the_2002_Winter_Olympics_%E2%80%93_Women%27s_relay,Biathlon,Women's biathlon relay,2002,Winter,Soldier Hollow,2002-02-18,60,15
Q905493,Weightlifting at the 2012 Summer Olympics – Women's 48 kg,https://en.wikipedia.org/wiki/Weightlifting_at_the_2012_Summer_Olympics_%E2%80%93_Women%27s_48_kg,Weightlifting,Women's 48 kg,2012,Summer,ExCeL London,2012-07-28,14,12
Q3499032,Wrestling at the 1988 Summer Olympics – Men's freestyle 68 kg,https://en.wikipedia.org/wiki/Wrestling_at_the_1988_Summer_Olympics_%E2%80%93_Men%27s_freestyle_68_kg,Wrestling,Men's freestyle 68 kg,1988,Summer,Sangmu Gymnasium,1988-09-29,30,30
Q7500842,Shooting at the 2004 Summer Olympics – Women's double trap,https://en.wikipedia.org/wiki/Shooting_at_the_2004_Summer_Olympics_%E2%80%93_Women%27s_double_trap,Shooting,Women's double trap,2004,Summer,Markópoulo Olympic ShootingCentre,2004-08-18,15,12
Q780808,Speed skating at the 1992 Winter Olympics – Women's 5000 metres,https://en.wikipedia.org/wiki/Speed_skating_at_the_1992_Winter_Olympics_%E2%80%93_Women%27s_5000_metres,Speed skating,Women's 5000 metres,1992,Winter,L'anneau de vitesse,1992-02-17,24,11
Q1005260,Wrestling at the 2008 Summer Olympics – Men's Greco-Roman 74 kg,https://en.wikipedia.org/wiki/Wrestling_at_the_2008_Summer_Olympics_%E2%80%93_Men%27s_Greco-Roman_74_kg,Wrestling,Men's Greco-Roman 74 kg,2008,Summer,China Agricultural University Gymnasium,2008-08-13,20,20
Q15055036,Cross-country skiing at the 2014 Winter Olympics – Men's sprint,https://en.wikipedia.org/wiki/Cross-country_skiing_at_the_2014_Winter_Olympics_%E2%80%93_Men%27s_sprint,Cross-country skiing,Men's sprint,2014,Winter,Laura Biathlon & Ski Complex,2014-02-11,86,40
Q917217,Biathlon at the 2010 Winter Olympics – Women's individual,https://en.wikipedia.org/wiki/Biathlon_at_the_2010_Winter_Olympics_%E2%80%93_Women%27s_individual,Biathlon,Women's individual,2010,Winter,Whistler Olympic Park,2010-02-18,87,31
Q7979967,Weightlifting at the 1992 Summer Olympics – Men's +110 kg,https://en.wikipedia.org/wiki/Weightlifting_at_the_1992_Summer_Olympics_%E2%80%93_Men%27s_%2B110_kg,Weightlifting,Men's +110 kg,1992,Summer,Pavelló de l'Espanya Industrial,1992-08-04,20,16
Q7500813,Shooting at the 2000 Summer Olympics – Men's 50 metre rifle three positions,https://en.wikipedia.org/wiki/Shooting_at_the_2000_Summer_Olympics_%E2%80%93_Men%27s_50_metre_rifle_three_positions,Shooting,Men's 50 metre rifle three positions,2000,Summer,Sydney International Shooting Centre,2000-09-23,44,29
Q1222023,Cross-country skiing at the 1994 Winter Olympics – Women's 30 kilometre classical,https://en.wikipedia.org/wiki/Cross-country_skiing_at_the_1994_Winter_Olympics_%E2%80%93_Women%27s_30_kilometre_classical,Cross-country skiing,Women's 30 kilometre classical,1994,Winter,Birkebeineren Ski Stadium,1994-02-24,53,19
Q1221915,Speed skating at the 1998 Winter Olympics – Women's 1500 metres,https://en.wikipedia.org/wiki/Speed_skating_at_the_1998_Winter_Olympics_%E2%80%93_Women%27s_1500_metres,Speed skating,Women's 1500 metres,1998,Winter,M-Wave,1998-02-16,35,15
Q7656694,Swimming at the 1988 Summer Olympics – Men's 200 metre individual medley,https://en.wikipedia.org/wiki/Swimming_at_the_1988_Summer_Olympics_%E2%80%93_Men%27s_200_metre_individual_medley,Swimming,Men's 200 metre individual medley,1988,Summer,Jamsil Indoor Swimming Pool,1988-09-25,58,36
Q15056225,Speed skating at the 2014 Winter Olympics – Men's 500 metres,https://en.wikipedia.org/wiki/Speed_skating_at_the_2014_Winter_Olympics_%E2%80%93_Men%27s_500_metres,Speed skating,Men's 500 metres,2014,Winter,Adler Arena Skating Center,2014-02-10,40,16
Q2308161,Modern pentathlon at the 2012 Summer Olympics – Men's,https://en.wikipedia.org/wiki/Modern_pentathlon_at_the_2012_Summer_Olympics_%E2%80%93_Men%27s,Modern pentathlon,Men's modern pentathlon,2012,Summer,Copper Box (fencing)Aquatics Centre (swimming)Greenwich Park (riding and combined),2012-08-11,36,24
Q4786036,Archery at the 1988 Summer Olympics – Men's team,https://en.wikipedia.org/wiki/Archery_at_the_1988_Summer_Olympics_%E2%80%93_Men%27s_team,Archery,Men's team,1988,Summer,Hwarang Archery Field,1988-09-27,66,22
Q1198508,Swimming at the 2012 Summer Olympics – Women's 200 metre individual medley,https://en.wikipedia.org/wiki/Swimming_at_the_2012_Summer_Olympics_%E2%80%93_Women%27s_200_metre_individual_medley,Swimming,Women's 200 metre individual medley,2012,Summer,London Aquatics Centre,2012-07-30,34,28
Q1005486,Bobsleigh at the 2010 Winter Olympics – Two-man,https://en.wikipedia.org/wiki/Bobsleigh_at_the_2010_Winter_Olympics_%E2%80%93_Two-man,Bobsleigh,Two-man,2010,Winter,Whistler Sliding Centre,2010-02-20,27,18
Q679802,Wrestling at the 2008 Summer Olympics – Men's freestyle 66 kg,https://en.wikipedia.org/wiki/Wrestling_at_the_2008_Summer_Olympics_%E2%80%93_Men%27s_freestyle_66_kg,Wrestling,Men's freestyle 66 kg,2008,Summer,China Agricultural University Gymnasium,2008-08-20,21,21
Q1426735,Athletics at the 1996 Summer Olympics – Women's 100 metres,https://en.wikipedia.org/wiki/Athletics_at_the_1996_Summer_Olympics_%E2%80%93_Women%27s_100_metres,Athletics,Women's 100 metres,1996,Summer,Centennial Olympic Stadium,1996-07-26,56,42
Q15052025,Biathlon at the 2014 Winter Olympics – Women's relay,https://en.wikipedia.org/wiki/Biathlon_at_the_2014_Winter_Olympics_%E2%80%93_Women%27s_relay,Biathlon,Women's relay,2014,Winter,Laura Biathlon & Ski Complex,2014-02-21,68,17
Q1222497,Alpine skiing at the 2002 Winter Olympics – Women's slalom,https://en.wikipedia.org/wiki/Alpine_skiing_at_the_2002_Winter_Olympics_%E2%80%93_Women%27s_slalom,Alpine skiing,Women's slalom,2002,Winter,Deer Valley,2002-02-20,70,35
Q7979984,Weightlifting at the 1996 Summer Olympics – Men's 59 kg,https://en.wikipedia.org/wiki/Weightlifting_at_the_1996_Summer_Olympics_%E2%80%93_Men%27s_59_kg,Weightlifting,Men's 59 kg,1996,Summer,Georgia World Congress Center,1996-07-21,20,19
Q918076,Skeleton at the 2010 Winter Olympics – Men's,https://en.wikipedia.org/wiki/Skeleton_at_the_2010_Winter_Olympics_%E2%80%93_Men%27s,Skeleton,Men's Skeleton,2010,Winter,Whistler Sliding Centre,2010-02-18,28,17
Q1222232,Biathlon at the 1992 Winter Olympics – Women's sprint,https://en.wikipedia.org/wiki/Biathlon_at_the_1992_Winter_Olympics_%E2%80%93_Women%27s_sprint,Biathlon,Women's biathlon sprint,1992,Winter,Les Saisies,1992-02-11,69,20
Q3499929,Wrestling at the 1988 Summer Olympics – Men's Greco-Roman 68 kg,https://en.wikipedia.org/wiki/Wrestling_at_the_1988_Summer_Olympics_%E2%80%93_Men%27s_Greco-Roman_68_kg,Wrestling,Men's Greco-Roman 68 kg,1988,Summer,Sangmu Gymnasium,1988-09-20,31,31
Q263070,Alpine skiing at the 2002 Winter Olympics – Women's combined,https://en.wikipedia.org/wiki/Alpine_skiing_at_the_2002_Winter_Olympics_%E2%80%93_Women%27s_combined,Alpine skiing,Women's combined,2002,Winter,Snowbasin,2002-02-14,31,14
Q7674782,Taekwondo at the 2000 Summer Olympics – Women's 57 kg,https://en.wikipedia.org/wiki/Taekwondo_at_the_2000_Summer_Olympics_%E2%80%93_Women%27s_57_kg,Taekwondo,Women's 57 kg,2000,Summer,State Sports Centre,2000-09-28,12,12
Q761318,Gymnastics at the 2008 Summer Olympics – Women's balance beam,https://en.wikipedia.org/wiki/Gymnastics_at_the_2008_Summer_Olympics_%E2%80%93_Women%27s_balance_beam,Gymnastics,Women's balance beam,2008,Summer,Beijing National Indoor Stadium,2008-08-19,8,5
Q3400667,Cycling at the 1996 Summer Olympics – Men's individual pursuit,https://en.wikipedia.org/wiki/Cycling_at_the_1996_Summer_Olympics_%E2%80%93_Men%27s_individual_pursuit,Cycling,Men's individual pursuit,1996,Summer,Stone Mountain Park Velodrome,1996-07-24,18,18
Q15054999,Alpine skiing at the 2014 Winter Olympics – Women's giant slalom,https://en.wikipedia.org/wiki/Alpine_skiing_at_the_2014_Winter_Olympics_%E2%80%93_Women%27s_giant_slalom,Alpine skiing,Women's giant slalom,2014,Winter,"Rosa Khutor Alpine ResortKrasnaya Polyana, Russia",2014-02-18,90,48
Q841622,Tennis at the 2012 Summer Olympics – Women's doubles,https://en.wikipedia.org/wiki/Tennis_at_the_2012_Summer_Olympics_%E2%80%93_Women%27s_doubles,Tennis,Women's doubles tennis,2012,Summer,"All England Club, Wimbledon",2012-07-28,62,21
Q904345,Athletics at the 2008 Summer Olympics – Women's high jump,https://en.wikipedia.org/wiki/Athletics_at_the_2008_Summer_Olympics_%E2%80%93_Women%27s_high_jump,Athletics,Women's high jump,2008,Summer,Beijing National Stadium,2008-08-21,31,24
Q1432202,Athletics at the 2000 Summer Olympics – Women's high jump,https://en.wikipedia.org/wiki/Athletics_at_the_2000_Summer_Olympics_%E2%80%93_Women%27s_high_jump,Athletics,Women's high jump,2000,Summer,Stadium Australia,2000-09-28,37,27
Q22964447,Rowing at the 1996 Summer Olympics – Women's double sculls,https://en.wikipedia.org/wiki/Rowing_at_the_1996_Summer_Olympics_%E2%80%93_Women%27s_double_sculls,Rowing,Women's double sculls,1996,Summer,,1996-07-21,28,14
Q1222127,Speed skating at the 1998 Winter Olympics – Women's 500 metres,https://en.wikipedia.org/wiki/Speed_skating_at_the_1998_Winter_Olympics_%E2%80%93_Women%27s_500_metres,Speed skating,Women's 500 metres,1998,Winter,M-Wave,1998-02-13,38,14
Q15055004,Alpine skiing at the 2014 Winter Olympics – Men's slalom,https://en.wikipedia.org/wiki/Alpine_skiing_at_the_2014_Winter_Olympics_%E2%80%93_Men%27s_slalom,Alpine skiing,Men's slalom,2014,Winter,"Rosa Khutor Alpine ResortKrasnaya Polyana, Russia",2014-02-22,115,61
Q4786041,Archery at the 1992 Summer Olympics – Men's team,https://en.wikipedia.org/wiki/Archery_at_the_1992_Summer_Olympics_%E2%80%93_Men%27s_team,Archery,Men's team,1992,Summer,Camp Olímpic de Tir amb Arc,1992-07-31,60,20
Q975449,Badminton at the 2004 Summer Olympics – Mixed doubles,https://en.wikipedia.org/wiki/Badminton_at_the_2004_Summer_Olympics_%E2%80%93_Mixed_doubles,Badminton,Mixed doubles,2004,Summer,Goudi Olympic Hall,2004-08-14,23,17
Q429621,Alpine skiing at the 2010 Winter Olympics – Women's slalom,https://en.wikipedia.org/wiki/Alpine_skiing_at_the_2010_Winter_Olympics_%E2%80%93_Women%27s_slalom,Alpine skiing,Women's slalom,2010,Winter,"Whistler CreeksideWhistler, British Columbia",2010-02-26,87,47
Q915092,Biathlon at the 2006 Winter Olympics – Women's relay,https://en.wikipedia.org/wiki/Biathlon_at_the_2006_Winter_Olympics_%E2%80%93_Women%27s_relay,Biathlon,Women's biathlon relay,2006,Winter,Cesana San Sicario,2006-02-23,72,18
Q942805,Tennis at the 2004 Summer Olympics – Women's doubles,https://en.wikipedia.org/wiki/Tennis_at_the_2004_Summer_Olympics_%E2%80%93_Women%27s_doubles,Tennis,Women's doubles tennis,2004,Summer,Olympic Tennis Centre,2004-08-15,64,22
Q1221917,Short-track speed skating at the 2002 Winter Olympics – Women's 1500 metres,https://en.wikipedia.org/wiki/Short-track_speed_skating_at_the_2002_Winter_Olympics_%E2%80%93_Women%27s_1500_metres,Short-track speed skating,Women's 1500 metres,2002,Winter,Salt Lake Ice Center,2002-02-13,28,17
Q2329168,Cycling at the 2012 Summer Olympics – Women's keirin,https://en.wikipedia.org/wiki/Cycling_at_the_2012_Summer_Olympics_%E2%80%93_Women%27s_keirin,Cycling,Women's keirin,2012,Summer,London Velopark,2012-08-03,18,18
Q15056099,Freestyle skiing at the 2014 Winter Olympics – Women's aerials,https://en.wikipedia.org/wiki/Freestyle_skiing_at_the_2014_Winter_Olympics_%E2%80%93_Women%27s_aerials,Freestyle skiing,Women's aerials,2014,Winter,"Rosa Khutor Extreme Park, Krasnaya Polyana, Russia",2014-02-14,22,9
Q7500743,Shooting at the 1988 Summer Olympics – Men's 50 metre pistol,https://en.wikipedia.org/wiki/Shooting_at_the_1988_Summer_Olympics_%E2%80%93_Men%27s_50_metre_pistol,Shooting,Men's 50 metre pistol,1988,Summer,Taereung International Shooting Range,1988-09-18,43,31
Q1222187,Biathlon at the 1998 Winter Olympics – Women's sprint,https://en.wikipedia.org/wiki/Biathlon_at_the_1998_Winter_Olympics_%E2%80%93_Women%27s_sprint,Biathlon,Women's biathlon sprint,1998,Winter,Nozawa Onsen,1998-02-15,64,24
Q1222124,Short-track speed skating at the 2002 Winter Olympics – Women's 500 metres,https://en.wikipedia.org/wiki/Short-track_speed_skating_at_the_2002_Winter_Olympics_%E2%80%93_Women%27s_500_metres,Short-track speed skating,Women's 500 metres,2002,Winter,Salt Lake Ice Center,2002-02-16,29,17
Q2460802,Rowing at the 2008 Summer Olympics – Men's single sculls,https://en.wikipedia.org/wiki/Rowing_at_the_2008_Summer_Olympics_%E2%80%93_Men%27s_single_sculls,Rowing,Men's single sculls,2008,Summer,Shunyi Olympic Rowing-Canoeing Park,2008-08-09,32,32
Q2358214,Wrestling at the 2012 Summer Olympics – Men's freestyle 55 kg,https://en.wikipedia.org/wiki/Wrestling_at_the_2012_Summer_Olympics_%E2%80%93_Men%27s_freestyle_55_kg,Wrestling,Men's freestyle 55 kg,2012,Summer,ExCeL London,2012-08-10,19,19
Q637365,Athletics at the 1996 Summer Olympics – Men's decathlon,https://en.wikipedia.org/wiki/Athletics_at_the_1996_Summer_Olympics_%E2%80%93_Men%27s_decathlon,Athletics,Men's decathlon,1996,Summer,,1996-08-31,40,25
Q7674793,Taekwondo at the 2004 Summer Olympics – Women's 67 kg,https://en.wikipedia.org/wiki/Taekwondo_at_the_2004_Summer_Olympics_%E2%80%93_Women%27s_67_kg,Taekwondo,Women's 67 kg,2004,Summer,Faliro Coastal Zone Olympic Complex,2004-08-28,15,15
Q22964450,Rowing at the 1996 Summer Olympics – Women's quadruple sculls,https://en.wikipedia.org/wiki/Rowing_at_the_1996_Summer_Olympics_%E2%80%93_Women%27s_quadruple_sculls,Rowing,Women's quadruple sculls,1996,Summer,,1996-07-22,40,10
Q2521899,Equestrian at the 2012 Summer Olympics – Team eventing,https://en.wikipedia.org/wiki/Equestrian_at_the_2012_Summer_Olympics_%E2%80%93_Team_eventing,Equestrian,Team eventing,2012,Summer,Greenwich Park,2012-07-28,62,13
Q970610,"Speed skating at the 1988 Winter Olympics – Men's 10,000 metres",https://en.wikipedia.org/wiki/Speed_skating_at_the_1988_Winter_Olympics_%E2%80%93_Men%27s_10%2C000_metres,Speed skating,"Men's 10,000 metres",1988,Winter,Olympic Oval,1988-02-21,32,19
Q6303884,Judo at the 2000 Summer Olympics – Women's +78 kg,https://en.wikipedia.org/wiki/Judo_at_the_2000_Summer_Olympics_%E2%80%93_Women%27s_%2B78_kg,Judo,Women's +78 kg,2000,Summer,Sydney Convention and Exhibition Centre,2000-09-22,24,24
Q827175,Cross-country skiing at the 2006 Winter Olympics – Women's 4 × 5 kilometre relay,https://en.wikipedia.org/wiki/Cross-country_skiing_at_the_2006_Winter_Olympics_%E2%80%93_Women%27s_4_%C3%97_5_kilometre_relay,Cross-country skiing,Women's 4 × 5 kilometre relay,2006,Winter,Pragelato,2006-02-18,68,17
Q7500822,Shooting at the 2000 Summer Olympics – Women's double trap,https://en.wikipedia.org/wiki/Shooting_at_the_2000_Summer_Olympics_%E2%80%93_Women%27s_double_trap,Shooting,Women's double trap,2000,Summer,Sydney International Shooting Centre,2000-09-19,17,12
Q3499038,Wrestling at the 1992 Summer Olympics – Men's freestyle 68 kg,https://en.wikipedia.org/wiki/Wrestling_at_the_1992_Summer_Olympics_%E2%80%93_Men%27s_freestyle_68_kg,Wrestling,Men's freestyle 68 kg,1992,Summer,Institut Nacional d'Educació Física de Catalunya,1992-08-03,21,21
Q956359,Cross-country skiing at the 2002 Winter Olympics – Men's 15 kilometre classical,https://en.wikipedia.org/wiki/Cross-country_skiing_at_the_2002_Winter_Olympics_%E2%80%93_Men%27s_15_kilometre_classical,Cross-country skiing,Men's 15 kilometre classical,2002,Winter,Soldier Hollow,2002-02-12,67,26
Q1222186,Biathlon at the 1994 Winter Olympics – Women's sprint,https://en.wikipedia.org/wiki/Biathlon_at_the_1994_Winter_Olympics_%E2%80%93_Women%27s_sprint,Biathlon,Women's biathlon sprint,1994,Winter,Birkebeineren Ski Stadium,1994-02-23,69,28
Q906117,Alpine skiing at the 2010 Winter Olympics – Men's slalom,https://en.wikipedia.org/wiki/Alpine_skiing_at_the_2010_Winter_Olympics_%E2%80%93_Men%27s_slalom,Alpine skiing,Men's slalom,2010,Winter,"Whistler CreeksideWhistler, British Columbia",2010-02-27,102,56
Q1222259,Luge at the 1998 Winter Olympics – Women's singles,https://en.wikipedia.org/wiki/Luge_at_the_1998_Winter_Olympics_%E2%80%93_Women%27s_singles,Luge,Women's singles,1998,Winter,Spiral,1998-02-10,29,15
Q955688,Speed skating at the 1988 Winter Olympics – Men's 500 metres,https://en.wikipedia.org/wiki/Speed_skating_at_the_1988_Winter_Olympics_%E2%80%93_Men%27s_500_metres,Speed skating,Men's 500 metres,1988,Winter,Olympic Oval,1988-02-14,37,15
Q7656707,Swimming at the 1988 Summer Olympics – Women's 100 metre freestyle,https://en.wikipedia.org/wiki/Swimming_at_the_1988_Summer_Olympics_%E2%80%93_Women%27s_100_metre_freestyle,Swimming,Women's 100 metre freestyle,1988,Summer,Jamsil Indoor Swimming Pool,1988-09-18,58,36
Q1222137,Short-track speed skating at the 1998 Winter Olympics – Women's 500 metres,https://en.wikipedia.org/wiki/Short-track_speed_skating_at_the_1998_Winter_Olympics_%E2%80%93_Women%27s_500_metres,Short-track speed skating,Women's 500 metres,1998,Winter,White Ring,1998-02-19,32,13
Q7500809,Shooting at the 2000 Summer Olympics – Men's 50 metre pistol,https://en.wikipedia.org/wiki/Shooting_at_the_2000_Summer_Olympics_%E2%80%93_Men%27s_50_metre_pistol,Shooting,Men's 50 metre pistol,2000,Summer,Sydney International Shooting Centre,2000-09-19,36,27
Q1222492,Freestyle skiing at the 1994 Winter Olympics – Women's moguls,https://en.wikipedia.org/wiki/Freestyle_skiing_at_the_1994_Winter_Olympics_%E2%80%93_Women%27s_moguls,Freestyle skiing,Women's moguls,1994,Winter,Kanthaugen Freestyle Arena,1994-02-15,24,13
Q1222654,Freestyle skiing at the 1994 Winter Olympics – Women's aerials,https://en.wikipedia.org/wiki/Freestyle_skiing_at_the_1994_Winter_Olympics_%E2%80%93_Women%27s_aerials,Freestyle skiing,Women's aerials,1994,Winter,Kanthaugen Freestyle Arena,1994-02-21,24,14
Q2358254,Wrestling at the 2012 Summer Olympics – Men's Greco-Roman 96 kg,https://en.wikipedia.org/wiki/Wrestling_at_the_2012_Summer_Olympics_%E2%80%93_Men%27s_Greco-Roman_96_kg,Wrestling,Men's Greco-Roman 96 kg,2012,Summer,ExCeL London,2012-08-07,19,19
Q922361,Athletics at the 2008 Summer Olympics – Women's hammer throw,https://en.wikipedia.org/wiki/Athletics_at_the_2008_Summer_Olympics_%E2%80%93_Women%27s_hammer_throw,Athletics,Women's hammer throw,2008,Summer,Beijing National Stadium,2008-08-18,50,34
Q870651,Nordic combined at the 1998 Winter Olympics – Team,https://en.wikipedia.org/wiki/Nordic_combined_at_the_1998_Winter_Olympics_%E2%80%93_Team,Nordic combined,Team,1998,Winter,Hakuba Ski Jumping Stadium (ski jumping)Snow Harp (cross-country skiing),1998-02-19,44,11
Q25384916,Fencing at the 2016 Summer Olympics – Men's team foil,https://en.wikipedia.org/wiki/Fencing_at_the_2016_Summer_Olympics_%E2%80%93_Men%27s_team_foil,Fencing,Men's team foil,2016,Summer,Carioca Arena 3,2016-08-12,31,8
Q6303861,Judo at the 1996 Summer Olympics – Men's 60 kg,https://en.wikipedia.org/wiki/Judo_at_the_1996_Summer_Olympics_%E2%80%93_Men%27s_60_kg,Judo,Men's 60 kg,1996,Summer,Georgia World Congress Center,1996-07-26,34,34
Q914969,Triathlon at the 2008 Summer Olympics – Women's,https://en.wikipedia.org/wiki/Triathlon_at_the_2008_Summer_Olympics_%E2%80%93_Women%27s,Triathlon,Women's Triathlon,2008,Summer,Triathlon Venue at the Ming Tomb Reservoir,2008-08-18,55,30
Q1222101,Biathlon at the 1998 Winter Olympics – Women's relay,https://en.wikipedia.org/wiki/Biathlon_at_the_1998_Winter_Olympics_%E2%80%93_Women%27s_relay,Biathlon,Women's biathlon relay,1998,Winter,Nozawa Onsen,1998-02-19,68,17
Q1438466,Athletics at the 1996 Summer Olympics – Men's pole vault,https://en.wikipedia.org/wiki/Athletics_at_the_1996_Summer_Olympics_%E2%80%93_Men%27s_pole_vault,Athletics,Men's pole vault,1996,Summer,Centennial Olympic Stadium,1996-07-31,37,24
Q5198393,Cycling at the 2000 Summer Olympics – Women's sprint,https://en.wikipedia.org/wiki/Cycling_at_the_2000_Summer_Olympics_%E2%80%93_Women%27s_sprint,Cycling,Women's cycling sprint,2000,Summer,Dunc Gray Velodrome,2000-09-18,12,12
Q840683,Tennis at the 2012 Summer Olympics – Mixed doubles,https://en.wikipedia.org/wiki/Tennis_at_the_2012_Summer_Olympics_%E2%80%93_Mixed_doubles,Tennis,Mixed doubles tennis,2012,Summer,All England Lawn Tennis and Croquet Club,2012-08-01,32,13
Q632742,Fencing at the 2000 Summer Olympics – Men's épée,https://en.wikipedia.org/wiki/Fencing_at_the_2000_Summer_Olympics_%E2%80%93_Men%27s_%C3%A9p%C3%A9e,Fencing,Men's épée,2000,Summer,Sydney Exhibition Centre,2000-09-16,42,22
Q1221912,Speed skating at the 1992 Winter Olympics – Women's 1500 metres,https://en.wikipedia.org/wiki/Speed_skating_at_the_1992_Winter_Olympics_%E2%80%93_Women%27s_1500_metres,Speed skating,Women's 1500 metres,1992,Winter,L'anneau de vitesse,1992-02-12,33,14
Q1222549,Rowing at the 2008 Summer Olympics – Women's quadruple sculls,https://en.wikipedia.org/wiki/Rowing_at_the_2008_Summer_Olympics_%E2%80%93_Women%27s_quadruple_sculls,Rowing,Women's quadruple sculls,2008,Summer,,,,
Q752428,Tennis at the 2008 Summer Olympics – Men's singles,https://en.wikipedia.org/wiki/Tennis_at_the_2008_Summer_Olympics_%E2%80%93_Men%27s_singles,Tennis,Men's singles tennis,2008,Summer,"Olympic Green Tennis Centre, Beijing",2008-08-10,,
Q7500741,Shooting at the 1988 Summer Olympics – Men's 10 metre air pistol,https://en.wikipedia.org/wiki/Shooting_at_the_1988_Summer_Olympics_%E2%80%93_Men%27s_10_metre_air_pistol,Shooting,Men's 10 metre air pistol,1988,Summer,,1988-09-24,44,29
Q1222437,Alpine skiing at the 2002 Winter Olympics – Women's downhill,https://en.wikipedia.org/wiki/Alpine_skiing_at_the_2002_Winter_Olympics_%E2%80%93_Women%27s_downhill,Alpine skiing,Women's downhill,2002,Winter,Snowbasin,2002-02-12,39,17
Q7656701,Swimming at the 1988 Summer Olympics – Men's 50 metre freestyle,https://en.wikipedia.org/wiki/Swimming_at_the_1988_Summer_Olympics_%E2%80%93_Men%27s_50_metre_freestyle,Swimming,Men's 50 metre freestyle,1988,Summer,Jamsil Indoor Swimming Pool,1988-09-24,71,44
Q3499009,Wrestling at the 1988 Summer Olympics – Men's freestyle 130 kg,https://en.wikipedia.org/wiki/Wrestling_at_the_1988_Summer_Olympics_%E2%80%93_Men%27s_freestyle_130_kg,Wrestling,Men's freestyle 130 kg,1988,Summer,Sangmu Gymnasium,1988-09-29,15,15
Q1005036,Swimming at the 2008 Summer Olympics – Men's 200 metre butterfly,https://en.wikipedia.org/wiki/Swimming_at_the_2008_Summer_Olympics_%E2%80%93_Men%27s_200_metre_butterfly,Swimming,Men's 200 metre butterfly,2008,Summer,Beijing National Aquatics Center,2008-08-11,44,39
Q15055029,Cross-country skiing at the 2014 Winter Olympics – Men's 50 kilometre freestyle,https://en.wikipedia.org/wiki/Cross-country_skiing_at_the_2014_Winter_Olympics_%E2%80%93_Men%27s_50_kilometre_freestyle,Cross-country skiing,Men's 50 kilometre freestyle,2014,Winter,Laura Biathlon & Ski Complex,2014-02-23,64,26
Q3001452,Cycling at the 1988 Summer Olympics – Men's individual road race,https://en.wikipedia.org/wiki/Cycling_at_the_1988_Summer_Olympics_%E2%80%93_Men%27s_individual_road_race,Cycling,Men's road race,1988,Summer,Seoul,1988-09-27,136,54
Q7500830,Shooting at the 2004 Summer Olympics – Men's 25 metre rapid fire pistol,https://en.wikipedia.org/wiki/Shooting_at_the_2004_Summer_Olympics_%E2%80%93_Men%27s_25_metre_rapid_fire_pistol,Shooting,Men's 25 metre rapid fire pistol,2004,Summer,Markopoulo Olympic Shooting Centre,2004-08-21,17,14
Q15055018,Cross-country skiing at the 2014 Winter Olympics – Women's 10 kilometre classical,https://en.wikipedia.org/wiki/Cross-country_skiing_at_the_2014_Winter_Olympics_%E2%80%93_Women%27s_10_kilometre_classical,Cross-country skiing,Women's 10 kilometre classical,2014,Winter,Laura Biathlon & Ski Complex,2014-02-13,76,40
Q910720,Alpine skiing at the 2010 Winter Olympics – Men's combined,https://en.wikipedia.org/wiki/Alpine_skiing_at_the_2010_Winter_Olympics_%E2%80%93_Men%27s_combined,Alpine skiing,Men's combined,2010,Winter,"Whistler CreeksideWhistler, British Columbia",2010-02-21,52,22
Q962650,Equestrian at the 2012 Summer Olympics – Individual dressage,https://en.wikipedia.org/wiki/Equestrian_at_the_2012_Summer_Olympics_%E2%80%93_Individual_dressage,Equestrian,Individual dressage,2012,Summer,Greenwich Park,2012-08-02,50,23
Q7500802,Shooting at the 1996 Summer Olympics – Women's 50 metre rifle three positions,https://en.wikipedia.org/wiki/Shooting_at_the_1996_Summer_Olympics_%E2%80%93_Women%27s_50_metre_rifle_three_positions,Shooting,Women's 50 metre rifle three positions,1996,Summer,Wolf Creek Shooting Complex,1996-07-24,38,21
Q526793,Speed skating at the 1988 Winter Olympics – Women's 1500 metres,https://en.wikipedia.org/wiki/Speed_skating_at_the_1988_Winter_Olympics_%E2%80%93_Women%27s_1500_metres,Speed skating,Women's 1500 metres,1988,Winter,Olympic Oval,1988-02-27,28,13
Q31843483,Equestrian at the 1988 Summer Olympics – Team jumping,https://en.wikipedia.org/wiki/Equestrian_at_the_1988_Summer_Olympics_%E2%80%93_Team_jumping,Equestrian,Team jumping,1988,Summer,Seoul Olympic Stadium,1988-09-28,64,16
Q1222018,Cross-country skiing at the 1992 Winter Olympics – Women's 30 kilometre freestyle,https://en.wikipedia.org/wiki/Cross-country_skiing_at_the_1992_Winter_Olympics_%E2%80%93_Women%27s_30_kilometre_freestyle,Cross-country skiing,Women's 30 kilometre freestyle,1992,Winter,Les Saisies,1992-02-21,57,19
Q7400345,Sailing at the 2004 Summer Olympics – Men's Mistral One Design,https://en.wikipedia.org/wiki/Sailing_at_the_2004_Summer_Olympics_%E2%80%93_Men%27s_Mistral_One_Design,Sailing,Mistral One Design,2004,Summer,Agios Kosmas Olympic Sailing Centre,,34,34
Q940196,Shooting at the 2008 Summer Olympics – Men's 10 metre air pistol,https://en.wikipedia.org/wiki/Shooting_at_the_2008_Summer_Olympics_%E2%80%93_Men%27s_10_metre_air_pistol,Shooting,Men's 10 metre air pistol,2008,Summer,Beijing Shooting Range Hall,2008-08-09,48,35
Q7500810,Shooting at the 2000 Summer Olympics – Men's 25 metre rapid fire pistol,https://en.wikipedia.org/wiki/Shooting_at_the_2000_Summer_Olympics_%E2%80%93_Men%27s_25_metre_rapid_fire_pistol,Shooting,Men's 25 metre rapid fire pistol,2000,Summer,Sydney International Shooting Centre,2000-09-20,20,17
Q4903025,Figure skating at the 2002 Winter Olympics – Pair skating,https://en.wikipedia.org/wiki/Figure_skating_at_the_2002_Winter_Olympics_%E2%80%93_Pair_skating,Figure skating,Figure skating pair skating,2002,Winter,"Salt Lake Ice CenterSalt Lake City, Utah",2002-02-09,20,12
Q30680431,Equestrian at the 1992 Summer Olympics – Individual dressage,https://en.wikipedia.org/wiki/Equestrian_at_the_1992_Summer_Olympics_%E2%80%93_Individual_dressage,Equestrian,Individual dressage,1992,Summer,Real Club de Polo de Barcelona,1992-08-02,48,18
Q7400325,Sailing at the 1996 Summer Olympics – Women's 470,https://en.wikipedia.org/wiki/Sailing_at_the_1996_Summer_Olympics_%E2%80%93_Women%27s_470,Sailing,470 Women's,1996,Summer,Savannah,1996-07-24,44,22
Q746397,Snowboarding at the 2006 Winter Olympics – Men's parallel giant slalom,https://en.wikipedia.org/wiki/Snowboarding_at_the_2006_Winter_Olympics_%E2%80%93_Men%27s_parallel_giant_slalom,Snowboarding,Men's parallel giant slalom,2006,Winter,Bardonecchia,2006-02-22,36,14
Q1426854,Athletics at the 1996 Summer Olympics – Men's 800 metres,https://en.wikipedia.org/wiki/Athletics_at_the_1996_Summer_Olympics_%E2%80%93_Men%27s_800_metres,Athletics,Men's 800 metres,1996,Summer,Centennial Olympic Stadium,1996-07-28,56,40
Q7400340,Sailing at the 2004 Summer Olympics – Europe,https://en.wikipedia.org/wiki/Sailing_at_the_2004_Summer_Olympics_%E2%80%93_Europe,Sailing,Europe,2004,Summer,Agios Kosmas Olympic Sailing Centre,,25,25
Q848641,Luge at the 2010 Winter Olympics – Men's singles,https://en.wikipedia.org/wiki/Luge_at_the_2010_Winter_Olympics_%E2%80%93_Men%27s_singles,Luge,Men's singles,2010,Winter,Whistler Sliding Centre,2010-02-13,38,22
Q829370,Tennis at the 2012 Summer Olympics – Women's singles,https://en.wikipedia.org/wiki/Tennis_at_the_2012_Summer_Olympics_%E2%80%93_Women%27s_singles,Tennis,Women's singles tennis,2012,Summer,All England Lawn Tennis and Croquet Club,2012-07-28,64,33
Q635603,Speed skating at the 2002 Winter Olympics – Women's 5000 metres,https://en.wikipedia.org/wiki/Speed_skating_at_the_2002_Winter_Olympics_%E2%80%93_Women%27s_5000_metres,Speed skating,Women's 5000 metres,2002,Winter,Utah Olympic Oval,2002-02-23,16,7
Q3499066,Wrestling at the 1988 Summer Olympics – Men's freestyle 82 kg,https://en.wikipedia.org/wiki/Wrestling_at_the_1988_Summer_Olympics_%E2%80%93_Men%27s_freestyle_82_kg,Wrestling,Men's freestyle 82 kg,1988,Summer,Sangmu Gymnasium,1988-09-29,29,29
Q782385,Figure skating at the 2006 Winter Olympics – Ice dance,https://en.wikipedia.org/wiki/Figure_skating_at_the_2006_Winter_Olympics_%E2%80%93_Ice_dance,Figure skating,Ice dance,2006,Winter,"Palavela Turin, Italy",2006-02-20,24,16
Q7500832,Shooting at the 2004 Summer Olympics – Men's 50 metre rifle prone,https://en.wikipedia.org/wiki/Shooting_at_the_2004_Summer_Olympics_%E2%80%93_Men%27s_50_metre_rifle_prone,Shooting,Men's 50 metre rifle prone,2004,Summer,Markópoulo Olympic ShootingCentre,2004-08-20,46,34
Q1222251,Luge at the 1992 Winter Olympics – Women's singles,https://en.wikipedia.org/wiki/Luge_at_the_1992_Winter_Olympics_%E2%80%93_Women%27s_singles,Luge,Women's singles,1992,Winter,La Plagne,1992-02-11,24,12
Q6303859,Judo at the 1996 Summer Olympics – Men's 65 kg,https://en.wikipedia.org/wiki/Judo_at_the_1996_Summer_Olympics_%E2%80%93_Men%27s_65_kg,Judo,Men's 65 kg,1996,Summer,Georgia World Congress Center,1996-07-25,36,36
Q2558792,Sailing at the 2008 Summer Olympics – Women's RS:X,https://en.wikipedia.org/wiki/Sailing_at_the_2008_Summer_Olympics_%E2%80%93_Women%27s_RS%3AX,Sailing,Women's RS:X,2008,Summer,Qingdao International Sailing Centre,,27,27
Q18728,Curling at the 2010 Winter Olympics – Men's tournament,https://en.wikipedia.org/wiki/Curling_at_the_2010_Winter_Olympics_%E2%80%93_Men%27s_tournament,Curling,Curling - Men's tournament,2010,Winter,Vancouver Olympic/Paralympic Centre,2010-02-16,,
Q736527,Shooting at the 2008 Summer Olympics – Women's 10 metre air pistol,https://en.wikipedia.org/wiki/Shooting_at_the_2008_Summer_Olympics_%E2%80%93_Women%27s_10_metre_air_pistol,Shooting,Women's 10 metre air pistol,2008,Summer,Beijing Shooting Range Hall,2008-08-10,44,30
Q24906792,Cycling at the 2016 Summer Olympics – Women's road time trial,https://en.wikipedia.org/wiki/Cycling_at_the_2016_Summer_Olympics_%E2%80%93_Women%27s_road_time_trial,Cycling,Women's road time trial,2016,Summer,"Pontal, Rio de Janeiro29.8",2016-08-10,25,18
Q7400344,Sailing at the 2004 Summer Olympics – Men's 470,https://en.wikipedia.org/wiki/Sailing_at_the_2004_Summer_Olympics_%E2%80%93_Men%27s_470,Sailing,Men's 470,2004,Summer,Agios Kosmas Olympic Sailing Centre,,54,27
Q3390067,Weightlifting at the 1996 Summer Olympics – Men's 54 kg,https://en.wikipedia.org/wiki/Weightlifting_at_the_1996_Summer_Olympics_%E2%80%93_Men%27s_54_kg,Weightlifting,Men's 54 kg,1996,Summer,Georgia World Congress Center,1996-07-20,22,19
Q22964444,Rowing at the 1992 Summer Olympics – Men's coxed pair,https://en.wikipedia.org/wiki/Rowing_at_the_1992_Summer_Olympics_%E2%80%93_Men%27s_coxed_pair,Rowing,Men's coxed pair,1992,Summer,Lake of Banyoles,1992-07-28,49,16
Q4951843,Boxing at the 2000 Summer Olympics – Light middleweight,https://en.wikipedia.org/wiki/Boxing_at_the_2000_Summer_Olympics_%E2%80%93_Light_middleweight,Boxing,Men's light middleweight boxing,2000,Summer,Sydney Convention and Exhibition Centre,2000-09-19,28,28
Q1005262,Wrestling at the 2008 Summer Olympics – Men's freestyle 74 kg,https://en.wikipedia.org/wiki/Wrestling_at_the_2008_Summer_Olympics_%E2%80%93_Men%27s_freestyle_74_kg,Wrestling,Men's freestyle 74 kg,2008,Summer,China Agricultural University Gymnasium,2008-08-20,21,21
Q2269694,Cycling at the 2012 Summer Olympics – Women's team sprint,https://en.wikipedia.org/wiki/Cycling_at_the_2012_Summer_Olympics_%E2%80%93_Women%27s_team_sprint,Cycling,Women's cycling team sprint,2012,Summer,London Velopark,2012-08-02,20,10
Q30680433,Equestrian at the 1988 Summer Olympics – Individual dressage,https://en.wikipedia.org/wiki/Equestrian_at_the_1988_Summer_Olympics_%E2%80%93_Individual_dressage,Equestrian,Individual dressage,1988,Summer,Seoul Race Park,1988-09-24,53,18
Q2410252,Sailing at the 2012 Summer Olympics – Finn,https://en.wikipedia.org/wiki/Sailing_at_the_2012_Summer_Olympics_%E2%80%93_Finn,Sailing,Men's Finn,2012,Summer,Weymouth and Portland National Sailing Academy,2012-07-29,24,24
Q847592,Athletics at the 2008 Summer Olympics – Women's pole vault,https://en.wikipedia.org/wiki/Athletics_at_the_2008_Summer_Olympics_%E2%80%93_Women%27s_pole_vault,Athletics,Women's pole vault,2008,Summer,Beijing National Stadium,2008-08-16,36,24
Q1222641,Alpine skiing at the 1988 Winter Olympics – Women's super-G,https://en.wikipedia.org/wiki/Alpine_skiing_at_the_1988_Winter_Olympics_%E2%80%93_Women%27s_super-G,Alpine skiing,Women's Super G,1988,Winter,Nakiska,1988-02-22,46,20
Q2269716,Swimming at the 2012 Summer Olympics – Women's 200 metre breaststroke,https://en.wikipedia.org/wiki/Swimming_at_the_2012_Summer_Olympics_%E2%80%93_Women%27s_200_metre_breaststroke,Swimming,Women's 200 metre breaststroke,2012,Summer,London Aquatics Centre,2012-08-01,34,27
Q2634499,"Athletics at the 2004 Summer Olympics – Men's 10,000 metres",https://en.wikipedia.org/wiki/Athletics_at_the_2004_Summer_Olympics_%E2%80%93_Men%27s_10%2C000_metres,Athletics,"Men's 10,000 metres",2004,Summer,Athens Olympic Stadium,2004-08-20,24,14
Q905715,Alpine skiing at the 2010 Winter Olympics – Women's giant slalom,https://en.wikipedia.org/wiki/Alpine_skiing_at_the_2010_Winter_Olympics_%E2%80%93_Women%27s_giant_slalom,Alpine skiing,Women's giant slalom,2010,Winter,"Whistler CreeksideWhistler, British Columbia",2010-02-24,86,47
Q936622,Athletics at the 2004 Summer Olympics – Men's 20 kilometres walk,https://en.wikipedia.org/wiki/Athletics_at_the_2004_Summer_Olympics_%E2%80%93_Men%27s_20_kilometres_walk,Athletics,Men's 20 kilometres walk,2004,Summer,Athens Olympic Stadium,2004-08-20,48,28
Q7400317,Sailing at the 1996 Summer Olympics – Europe,https://en.wikipedia.org/wiki/Sailing_at_the_1996_Summer_Olympics_%E2%80%93_Europe,Sailing,Europe,1996,Summer,Savannah,1996-07-22,28,28
Q7400350,Sailing at the 2004 Summer Olympics – Yngling,https://en.wikipedia.org/wiki/Sailing_at_the_2004_Summer_Olympics_%E2%80%93_Yngling,Sailing,Woman's Yngling,2004,Summer,Agios Kosmas Olympic Sailing Centre,,48,16
Q15052022,Biathlon at the 2014 Winter Olympics – Women's mass start,https://en.wikipedia.org/wiki/Biathlon_at_the_2014_Winter_Olympics_%E2%80%93_Women%27s_mass_start,Biathlon,Women's mass start,2014,Winter,Laura Biathlon & Ski Complex,2014-02-17,30,15
Q1426826,Athletics at the 2000 Summer Olympics – Men's decathlon,https://en.wikipedia.org/wiki/Athletics_at_the_2000_Summer_Olympics_%E2%80%93_Men%27s_decathlon,Athletics,Men's decathlon,2000,Summer,,2000-09-27,36,23
Q919242,Canoeing at the 2012 Summer Olympics – Women's K-1 200 metres,https://en.wikipedia.org/wiki/Canoeing_at_the_2012_Summer_Olympics_%E2%80%93_Women%27s_K-1_200_metres,Canoeing,Women's canoe sprint K-1 200 metres,2012,Summer,Eton Dorney,2012-08-10,29,29
Q901754,Tennis at the 1992 Summer Olympics – Men's singles,https://en.wikipedia.org/wiki/Tennis_at_the_1992_Summer_Olympics_%E2%80%93_Men%27s_singles,Tennis,Men's singles tennis,1992,Summer,"Tennis de la Vall d'Hebron, Barcelona",1992-07-28,64,35
Q853040,Athletics at the 2008 Summer Olympics – Women's 100 metres,https://en.wikipedia.org/wiki/Athletics_at_the_2008_Summer_Olympics_%E2%80%93_Women%27s_100_metres,Athletics,Women's 100 metres,2008,Summer,Beijing National Stadium,2008-08-16,85,69
Q1222257,Luge at the 1994 Winter Olympics – Women's singles,https://en.wikipedia.org/wiki/Luge_at_the_1994_Winter_Olympics_%E2%80%93_Women%27s_singles,Luge,Women's singles,1994,Winter,Lillehammer Olympic Bobsleigh and Luge Track,1994-02-15,25,14
Q919388,Canoeing at the 2012 Summer Olympics – Women's K-1 500 metres,https://en.wikipedia.org/wiki/Canoeing_at_the_2012_Summer_Olympics_%E2%80%93_Women%27s_K-1_500_metres,Canoeing,Women's canoe sprint K-1 500 metres,2012,Summer,Eton Dorney,2012-08-07,25,25
Q15056224,Speed skating at the 2014 Winter Olympics – Women's 500 metres,https://en.wikipedia.org/wiki/Speed_skating_at_the_2014_Winter_Olympics_%E2%80%93_Women%27s_500_metres,Speed skating,Women's 500 metres,2014,Winter,Adler Arena Skating Center,2014-02-11,35,12
Q1005237,Wrestling at the 2008 Summer Olympics – Men's Greco-Roman 60 kg,https://en.wikipedia.org/wiki/Wrestling_at_the_2008_Summer_Olympics_%E2%80%93_Men%27s_Greco-Roman_60_kg,Wrestling,Men's Greco-Roman 60 kg,2008,Summer,China Agricultural University Gymnasium,2008-08-12,20,20
Q15055037,Cross-country skiing at the 2014 Winter Olympics – Women's 4 × 5 kilometre relay,https://en.wikipedia.org/wiki/Cross-country_skiing_at_the_2014_Winter_Olympics_%E2%80%93_Women%27s_4_%C3%97_5_kilometre_relay,Cross-country skiing,Women's 4 × 5 kilometre relay,2014,Winter,Laura Biathlon & Ski Complex,2014-02-15,56,14
Q7500798,Shooting at the 1996 Summer Olympics – Women's 10 metre air pistol,https://en.wikipedia.org/wiki/Shooting_at_the_1996_Summer_Olympics_%E2%80%93_Women%27s_10_metre_air_pistol,Shooting,Women's 10 metre air pistol,1996,Summer,Wolf Creek Shooting Complex,1996-07-21,41,26
Q901122,Tennis at the 1992 Summer Olympics – Women's singles,https://en.wikipedia.org/wiki/Tennis_at_the_1992_Summer_Olympics_%E2%80%93_Women%27s_singles,Tennis,Women's singles tennis,1992,Summer,Tennis de la Vall d'Hebron,1992-07-28,64,30
Q2303578,Taekwondo at the 2012 Summer Olympics – Women's 67 kg,https://en.wikipedia.org/wiki/Taekwondo_at_the_2012_Summer_Olympics_%E2%80%93_Women%27s_67_kg,Taekwondo,Women's 67kg,2012,Summer,ExCeL Exhibition Centre,2012-08-10,16,16
Q1222203,Alpine skiing at the 1988 Winter Olympics – Women's combined,https://en.wikipedia.org/wiki/Alpine_skiing_at_the_1988_Winter_Olympics_%E2%80%93_Women%27s_combined,Alpine skiing,Women's combined,1988,Winter,Nakiska,1988-02-20,39,14
Q853023,Athletics at the 2008 Summer Olympics – Men's 20 kilometres walk,https://en.wikipedia.org/wiki/Athletics_at_the_2008_Summer_Olympics_%E2%80%93_Men%27s_20_kilometres_walk,Athletics,Men's 20 kilometres walk,2008,Summer,Beijing Olympic Stadium,2008-08-16,51,30
Q4786038,Archery at the 1988 Summer Olympics – Women's team,https://en.wikipedia.org/wiki/Archery_at_the_1988_Summer_Olympics_%E2%80%93_Women%27s_team,Archery,Women's team,1988,Summer,Hwarang Archery Field,1988-09-27,45,15
Q15055081,Snowboarding at the 2014 Winter Olympics – Men's halfpipe,https://en.wikipedia.org/wiki/Snowboarding_at_the_2014_Winter_Olympics_%E2%80%93_Men%27s_halfpipe,Snowboarding,Men's halfpipe,2014,Winter,Rosa Khutor Extreme Park,2014-02-11,39,16
Q7674779,Taekwondo at the 2000 Summer Olympics – Men's 68 kg,https://en.wikipedia.org/wiki/Taekwondo_at_the_2000_Summer_Olympics_%E2%80%93_Men%27s_68_kg,Taekwondo,Men's 68 kg,2000,Summer,State Sports Centre,2000-09-28,14,14
Q2451718,Table tennis at the 2012 Summer Olympics – Women's singles,https://en.wikipedia.org/wiki/Table_tennis_at_the_2012_Summer_Olympics_%E2%80%93_Women%27s_singles,Table tennis,Women's singles,2012,Summer,ExCeL London,2012-07-28,70,45
Q7656727,Swimming at the 1988 Summer Olympics – Women's 50 metre freestyle,https://en.wikipedia.org/wiki/Swimming_at_the_1988_Summer_Olympics_%E2%80%93_Women%27s_50_metre_freestyle,Swimming,Women's 50 metre freestyle,1988,Summer,Jamsil Indoor Swimming Pool,1988-09-25,50,33
Q25396733,Shooting at the 2016 Summer Olympics – Men's 10 metre air pistol,https://en.wikipedia.org/wiki/Shooting_at_the_2016_Summer_Olympics_%E2%80%93_Men%27s_10_metre_air_pistol,Shooting,Men's 10 metre air pistol,2016,Summer,National Shooting Center,2016-08-06,46,35
Q1005660,Taekwondo at the 2008 Summer Olympics – Men's +80 kg,https://en.wikipedia.org/wiki/Taekwondo_at_the_2008_Summer_Olympics_%E2%80%93_Men%27s_%2B80_kg,Taekwondo,Men's +80 kg,2008,Summer,Beijing Science and Technology University Gymnasium,2008-08-23,16,16
Q7500799,Shooting at the 1996 Summer Olympics – Women's 10 metre air rifle,https://en.wikipedia.org/wiki/Shooting_at_the_1996_Summer_Olympics_%E2%80%93_Women%27s_10_metre_air_rifle,Shooting,Women's 10 metre air rifle,1996,Summer,Wolf Creek Shooting Complex,1996-07-20,49,31
Q916724,Cross-country skiing at the 2010 Winter Olympics – Men's 50 kilometre classical,https://en.wikipedia.org/wiki/Cross-country_skiing_at_the_2010_Winter_Olympics_%E2%80%93_Men%27s_50_kilometre_classical,Cross-country skiing,Men's 50 kilometre classical,2010,Winter,Whistler Olympic Park,2010-02-28,55,22
Q1001497,Sailing at the 2008 Summer Olympics – Finn,https://en.wikipedia.org/wiki/Sailing_at_the_2008_Summer_Olympics_%E2%80%93_Finn,Sailing,Mixed Finn,2008,Summer,Qingdao International Sailing Centre,,26,26
Q2268100,Shooting at the 2012 Summer Olympics – Men's skeet,https://en.wikipedia.org/wiki/Shooting_at_the_2012_Summer_Olympics_%E2%80%93_Men%27s_skeet,Shooting,Men's skeet,2012,Summer,Royal Artillery Barracks,2012-07-30,36,26
Q1005434,Canoeing at the 2012 Summer Olympics – Men's K-1 200 metres,https://en.wikipedia.org/wiki/Canoeing_at_the_2012_Summer_Olympics_%E2%80%93_Men%27s_K-1_200_metres,Canoeing,Men's canoe sprint K-1 200 metres,2012,Summer,Eton Dorney,2012-08-10,20,20
Q917743,Alpine skiing at the 2006 Winter Olympics – Men's slalom,https://en.wikipedia.org/wiki/Alpine_skiing_at_the_2006_Winter_Olympics_%E2%80%93_Men%27s_slalom,Alpine skiing,Men's slalom,2006,Winter,Sestriere,2006-02-25,97,49
Q15055079,Snowboarding at the 2014 Winter Olympics – Women's halfpipe,https://en.wikipedia.org/wiki/Snowboarding_at_the_2014_Winter_Olympics_%E2%80%93_Women%27s_halfpipe,Snowboarding,Women's halfpipe,2014,Winter,Rosa Khutor Extreme Park,2014-02-12,28,13
Q1360804,Archery at the 2008 Summer Olympics – Women's individual,https://en.wikipedia.org/wiki/Archery_at_the_2008_Summer_Olympics_%E2%80%93_Women%27s_individual,Archery,Women's individual,2008,Summer,Olympic Green Archery Field,2008-08-09,64,35
Q1222176,Biathlon at the 2002 Winter Olympics – Women's sprint,https://en.wikipedia.org/wiki/Biathlon_at_the_2002_Winter_Olympics_%E2%80%93_Women%27s_sprint,Biathlon,Women's biathlon sprint,2002,Winter,Soldier Hollow,2002-02-13,74,27
Q2723756,Athletics at the 2004 Summer Olympics – Women's 5000 metres,https://en.wikipedia.org/wiki/Athletics_at_the_2004_Summer_Olympics_%E2%80%93_Women%27s_5000_metres,Athletics,Women's 5000 metres,2004,Summer,Athens Olympic Stadium,2004-08-20,41,28
Q963453,Gymnastics at the 1996 Summer Olympics – Women's artistic team all-around,https://en.wikipedia.org/wiki/Gymnastics_at_the_1996_Summer_Olympics_%E2%80%93_Women%27s_artistic_team_all-around,Gymnastics,Women's artistic team all-around,1996,Summer,Georgia Dome,1996-07-21,82,12
Q1222165,Cross-country skiing at the 1992 Winter Olympics – Women's 5 kilometre classical,https://en.wikipedia.org/wiki/Cross-country_skiing_at_the_1992_Winter_Olympics_%E2%80%93_Women%27s_5_kilometre_classical,Cross-country skiing,Women's 5km,1992,Winter,Les Saisies,1992-02-13,62,21
Q2390636,Canoeing at the 2012 Summer Olympics – Men's C-1 200 metres,https://en.wikipedia.org/wiki/Canoeing_at_the_2012_Summer_Olympics_%E2%80%93_Men%27s_C-1_200_metres,Canoeing,Men's canoe sprint C-1 200m,2012,Summer,Eton Dorney,2012-08-10,25,25
Q767959,Wrestling at the 2012 Summer Olympics – Men's freestyle 96 kg,https://en.wikipedia.org/wiki/Wrestling_at_the_2012_Summer_Olympics_%E2%80%93_Men%27s_freestyle_96_kg,Wrestling,Men's freestyle 96 kg,2012,Summer,ExCeL London,2012-08-12,19,19
Q683164,Swimming at the 2008 Summer Olympics – Men's 400 metre individual medley,https://en.wikipedia.org/wiki/Swimming_at_the_2008_Summer_Olympics_%E2%80%93_Men%27s_400_metre_individual_medley,Swimming,Men's 400 metre individual medley,2008,Summer,Beijing National Aquatics Center,2008-08-09,29,22
Q2380135,Weightlifting at the 2012 Summer Olympics – Women's 63 kg,https://en.wikipedia.org/wiki/Weightlifting_at_the_2012_Summer_Olympics_%E2%80%93_Women%27s_63_kg,Weightlifting,Women's 63 kg,2012,Summer,ExCeL London,2012-07-31,10,10
Q339188,Speed skating at the 1992 Winter Olympics – Women's 500 metres,https://en.wikipedia.org/wiki/Speed_skating_at_the_1992_Winter_Olympics_%E2%80%93_Women%27s_500_metres,Speed skating,Women's 500 metres,1992,Winter,L'anneau de vitesse,1992-02-10,34,12
Q3499941,Wrestling at the 1988 Summer Olympics – Men's Greco-Roman 62 kg,https://en.wikipedia.org/wiki/Wrestling_at_the_1988_Summer_Olympics_%E2%80%93_Men%27s_Greco-Roman_62_kg,Wrestling,Men's Greco-Roman 62 kg,1988,Summer,Sangmu Gymnasium,1988-09-18,17,17
Q241789,Weightlifting at the 2012 Summer Olympics – Women's 53 kg,https://en.wikipedia.org/wiki/Weightlifting_at_the_2012_Summer_Olympics_%E2%80%93_Women%27s_53_kg,Weightlifting,Women's 53 kg,2012,Summer,ExCeL London,2012-07-29,18,17
Q1222108,Speed skating at the 1998 Winter Olympics – Women's 5000 metres,https://en.wikipedia.org/wiki/Speed_skating_at_the_1998_Winter_Olympics_%E2%80%93_Women%27s_5000_metres,Speed skating,Women's 5000 metres,1998,Winter,M-Wave,1998-02-20,16,9
Q7656716,Swimming at the 1988 Summer Olympics – Women's 200 metre butterfly,https://en.wikipedia.org/wiki/Swimming_at_the_1988_Summer_Olympics_%E2%80%93_Women%27s_200_metre_butterfly,Swimming,Women's 200 metre butterfly,1988,Summer,Jamsil Indoor Swimming Pool,1988-09-25,28,21
Q15055001,Alpine skiing at the 2014 Winter Olympics – Men's giant slalom,https://en.wikipedia.org/wiki/Alpine_skiing_at_the_2014_Winter_Olympics_%E2%80%93_Men%27s_giant_slalom,Alpine skiing,Men's giant slalom,2014,Winter,Rosa Khutor Alpine Resort,2014-02-19,109,62
Q947678,Athletics at the 2008 Summer Olympics – Women's 20 kilometres walk,https://en.wikipedia.org/wiki/Athletics_at_the_2008_Summer_Olympics_%E2%80%93_Women%27s_20_kilometres_walk,Athletics,Women's 20 kilometres walk,2008,Summer,Beijing National Stadium,2008-08-21,48,30
Q1005606,Shooting at the 2008 Summer Olympics – Men's 10 metre air rifle,https://en.wikipedia.org/wiki/Shooting_at_the_2008_Summer_Olympics_%E2%80%93_Men%27s_10_metre_air_rifle,Shooting,Men's 10 metre air rifle,2008,Summer,Beijing Shooting Range Hall,2008-08-11,51,37
Q7656720,Swimming at the 1988 Summer Olympics – Women's 400 metre freestyle,https://en.wikipedia.org/wiki/Swimming_at_the_1988_Summer_Olympics_%E2%80%93_Women%27s_400_metre_freestyle,Swimming,Women's 400 metre freestyle,1988,Summer,Jamsil Indoor Swimming Pool,1988-09-22,30,21
Q782722,Sailing at the 2012 Summer Olympics – 49er,https://en.wikipedia.org/wiki/Sailing_at_the_2012_Summer_Olympics_%E2%80%93_49er,Sailing,Men's 49er,2012,Summer,Weymouth and Portland National Sailing Academy,2012-07-30,40,20
Q3498614,Wrestling at the 1992 Summer Olympics – Men's freestyle 62 kg,https://en.wikipedia.org/wiki/Wrestling_at_the_1992_Summer_Olympics_%E2%80%93_Men%27s_freestyle_62_kg,Wrestling,Men's freestyle 62 kg,1992,Summer,Institut Nacional d'Educació Física de Catalunya,1992-08-05,21,21
Q275887,Cycling at the 1996 Summer Olympics – Men's time trial,https://en.wikipedia.org/wiki/Cycling_at_the_1996_Summer_Olympics_%E2%80%93_Men%27s_time_trial,Cycling,Men's road time trial,1996,Summer,,,38,23
Q15021060,Biathlon at the 2014 Winter Olympics – Men's individual,https://en.wikipedia.org/wiki/Biathlon_at_the_2014_Winter_Olympics_%E2%80%93_Men%27s_individual,Biathlon,Men's individual,2014,Winter,Laura Biathlon & Ski Complex,2014-02-13,89,31
Q7656713,Swimming at the 1988 Summer Olympics – Women's 200 metre backstroke,https://en.wikipedia.org/wiki/Swimming_at_the_1988_Summer_Olympics_%E2%80%93_Women%27s_200_metre_backstroke,Swimming,Women's 200 metre backstroke,1988,Summer,Jamsil Indoor Swimming Pool,1988-09-25,34,25
Q1221812,Short-track speed skating at the 1998 Winter Olympics – Women's 1000 metres,https://en.wikipedia.org/wiki/Short-track_speed_skating_at_the_1998_Winter_Olympics_%E2%80%93_Women%27s_1000_metres,Short-track speed skating,Women's 1000 metres,1998,Winter,White Ring,1998-02-21,31,13
Q6303882,Judo at the 2000 Summer Olympics – Men's 90 kg,https://en.wikipedia.org/wiki/Judo_at_the_2000_Summer_Olympics_%E2%80%93_Men%27s_90_kg,Judo,Men's 90 kg,2000,Summer,Sydney Convention and Exhibition Centre,2000-09-20,32,32
Q220386,Cross-country skiing at the 2010 Winter Olympics – Women's 15 kilometre pursuit,https://en.wikipedia.org/wiki/Cross-country_skiing_at_the_2010_Winter_Olympics_%E2%80%93_Women%27s_15_kilometre_pursuit,Cross-country skiing,Women's 15 kilometre pursuit,2010,Winter,Whistler Olympic Park,2010-02-19,68,25
Q938791,Short-track speed skating at the 2010 Winter Olympics – Men's 1000 metres,https://en.wikipedia.org/wiki/Short-track_speed_skating_at_the_2010_Winter_Olympics_%E2%80%93_Men%27s_1000_metres,Short-track speed skating,Men's 1000 metres,2010,Winter,Pacific Coliseum,2010-02-20,32,18
Q1005363,Cycling at the 2008 Summer Olympics – Men's sprint,https://en.wikipedia.org/wiki/Cycling_at_the_2008_Summer_Olympics_%E2%80%93_Men%27s_sprint,Cycling,Men's sprint,2008,Summer,Laoshan Velodrome,2008-08-17,21,15
Q7400316,Sailing at the 1996 Summer Olympics – Finn,https://en.wikipedia.org/wiki/Sailing_at_the_1996_Summer_Olympics_%E2%80%93_Finn,Sailing,Finn Men's,1996,Summer,Savannah,1996-07-22,31,31
Q1005614,Cycling at the 2008 Summer Olympics – Men's Madison,https://en.wikipedia.org/wiki/Cycling_at_the_2008_Summer_Olympics_%E2%80%93_Men%27s_Madison,Cycling,Men's Madison,2008,Summer,Laoshan Velodrome,2008-08-19,32,16
Q7500834,Shooting at the 2004 Summer Olympics – Men's skeet,https://en.wikipedia.org/wiki/Shooting_at_the_2004_Summer_Olympics_%E2%80%93_Men%27s_skeet,Shooting,Men's skeet,2004,Summer,Markópoulo Olympic ShootingCentre,2004-08-04,41,32
Q927660,Tennis at the 1996 Summer Olympics – Men's singles,https://en.wikipedia.org/wiki/Tennis_at_the_1996_Summer_Olympics_%E2%80%93_Men%27s_singles,Tennis,Men's singles tennis,1996,Summer,"Stone Mountain Tennis Center, Atlanta",1996-07-23,64,36
Q629871,Nordic combined at the 2006 Winter Olympics – Individual Gundersen,https://en.wikipedia.org/wiki/Nordic_combined_at_the_2006_Winter_Olympics_%E2%80%93_Individual_Gundersen,Nordic combined,Individual Gundersen,2006,Winter,Pragelato,2006-02-11,50,15
Q848278,Athletics at the 2008 Summer Olympics – Women's shot put,https://en.wikipedia.org/wiki/Athletics_at_the_2008_Summer_Olympics_%E2%80%93_Women%27s_shot_put,Athletics,Women's shot put,2008,Summer,Beijing National Stadium,2008-08-16,35,22
Q916711,Cross-country skiing at the 2010 Winter Olympics – Men's team sprint,https://en.wikipedia.org/wiki/Cross-country_skiing_at_the_2010_Winter_Olympics_%E2%80%93_Men%27s_team_sprint,Cross-country skiing,Men's team sprint,2010,Winter,Whistler Olympic Park,2010-02-22,44,22
Q2196657,Weightlifting at the 2012 Summer Olympics – Men's 85 kg,https://en.wikipedia.org/wiki/Weightlifting_at_the_2012_Summer_Olympics_%E2%80%93_Men%27s_85_kg,Weightlifting,Men's 85 kg,2012,Summer,ExCeL London,2012-08-03,23,20
Q15056222,Speed skating at the 2014 Winter Olympics – Men's 1500 metres,https://en.wikipedia.org/wiki/Speed_skating_at_the_2014_Winter_Olympics_%E2%80%93_Men%27s_1500_metres,Speed skating,Men's 1500 metres,2014,Winter,Adler Arena Skating Center,2014-02-15,40,18
Q1222134,Short-track speed skating at the 1992 Winter Olympics – Women's 500 metres,https://en.wikipedia.org/wiki/Short-track_speed_skating_at_the_1992_Winter_Olympics_%E2%80%93_Women%27s_500_metres,Short-track speed skating,Women's 500 metres,1992,Winter,La halle de glace Olympique,1992-02-18,27,14
Q1346374,Shooting at the 2008 Summer Olympics – Men's 50 metre rifle three positions,https://en.wikipedia.org/wiki/Shooting_at_the_2008_Summer_Olympics_%E2%80%93_Men%27s_50_metre_rifle_three_positions,Shooting,Men's 50 metre rifle three positions,2008,Summer,Beijing Shooting Range Hall,2008-08-17,49,31
Q903439,Athletics at the 2008 Summer Olympics – Men's pole vault,https://en.wikipedia.org/wiki/Athletics_at_the_2008_Summer_Olympics_%E2%80%93_Men%27s_pole_vault,Athletics,Men's pole vault,2008,Summer,Beijing National Stadium,2008-08-20,38,25
Q25455359,Canoeing at the 2016 Summer Olympics – Men's K-1 1000 metres,https://en.wikipedia.org/wiki/Canoeing_at_the_2016_Summer_Olympics_%E2%80%93_Men%27s_K-1_1000_metres,Canoeing,"Men's canoe sprint K-1 1,000 metres",2016,Summer,Lagoa Stadium,2016-08-15,21,21
Q905555,Swimming at the 2012 Summer Olympics – Men's 200 metre breaststroke,https://en.wikipedia.org/wiki/Swimming_at_the_2012_Summer_Olympics_%E2%80%93_Men%27s_200_metre_breaststroke,Swimming,Men's 200 metre breaststroke,2012,Summer,London Aquatics Centre,2012-07-31,34,28
Q727488,Cycling at the 2008 Summer Olympics – Men's road time trial,https://en.wikipedia.org/wiki/Cycling_at_the_2008_Summer_Olympics_%E2%80%93_Men%27s_road_time_trial,Cycling,Men's cycling road time trial,2008,Summer,Urban Road Cycling Course47.6,2008-08-13,39,29
Q1222209,Alpine skiing at the 1992 Winter Olympics – Women's combined,https://en.wikipedia.org/wiki/Alpine_skiing_at_the_1992_Winter_Olympics_%E2%80%93_Women%27s_combined,Alpine skiing,Women's combined,1992,Winter,Meribel,1992-02-12,40,18
Q2353509,Shooting at the 2012 Summer Olympics – Women's trap,https://en.wikipedia.org/wiki/Shooting_at_the_2012_Summer_Olympics_%E2%80%93_Women%27s_trap,Shooting,Women's trap,2012,Summer,Royal Artillery Barracks,2012-08-04,22,21
Q15052019,Biathlon at the 2014 Winter Olympics – Women's individual,https://en.wikipedia.org/wiki/Biathlon_at_the_2014_Winter_Olympics_%E2%80%93_Women%27s_individual,Biathlon,Women's individual,2014,Winter,Laura Biathlon & Ski Complex,2014-02-14,82,32
Q531844,Nordic combined at the 2006 Winter Olympics – Sprint,https://en.wikipedia.org/wiki/Nordic_combined_at_the_2006_Winter_Olympics_%E2%80%93_Sprint,Nordic combined,Men's sprint,2006,Winter,Pragelato,2006-02-21,49,15
Q1004896,Weightlifting at the 2008 Summer Olympics – Men's 105 kg,https://en.wikipedia.org/wiki/Weightlifting_at_the_2008_Summer_Olympics_%E2%80%93_Men%27s_105_kg,Weightlifting,Men's 105 kg,2008,Summer,Beihang University Gymnasium,2008-08-18,20,16
Q1222646,Alpine skiing at the 1998 Winter Olympics – Women's super-G,https://en.wikipedia.org/wiki/Alpine_skiing_at_the_1998_Winter_Olympics_%E2%80%93_Women%27s_super-G,Alpine skiing,Women's super-G,1998,Winter,Hakuba,1998-02-11,43,19
Q916771,Speed skating at the 2010 Winter Olympics – Women's 5000 metres,https://en.wikipedia.org/wiki/Speed_skating_at_the_2010_Winter_Olympics_%E2%80%93_Women%27s_5000_metres,Speed skating,Women's 5000 metres,2010,Winter,Richmond Olympic Oval,2010-02-24,16,9
Q276040,Cycling at the 1996 Summer Olympics – Women's time trial,https://en.wikipedia.org/wiki/Cycling_at_the_1996_Summer_Olympics_%E2%80%93_Women%27s_time_trial,Cycling,Women's road time trial,1996,Summer,,1996-08-03,24,16
Q905659,Biathlon at the 2010 Winter Olympics – Men's individual,https://en.wikipedia.org/wiki/Biathlon_at_the_2010_Winter_Olympics_%E2%80%93_Men%27s_individual,Biathlon,Men's individual,2010,Winter,Whistler Olympic Park,2010-02-18,88,32
Q1222066,Cross-country skiing at the 2002 Winter Olympics – Women's 4 × 5 kilometre relay,https://en.wikipedia.org/wiki/Cross-country_skiing_at_the_2002_Winter_Olympics_%E2%80%93_Women%27s_4_%C3%97_5_kilometre_relay,Cross-country skiing,Women's 4 × 5 kilometre relay,2002,Winter,Soldier Hollow,2002-02-21,52,13
Q7979973,Weightlifting at the 1992 Summer Olympics – Men's 60 kg,https://en.wikipedia.org/wiki/Weightlifting_at_the_1992_Summer_Olympics_%E2%80%93_Men%27s_60_kg,Weightlifting,Men's 60 kg,1992,Summer,Pavelló de l'Espanya Industrial,1992-07-28,31,26
Q25386262,Fencing at the 2016 Summer Olympics – Men's épée,https://en.wikipedia.org/wiki/Fencing_at_the_2016_Summer_Olympics_%E2%80%93_Men%27s_%C3%A9p%C3%A9e,Fencing,Men's épée,2016,Summer,Carioca Arena 3,2016-08-09,38,20
Q31843481,Equestrian at the 1988 Summer Olympics – Individual eventing,https://en.wikipedia.org/wiki/Equestrian_at_the_1988_Summer_Olympics_%E2%80%93_Individual_eventing,Equestrian,Individual eventing,1988,Summer,"Seoul Equestrian Park, Wondang Ranch",1988-09-19,50,16
Q7500753,Shooting at the 1988 Summer Olympics – Women's 10 metre air rifle,https://en.wikipedia.org/wiki/Shooting_at_the_1988_Summer_Olympics_%E2%80%93_Women%27s_10_metre_air_rifle,Shooting,Women's 10 metre air rifle,1988,Summer,,1988-09-18,45,29
Q938779,Short-track speed skating at the 2010 Winter Olympics – Women's 500 metres,https://en.wikipedia.org/wiki/Short-track_speed_skating_at_the_2010_Winter_Olympics_%E2%80%93_Women%27s_500_metres,Short-track speed skating,Women's 500 metres,2010,Winter,Pacific Coliseum,2010-02-13,32,17
Q7400318,Sailing at the 1996 Summer Olympics – Laser,https://en.wikipedia.org/wiki/Sailing_at_the_1996_Summer_Olympics_%E2%80%93_Laser,Sailing,Open One Person Dinghy,1996,Summer,Savannah,1996-07-23,56,56
Q7656726,Swimming at the 1988 Summer Olympics – Women's 800 metre freestyle,https://en.wikipedia.org/wiki/Swimming_at_the_1988_Summer_Olympics_%E2%80%93_Women%27s_800_metre_freestyle,Swimming,Women's 800 metre freestyle,1988,Summer,Jamsil Indoor Swimming Pool,1988-09-23,27,19
Q3498949,Wrestling at the 1992 Summer Olympics – Men's Greco-Roman 62 kg,https://en.wikipedia.org/wiki/Wrestling_at_the_1992_Summer_Olympics_%E2%80%93_Men%27s_Greco-Roman_62_kg,Wrestling,Men's Greco-Roman 62 kg,1992,Summer,Institut Nacional d'Educació Física de Catalunya,1992-07-28,21,21
Q1426670,Athletics at the 1996 Summer Olympics – Men's javelin throw,https://en.wikipedia.org/wiki/Athletics_at_the_1996_Summer_Olympics_%E2%80%93_Men%27s_javelin_throw,Athletics,Men's javelin throw,1996,Summer,Centennial Olympic Stadium,1996-08-02,34,21
Q1433072,Athletics at the 2004 Summer Olympics – Men's discus throw,https://en.wikipedia.org/wiki/Athletics_at_the_2004_Summer_Olympics_%E2%80%93_Men%27s_discus_throw,Athletics,Men's discus throw,2004,Summer,Olympic Stadium,2004-08-21,39,26
Q280553,Biathlon at the 2002 Winter Olympics – Men's pursuit,https://en.wikipedia.org/wiki/Biathlon_at_the_2002_Winter_Olympics_%E2%80%93_Men%27s_pursuit,Biathlon,Men's biathlon pursuit,2002,Winter,Soldier Hollow,2002-02-16,57,25
Q15052014,Biathlon at the 2014 Winter Olympics – Men's relay,https://en.wikipedia.org/wiki/Biathlon_at_the_2014_Winter_Olympics_%E2%80%93_Men%27s_relay,Biathlon,Men's relay,2014,Winter,Laura Biathlon & Ski Complex,2014-02-22,76,19
Q7500838,Shooting at the 2004 Summer Olympics – Women's 25 metre pistol,https://en.wikipedia.org/wiki/Shooting_at_the_2004_Summer_Olympics_%E2%80%93_Women%27s_25_metre_pistol,Shooting,Women's 25 metre pistol,2004,Summer,Markópoulo Olympic ShootingCentre,2004-08-18,37,26
Q1432033,Athletics at the 2000 Summer Olympics – Women's pole vault,https://en.wikipedia.org/wiki/Athletics_at_the_2000_Summer_Olympics_%E2%80%93_Women%27s_pole_vault,Athletics,Women's pole vault,2000,Summer,Stadium Australia,2000-09-23,29,19
Q7500750,Shooting at the 1988 Summer Olympics – Mixed trap,https://en.wikipedia.org/wiki/Shooting_at_the_1988_Summer_Olympics_%E2%80%93_Mixed_trap,Shooting,Trap,1988,Summer,Taereung International Shooting Range,1988-09-20,49,28
Q850209,Short-track speed skating at the 2006 Winter Olympics – Men's 500 metres,https://en.wikipedia.org/wiki/Short-track_speed_skating_at_the_2006_Winter_Olympics_%E2%80%93_Men%27s_500_metres,Short-track speed skating,Men's 500 metres,2006,Winter,Torino Palavela,2006-02-22,27,16
Q7500804,Shooting at the 1996 Summer Olympics – Women's double trap,https://en.wikipedia.org/wiki/Shooting_at_the_1996_Summer_Olympics_%E2%80%93_Women%27s_double_trap,Shooting,Women's double trap,1996,Summer,Wolf Creek Shooting Complex,1996-07-23,21,14
Q7400335,Sailing at the 2000 Summer Olympics – Tornado,https://en.wikipedia.org/wiki/Sailing_at_the_2000_Summer_Olympics_%E2%80%93_Tornado,Sailing,Open Multihull,2000,Summer,Sydney,2000-09-17,32,16
Q7674778,Taekwondo at the 2000 Summer Olympics – Men's 80 kg,https://en.wikipedia.org/wiki/Taekwondo_at_the_2000_Summer_Olympics_%E2%80%93_Men%27s_80_kg,Taekwondo,Men's 80 kg,2000,Summer,State Sports Centre,2000-09-29,14,14
Q917760,Alpine skiing at the 2006 Winter Olympics – Women's super-G,https://en.wikipedia.org/wiki/Alpine_skiing_at_the_2006_Winter_Olympics_%E2%80%93_Women%27s_super-G,Alpine skiing,Women's super-G,2006,Winter,San Sicario,2006-02-20,56,24
Q7400322,Sailing at the 1996 Summer Olympics – Soling,https://en.wikipedia.org/wiki/Sailing_at_the_1996_Summer_Olympics_%E2%80%93_Soling,Sailing,Soling,1996,Summer,Savannah,1996-07-22,66,22
Q15055011,Alpine skiing at the 2014 Winter Olympics – Women's super-G,https://en.wikipedia.org/wiki/Alpine_skiing_at_the_2014_Winter_Olympics_%E2%80%93_Women%27s_super-G,Alpine skiing,Women's super-G,2014,Winter,"Rosa Khutor Alpine ResortKrasnaya Polyana, Russia",2014-02-15,50,25
Q750803,Freestyle skiing at the 2002 Winter Olympics – Men's moguls,https://en.wikipedia.org/wiki/Freestyle_skiing_at_the_2002_Winter_Olympics_%E2%80%93_Men%27s_moguls,Freestyle skiing,Men's moguls,2002,Winter,Park City,2002-02-12,30,12
Q942846,Athletics at the 1996 Summer Olympics – Women's 400 metres,https://en.wikipedia.org/wiki/Athletics_at_the_1996_Summer_Olympics_%E2%80%93_Women%27s_400_metres,Athletics,Women's 400 metres,1996,Summer,Centennial Olympic Stadium,1996-07-26,49,35
Q7674788,Taekwondo at the 2004 Summer Olympics – Men's +80 kg,https://en.wikipedia.org/wiki/Taekwondo_at_the_2004_Summer_Olympics_%E2%80%93_Men%27s_%2B80_kg,Taekwondo,Men's +80 kg,2004,Summer,Faliro Coastal Zone Olympic Complex,2004-08-29,16,16
Q4951837,Boxing at the 2000 Summer Olympics – Bantamweight,https://en.wikipedia.org/wiki/Boxing_at_the_2000_Summer_Olympics_%E2%80%93_Bantamweight,Boxing,Men's bantamweight boxing,2000,Summer,Sydney Convention and Exhibition Centre,2000-09-16,28,28
Q1202903,Archery at the 2008 Summer Olympics – Men's individual,https://en.wikipedia.org/wiki/Archery_at_the_2008_Summer_Olympics_%E2%80%93_Men%27s_individual,Archery,Men's individual,2008,Summer,Olympic Green Archery Field,2008-08-09,64,37
Q4786045,Archery at the 1992 Summer Olympics – Women's team,https://en.wikipedia.org/wiki/Archery_at_the_1992_Summer_Olympics_%E2%80%93_Women%27s_team,Archery,Women's team,1992,Summer,Camp Olímpic de Tir amb Arc,1992-07-31,51,17
Q850196,Freestyle skiing at the 2006 Winter Olympics – Women's moguls,https://en.wikipedia.org/wiki/Freestyle_skiing_at_the_2006_Winter_Olympics_%E2%80%93_Women%27s_moguls,Freestyle skiing,Women's moguls,2006,Winter,Sauze d'Oulx,2006-02-11,30,15
Q15055087,Snowboarding at the 2014 Winter Olympics – Men's parallel slalom,https://en.wikipedia.org/wiki/Snowboarding_at_the_2014_Winter_Olympics_%E2%80%93_Men%27s_parallel_slalom,Snowboarding,Men's parallel slalom,2014,Winter,Rosa Khutor Extreme Park,2014-02-22,32,12
Q302701,Figure skating at the 2006 Winter Olympics – Ladies' singles,https://en.wikipedia.org/wiki/Figure_skating_at_the_2006_Winter_Olympics_%E2%80%93_Ladies%27_singles,Figure skating,Women's singles,2006,Winter,"Palavela Turin, Italy",2006-02-20,29,19
Q7979969,Weightlifting at the 1992 Summer Olympics – Men's 110 kg,https://en.wikipedia.org/wiki/Weightlifting_at_the_1992_Summer_Olympics_%E2%80%93_Men%27s_110_kg,Weightlifting,Men's 110 kg,1992,Summer,Pavelló de l'Espanya Industrial,1992-08-03,24,20
Q776835,Biathlon at the 2010 Winter Olympics – Women's relay,https://en.wikipedia.org/wiki/Biathlon_at_the_2010_Winter_Olympics_%E2%80%93_Women%27s_relay,Biathlon,Women's relay,2010,Winter,Whistler Olympic Park,2010-02-23,19,19
Q6303889,Judo at the 2000 Summer Olympics – Women's 78 kg,https://en.wikipedia.org/wiki/Judo_at_the_2000_Summer_Olympics_%E2%80%93_Women%27s_78_kg,Judo,Women's 78 kg,2000,Summer,Sydney Convention and Exhibition Centre,2000-09-21,23,23
Q7500807,Shooting at the 2000 Summer Olympics – Men's 10 metre running target,https://en.wikipedia.org/wiki/Shooting_at_the_2000_Summer_Olympics_%E2%80%93_Men%27s_10_metre_running_target,Shooting,Men's 10 metre running target,2000,Summer,Sydney International Shooting Centre,2000-09-21,18,12
Q4951842,Boxing at the 2000 Summer Olympics – Light heavyweight,https://en.wikipedia.org/wiki/Boxing_at_the_2000_Summer_Olympics_%E2%80%93_Light_heavyweight,Boxing,Men's light heavyweight boxing,2000,Summer,Sydney Convention and Exhibition Centre,2000-09-20,28,28
Q1339098,Taekwondo at the 2012 Summer Olympics – Men's +80 kg,https://en.wikipedia.org/wiki/Taekwondo_at_the_2012_Summer_Olympics_%E2%80%93_Men%27s_%2B80_kg,Taekwondo,Men's +80 kg,2012,Summer,"ExCeL Exhibition Centre, London, England",2012-08-11,16,16
Q946243,Ski jumping at the 2002 Winter Olympics – Large hill individual,https://en.wikipedia.org/wiki/Ski_jumping_at_the_2002_Winter_Olympics_%E2%80%93_Large_hill_individual,Ski jumping,Men's large hill individual,2002,Winter,Park City,2002-02-12,66,21
Q7500814,Shooting at the 2000 Summer Olympics – Men's double trap,https://en.wikipedia.org/wiki/Shooting_at_the_2000_Summer_Olympics_%E2%80%93_Men%27s_double_trap,Shooting,Men's double trap,2000,Summer,Sydney International Shooting Centre,2000-09-20,25,20
Q843860,Biathlon at the 2010 Winter Olympics – Women's pursuit,https://en.wikipedia.org/wiki/Biathlon_at_the_2010_Winter_Olympics_%E2%80%93_Women%27s_pursuit,Biathlon,Women's pursuit,2010,Winter,Whistler Olympic Park,2010-02-16,60,24
Q220866,Tennis at the 2008 Summer Olympics – Women's doubles,https://en.wikipedia.org/wiki/Tennis_at_the_2008_Summer_Olympics_%E2%80%93_Women%27s_doubles,Tennis,Women's doubles tennis,2008,Summer,Olympic Green Tennis Centre,2008-08-10,64,21
Q1222238,Luge at the 2002 Winter Olympics – Women's singles,https://en.wikipedia.org/wiki/Luge_at_the_2002_Winter_Olympics_%E2%80%93_Women%27s_singles,Luge,Women's singles,2002,Winter,Utah Olympic Park,2002-02-12,29,15
Q830711,"Athletics at the 2008 Summer Olympics – Men's 10,000 metres",https://en.wikipedia.org/wiki/Athletics_at_the_2008_Summer_Olympics_%E2%80%93_Men%27s_10%2C000_metres,Athletics,"Men's 10,000 metres",2008,Summer,Beijing National Stadium,2008-08-17,39,21
Q25384919,Fencing at the 2016 Summer Olympics – Women's team sabre,https://en.wikipedia.org/wiki/Fencing_at_the_2016_Summer_Olympics_%E2%80%93_Women%27s_team_sabre,Fencing,Women's team sabre,2016,Summer,Carioca Arena 3,2016-08-13,30,8
Q1426809,Athletics at the 2000 Summer Olympics – Women's javelin throw,https://en.wikipedia.org/wiki/Athletics_at_the_2000_Summer_Olympics_%E2%80%93_Women%27s_javelin_throw,Athletics,Women's javelin throw,2000,Summer,Stadium Australia,2000-09-29,35,28
Q905561,Freestyle skiing at the 2010 Winter Olympics – Women's moguls,https://en.wikipedia.org/wiki/Freestyle_skiing_at_the_2010_Winter_Olympics_%E2%80%93_Women%27s_moguls,Freestyle skiing,Women's moguls,2010,Winter,Cypress Bowl Ski Area,2010-02-13,27,12
Q3499898,Wrestling at the 1988 Summer Olympics – Men's freestyle 52 kg,https://en.wikipedia.org/wiki/Wrestling_at_the_1988_Summer_Olympics_%E2%80%93_Men%27s_freestyle_52_kg,Wrestling,Men's freestyle 52 kg,1988,Summer,Sangmu Gymnasium,1988-09-28,30,30
Q4471528,Beach volleyball at the 2008 Summer Olympics – Men's tournament,https://en.wikipedia.org/wiki/Beach_volleyball_at_the_2008_Summer_Olympics_%E2%80%93_Men%27s_tournament,Beach volleyball,Men's beach volleyball,2008,Summer,Beach Volleyball Ground,2008-08-09,48,18
Q853049,"Athletics at the 2008 Summer Olympics – Women's 10,000 metres",https://en.wikipedia.org/wiki/Athletics_at_the_2008_Summer_Olympics_%E2%80%93_Women%27s_10%2C000_metres,Athletics,"Women's 10,000 metres",2008,Summer,Beijing National Stadium,2008-08-15,29,18
Q2362858,Cycling at the 2012 Summer Olympics – Women's BMX,https://en.wikipedia.org/wiki/Cycling_at_the_2012_Summer_Olympics_%E2%80%93_Women%27s_BMX,Cycling,Women's BMX,2012,Summer,London Velopark,2012-08-08,16,12
Q784131,Swimming at the 2008 Summer Olympics – Women's 200 metre individual medley,https://en.wikipedia.org/wiki/Swimming_at_the_2008_Summer_Olympics_%E2%80%93_Women%27s_200_metre_individual_medley,Swimming,Women's 200 metre individual medley,2008,Summer,Beijing National Aquatics Center,2008-08-11,39,30
Q1202770,Cycling at the 2008 Summer Olympics – Men's individual pursuit,https://en.wikipedia.org/wiki/Cycling_at_the_2008_Summer_Olympics_%E2%80%93_Men%27s_individual_pursuit,Cycling,Men's individual pursuit,2008,Summer,Laoshan Velodrome,2008-08-15,18,11
Q7400332,Sailing at the 2000 Summer Olympics – Women's Mistral One Design,https://en.wikipedia.org/wiki/Sailing_at_the_2000_Summer_Olympics_%E2%80%93_Women%27s_Mistral_One_Design,Sailing,Women's Mistral One Design,2000,Summer,Sydney,,29,29
Q853072,Athletics at the 2008 Summer Olympics – Men's 5000 metres,https://en.wikipedia.org/wiki/Athletics_at_the_2008_Summer_Olympics_%E2%80%93_Men%27s_5000_metres,Athletics,Men's 5000 metres,2008,Summer,Beijing National Stadium,2008-08-20,43,25
Q1222080,Cross-country skiing at the 1988 Winter Olympics – Women's 4 × 5 kilometre relay,https://en.wikipedia.org/wiki/Cross-country_skiing_at_the_1988_Winter_Olympics_%E2%80%93_Women%27s_4_%C3%97_5_kilometre_relay,Cross-country skiing,Women's 4 × 5 kilometre relay,1988,Winter,Cross Country Skiing Stadium,1988-02-21,48,12
Q1004892,Swimming at the 2008 Summer Olympics – Men's 100 metre breaststroke,https://en.wikipedia.org/wiki/Swimming_at_the_2008_Summer_Olympics_%E2%80%93_Men%27s_100_metre_breaststroke,Swimming,Men's 100 metre breaststroke,2008,Summer,Beijing National Aquatics Center,2008-08-09,65,54
Q1005294,Wrestling at the 2008 Summer Olympics – Men's Greco-Roman 96 kg,https://en.wikipedia.org/wiki/Wrestling_at_the_2008_Summer_Olympics_%E2%80%93_Men%27s_Greco-Roman_96_kg,Wrestling,Men's Greco-Roman 96 kg,2008,Summer,China Agricultural University Gymnasium,2008-08-14,20,20
Q1222173,Cross-country skiing at the 1994 Winter Olympics – Women's 5 kilometre classical,https://en.wikipedia.org/wiki/Cross-country_skiing_at_the_1994_Winter_Olympics_%E2%80%93_Women%27s_5_kilometre_classical,Cross-country skiing,Women's 5km,1994,Winter,Birkebeineren Ski Stadium,1994-02-15,62,19
Q4951841,Boxing at the 2000 Summer Olympics – Light flyweight,https://en.wikipedia.org/wiki/Boxing_at_the_2000_Summer_Olympics_%E2%80%93_Light_flyweight,Boxing,Men's light flyweight boxing,2000,Summer,Sydney Convention and Exhibition Centre,2000-09-17,27,27
Q1222255,Luge at the 1988 Winter Olympics – Women's singles,https://en.wikipedia.org/wiki/Luge_at_the_1988_Winter_Olympics_%E2%80%93_Women%27s_singles,Luge,Women's singles,1988,Winter,Canada Olympic Park,1988-02-16,24,12
Q962842,Shooting at the 2008 Summer Olympics – Women's trap,https://en.wikipedia.org/wiki/Shooting_at_the_2008_Summer_Olympics_%E2%80%93_Women%27s_trap,Shooting,Women's trap,2008,Summer,Beijing Shooting Range Clay Target Field,2008-08-11,20,20
Q977229,Beach volleyball at the 2008 Summer Olympics – Women's tournament,https://en.wikipedia.org/wiki/Beach_volleyball_at_the_2008_Summer_Olympics_%E2%80%93_Women%27s_tournament,Beach volleyball,Women's beach volleyball,2008,Summer,Beach Volleyball Ground,2008-08-09,48,17
Q1222483,Freestyle skiing at the 2002 Winter Olympics – Women's moguls,https://en.wikipedia.org/wiki/Freestyle_skiing_at_the_2002_Winter_Olympics_%E2%80%93_Women%27s_moguls,Freestyle skiing,Women's moguls,2002,Winter,Park City,2002-02-09,29,14
Q963481,Gymnastics at the 1996 Summer Olympics – Women's artistic individual all-around,https://en.wikipedia.org/wiki/Gymnastics_at_the_1996_Summer_Olympics_%E2%80%93_Women%27s_artistic_individual_all-around,Gymnastics,Women's artistic individual all-around,1996,Summer,Georgia Dome,1996-07-25,105,36
Q1221867,Biathlon at the 2002 Winter Olympics – Women's pursuit,https://en.wikipedia.org/wiki/Biathlon_at_the_2002_Winter_Olympics_%E2%80%93_Women%27s_pursuit,Biathlon,Women's biathlon pursuit,2002,Winter,Soldier Hollow,2002-02-16,52,21
Q5198382,Cycling at the 1992 Summer Olympics – Men's track time trial,https://en.wikipedia.org/wiki/Cycling_at_the_1992_Summer_Olympics_%E2%80%93_Men%27s_track_time_trial,Cycling,Men's track time trial,1992,Summer,Velòdrom d'Horta,1992-07-27,32,32
Q7656719,Swimming at the 1988 Summer Olympics – Women's 200 metre individual medley,https://en.wikipedia.org/wiki/Swimming_at_the_1988_Summer_Olympics_%E2%80%93_Women%27s_200_metre_individual_medley,Swimming,Women's 200 metre individual medley,1988,Summer,Jamsil Indoor Swimming Pool,1988-09-24,37,25
Q1222287,Cross-country skiing at the 2002 Winter Olympics – Women's sprint,https://en.wikipedia.org/wiki/Cross-country_skiing_at_the_2002_Winter_Olympics_%E2%80%93_Women%27s_sprint,Cross-country skiing,Women's sprint,2002,Winter,Soldier Hollow,2002-02-19,58,24
Q7400349,Sailing at the 2004 Summer Olympics – Women's Mistral One Design,https://en.wikipedia.org/wiki/Sailing_at_the_2004_Summer_Olympics_%E2%80%93_Women%27s_Mistral_One_Design,Sailing,Women's Mistral One Design,2004,Summer,Agios Kosmas Olympic Sailing Centre,,26,26
Q532360,Speed skating at the 1994 Winter Olympics – Men's 5000 metres,https://en.wikipedia.org/wiki/Speed_skating_at_the_1994_Winter_Olympics_%E2%80%93_Men%27s_5000_metres,Speed skating,Men's 5000 metres,1994,Winter,Hamar Olympic Hall,1994-02-13,32,17
Q826846,Speed skating at the 2002 Winter Olympics – Women's 1500 metres,https://en.wikipedia.org/wiki/Speed_skating_at_the_2002_Winter_Olympics_%E2%80%93_Women%27s_1500_metres,Speed skating,Women's 1500 metres,2002,Winter,"Utah Olympic Oval, Kearns, Utah",2002-02-20,39,17
Q15055072,Snowboarding at the 2014 Winter Olympics – Women's snowboard cross,https://en.wikipedia.org/wiki/Snowboarding_at_the_2014_Winter_Olympics_%E2%80%93_Women%27s_snowboard_cross,Snowboarding,Women's snowboard cross,2014,Winter,Rosa Khutor Extreme Park,2014-02-16,24,14
Q766954,Athletics at the 2008 Summer Olympics – Men's 400 metres hurdles,https://en.wikipedia.org/wiki/Athletics_at_the_2008_Summer_Olympics_%E2%80%93_Men%27s_400_metres_hurdles,Athletics,Men's 400 metres hurdles,2008,Summer,Beijing National Stadium,2008-08-15,26,19
Q527985,Athletics at the 2000 Summer Olympics – Women's triple jump,https://en.wikipedia.org/wiki/Athletics_at_the_2000_Summer_Olympics_%E2%80%93_Women%27s_triple_jump,Athletics,Women's triple jump,2000,Summer,Stadium Australia,2000-09-22,27,22
Q4951845,Boxing at the 2000 Summer Olympics – Lightweight,https://en.wikipedia.org/wiki/Boxing_at_the_2000_Summer_Olympics_%E2%80%93_Lightweight,Boxing,Men's lightweight boxing,2000,Summer,Sydney Convention and Exhibition Centre,2000-09-17,28,28
Q1005040,Swimming at the 2008 Summer Olympics – Men's 200 metre individual medley,https://en.wikipedia.org/wiki/Swimming_at_the_2008_Summer_Olympics_%E2%80%93_Men%27s_200_metre_individual_medley,Swimming,Men's 200 metre individual medley,2008,Summer,Beijing National Aquatics Center,2008-08-13,47,42
Q757054,Tennis at the 2008 Summer Olympics – Men's doubles,https://en.wikipedia.org/wiki/Tennis_at_the_2008_Summer_Olympics_%E2%80%93_Men%27s_doubles,Tennis,Men's doubles tennis,2008,Summer,Olympic Green Tennis Centre,2008-08-10,64,24
Q1005230,Wrestling at the 2008 Summer Olympics – Men's freestyle 55 kg,https://en.wikipedia.org/wiki/Wrestling_at_the_2008_Summer_Olympics_%E2%80%93_Men%27s_freestyle_55_kg,Wrestling,Men's freestyle 55 kg,2008,Summer,China Agricultural University Gymnasium,2008-08-19,19,19
Q2521952,Wrestling at the 2012 Summer Olympics – Women's freestyle 48 kg,https://en.wikipedia.org/wiki/Wrestling_at_the_2012_Summer_Olympics_%E2%80%93_Women%27s_freestyle_48_kg,Wrestling,Women's freestyle 48 kg,2012,Summer,ExCeL London,2012-08-08,19,19
Q7979975,Weightlifting at the 1992 Summer Olympics – Men's 75 kg,https://en.wikipedia.org/wiki/Weightlifting_at_the_1992_Summer_Olympics_%E2%80%93_Men%27s_75_kg,Weightlifting,Men's 75 kg,1992,Summer,Pavelló de l'Espanya Industrial,1992-07-30,34,27
Q28402472,Judo at the 1996 Summer Olympics – Women's 61 kg,https://en.wikipedia.org/wiki/Judo_at_the_1996_Summer_Olympics_%E2%80%93_Women%27s_61_kg,Judo,Women's 61 kg,1996,Summer,Georgia World Congress Center,1996-07-23,24,24
Q754844,Athletics at the 2008 Summer Olympics – Men's 100 metres,https://en.wikipedia.org/wiki/Athletics_at_the_2008_Summer_Olympics_%E2%80%93_Men%27s_100_metres,Athletics,Men's 100 metres,2008,Summer,Beijing National Stadium,2008-08-15,80,64
Q7674780,Taekwondo at the 2000 Summer Olympics – Women's +67 kg,https://en.wikipedia.org/wiki/Taekwondo_at_the_2000_Summer_Olympics_%E2%80%93_Women%27s_%2B67_kg,Taekwondo,Women's +67 kg,2000,Summer,State Sports Centre,2000-09-30,12,12
Q934172,Taekwondo at the 2012 Summer Olympics – Men's 80 kg,https://en.wikipedia.org/wiki/Taekwondo_at_the_2012_Summer_Olympics_%E2%80%93_Men%27s_80_kg,Taekwondo,Men's 80kg,2012,Summer,ExCeL Exhibition Centre,2012-08-10,16,16
Q1360866,Archery at the 2008 Summer Olympics – Women's team,https://en.wikipedia.org/wiki/Archery_at_the_2008_Summer_Olympics_%E2%80%93_Women%27s_team,Archery,Women's team,2008,Summer,Olympic Green Archery Field,2008-08-09,30,10
Q848689,Cross-country skiing at the 2010 Winter Olympics – Men's 30 kilometre pursuit,https://en.wikipedia.org/wiki/Cross-country_skiing_at_the_2010_Winter_Olympics_%E2%80%93_Men%27s_30_kilometre_pursuit,Cross-country skiing,Men's 30 kilometre pursuit,2010,Winter,Whistler Olympic Park,2010-02-20,64,26
Q15055085,Snowboarding at the 2014 Winter Olympics – Women's parallel slalom,https://en.wikipedia.org/wiki/Snowboarding_at_the_2014_Winter_Olympics_%E2%80%93_Women%27s_parallel_slalom,Snowboarding,Women's parallel slalom,2014,Winter,Rosa Khutor Extreme Park,2014-02-22,32,15
Q1222526,Alpine skiing at the 1992 Winter Olympics – Women's slalom,https://en.wikipedia.org/wiki/Alpine_skiing_at_the_1992_Winter_Olympics_%E2%80%93_Women%27s_slalom,Alpine skiing,Women's slalom,1992,Winter,Meribel,1992-02-20,63,44
Q15055980,Bobsleigh at the 2014 Winter Olympics – Four-man,https://en.wikipedia.org/wiki/Bobsleigh_at_the_2014_Winter_Olympics_%E2%80%93_Four-man,Bobsleigh,Four-man,2014,Winter,,2014-02-22,124,19
Q3498926,Wrestling at the 1992 Summer Olympics – Men's freestyle 130 kg,https://en.wikipedia.org/wiki/Wrestling_at_the_1992_Summer_Olympics_%E2%80%93_Men%27s_freestyle_130_kg,Wrestling,Men's freestyle 130 kg,1992,Summer,Institut Nacional d'Educació Física de Catalunya,1992-08-04,15,15
Q972253,Taekwondo at the 2012 Summer Olympics – Women's 57 kg,https://en.wikipedia.org/wiki/Taekwondo_at_the_2012_Summer_Olympics_%E2%80%93_Women%27s_57_kg,Taekwondo,Women's 57kg,2012,Summer,ExCeL Exhibition Centre,2012-08-09,16,16
Q647742,Fencing at the 2000 Summer Olympics – Men's sabre,https://en.wikipedia.org/wiki/Fencing_at_the_2000_Summer_Olympics_%E2%80%93_Men%27s_sabre,Fencing,Men's sabre,2000,Summer,Sydney Exhibition Centre,2000-09-21,39,20
Q15055031,Cross-country skiing at the 2014 Winter Olympics – Women's 15 kilometre skiathlon,https://en.wikipedia.org/wiki/Cross-country_skiing_at_the_2014_Winter_Olympics_%E2%80%93_Women%27s_15_kilometre_skiathlon,Cross-country skiing,Women's 15 kilometre skiathlon,2014,Winter,Laura Biathlon & Ski Complex,2014-02-08,61,24
Q1005298,Cycling at the 2012 Summer Olympics – Men's BMX,https://en.wikipedia.org/wiki/Cycling_at_the_2012_Summer_Olympics_%E2%80%93_Men%27s_BMX,Cycling,Men's BMX,2012,Summer,London Velopark,2012-08-08,32,19
Q2322860,Rowing at the 2008 Summer Olympics – Men's double sculls,https://en.wikipedia.org/wiki/Rowing_at_the_2008_Summer_Olympics_%E2%80%93_Men%27s_double_sculls,Rowing,Men's double sculls,2008,Summer,,,,
Q952970,Snowboarding at the 2002 Winter Olympics – Women's parallel giant slalom,https://en.wikipedia.org/wiki/Snowboarding_at_the_2002_Winter_Olympics_%E2%80%93_Women%27s_parallel_giant_slalom,Snowboarding,Women's parallel giant slalom,2002,Winter,Park City,2002-02-14,30,12
Q7674777,Taekwondo at the 2000 Summer Olympics – Men's 58 kg,https://en.wikipedia.org/wiki/Taekwondo_at_the_2000_Summer_Olympics_%E2%80%93_Men%27s_58_kg,Taekwondo,Men's 58 kg,2000,Summer,State Sports Centre,2000-09-27,14,14
Q4786042,Archery at the 1992 Summer Olympics – Men's individual,https://en.wikipedia.org/wiki/Archery_at_the_1992_Summer_Olympics_%E2%80%93_Men%27s_individual,Archery,Men's individual,1992,Summer,Camp Olímpic de Tir amb Arc,1992-07-31,75,34
Q765044,Figure skating at the 2006 Winter Olympics – Men's singles,https://en.wikipedia.org/wiki/Figure_skating_at_the_2006_Winter_Olympics_%E2%80%93_Men%27s_singles,Figure skating,Men's singles,2006,Winter,"Palavela Turin, Italy",2006-02-20,30,22
Q841942,Speed skating at the 2010 Winter Olympics – Men's 500 metres,https://en.wikipedia.org/wiki/Speed_skating_at_the_2010_Winter_Olympics_%E2%80%93_Men%27s_500_metres,Speed skating,Men's 500 metres,2010,Winter,Richmond Olympic Oval,2010-02-15,39,12
Q7400346,Sailing at the 2004 Summer Olympics – Tornado,https://en.wikipedia.org/wiki/Sailing_at_the_2004_Summer_Olympics_%E2%80%93_Tornado,Sailing,Mixed Tornado,2004,Summer,Agios Kosmas Olympic Sailing Centre,,35,17
Q647750,Fencing at the 2000 Summer Olympics – Men's team foil,https://en.wikipedia.org/wiki/Fencing_at_the_2000_Summer_Olympics_%E2%80%93_Men%27s_team_foil,Fencing,Men's team foil,2000,Summer,Sydney Exhibition Centre,2000-09-22,28,8
Q7500821,Shooting at the 2000 Summer Olympics – Women's skeet,https://en.wikipedia.org/wiki/Shooting_at_the_2000_Summer_Olympics_%E2%80%93_Women%27s_skeet,Shooting,Women's skeet,2000,Summer,Sydney International Shooting Centre,2000-09-21,13,11
Q7400333,Sailing at the 2000 Summer Olympics – Soling,https://en.wikipedia.org/wiki/Sailing_at_the_2000_Summer_Olympics_%E2%80%93_Soling,Sailing,Fleet/Match,2000,Summer,Sydney,2000-09-17,48,16
Q1222639,Alpine skiing at the 1992 Winter Olympics – Women's super-G,https://en.wikipedia.org/wiki/Alpine_skiing_at_the_1992_Winter_Olympics_%E2%80%93_Women%27s_super-G,Alpine skiing,Women's super-G,1992,Winter,Meribel,1992-02-18,59,26
Q4786037,Archery at the 1988 Summer Olympics – Women's individual,https://en.wikipedia.org/wiki/Archery_at_the_1988_Summer_Olympics_%E2%80%93_Women%27s_individual,Archery,Women's individual,1988,Summer,Hwarang Archery Field,1988-09-27,62,30
Q793973,Gymnastics at the 2000 Summer Olympics – Men's trampoline,https://en.wikipedia.org/wiki/Gymnastics_at_the_2000_Summer_Olympics_%E2%80%93_Men%27s_trampoline,Gymnastics,Men's trampoline,2000,Summer,Sydney SuperDome,2000-09-23,12,12
Q827019,Luge at the 2006 Winter Olympics – Doubles,https://en.wikipedia.org/wiki/Luge_at_the_2006_Winter_Olympics_%E2%80%93_Doubles,Luge,Doubles,2006,Winter,Cesana Pariol,2006-02-15,42,13
Q2352412,Canoeing at the 2012 Summer Olympics – Men's slalom K-1,https://en.wikipedia.org/wiki/Canoeing_at_the_2012_Summer_Olympics_%E2%80%93_Men%27s_slalom_K-1,Canoeing,Men's canoe slalom K-1,2012,Summer,Lee Valley White Water Centre,2012-07-29,22,22
Q4951844,Boxing at the 2000 Summer Olympics – Light welterweight,https://en.wikipedia.org/wiki/Boxing_at_the_2000_Summer_Olympics_%E2%80%93_Light_welterweight,Boxing,Men's light welterweight boxing,2000,Summer,Sydney Convention and Exhibition Centre,2000-09-20,28,28
Q938164,Freestyle skiing at the 2010 Winter Olympics – Women's aerials,https://en.wikipedia.org/wiki/Freestyle_skiing_at_the_2010_Winter_Olympics_%E2%80%93_Women%27s_aerials,Freestyle skiing,Women's aerials,2010,Winter,Cypress Bowl Ski Area,2010-02-20,23,10
Q763031,Shooting at the 2008 Summer Olympics – Women's skeet,https://en.wikipedia.org/wiki/Shooting_at_the_2008_Summer_Olympics_%E2%80%93_Women%27s_skeet,Shooting,Women's skeet,2008,Summer,Beijing Shooting Range Clay Target Field,2008-08-14,19,19
Q3001405,Cycling at the 1996 Summer Olympics – Women's points race,https://en.wikipedia.org/wiki/Cycling_at_the_1996_Summer_Olympics_%E2%80%93_Women%27s_points_race,Cycling,Women's points race,1996,Summer,Stone Mountain Velodrome,1996-07-28,23,23
Q905485,Short-track speed skating at the 2010 Winter Olympics – Men's 1500 metres,https://en.wikipedia.org/wiki/Short-track_speed_skating_at_the_2010_Winter_Olympics_%E2%80%93_Men%27s_1500_metres,Short-track speed skating,Men's 1500 metres,2010,Winter,Pacific Coliseum,2010-02-13,36,16
Q25384917,Fencing at the 2016 Summer Olympics – Women's team épée,https://en.wikipedia.org/wiki/Fencing_at_the_2016_Summer_Olympics_%E2%80%93_Women%27s_team_%C3%A9p%C3%A9e,Fencing,Women's team épée,2016,Summer,Carioca Arena 3,2016-08-11,36,9
Q4786044,Archery at the 1992 Summer Olympics – Women's individual,https://en.wikipedia.org/wiki/Archery_at_the_1992_Summer_Olympics_%E2%80%93_Women%27s_individual,Archery,Women's individual,1992,Summer,Camp Olímpic de Tir amb Arc,1992-07-31,61,27
Q1221932,Biathlon at the 1994 Winter Olympics – Women's individual,https://en.wikipedia.org/wiki/Biathlon_at_the_1994_Winter_Olympics_%E2%80%93_Women%27s_individual,Biathlon,Women's individual,1994,Winter,Birkebeineren Ski Stadium,1994-02-18,69,28
Q963420,Weightlifting at the 2008 Summer Olympics – Women's 63 kg,https://en.wikipedia.org/wiki/Weightlifting_at_the_2008_Summer_Olympics_%E2%80%93_Women%27s_63_kg,Weightlifting,Women's 63 kg,2008,Summer,Beihang University Gymnasium,2008-08-12,20,18
Q2774005,Cycling at the 2000 Summer Olympics – Women's road time trial,https://en.wikipedia.org/wiki/Cycling_at_the_2000_Summer_Olympics_%E2%80%93_Women%27s_road_time_trial,Cycling,Women's road time trial,2000,Summer,,2000-09-30,23,13
Q7674790,Taekwondo at the 2004 Summer Olympics – Women's +67 kg,https://en.wikipedia.org/wiki/Taekwondo_at_the_2004_Summer_Olympics_%E2%80%93_Women%27s_%2B67_kg,Taekwondo,Women's +67 kg,2004,Summer,Faliro Coastal Zone Olympic Complex,2004-08-29,15,15
Q1222098,Biathlon at the 1994 Winter Olympics – Women's relay,https://en.wikipedia.org/wiki/Biathlon_at_the_1994_Winter_Olympics_%E2%80%93_Women%27s_relay,Biathlon,Women's relay,1994,Winter,Birkebeineren Ski Stadium,1994-02-25,68,17
Q632472,Fencing at the 2000 Summer Olympics – Men's foil,https://en.wikipedia.org/wiki/Fencing_at_the_2000_Summer_Olympics_%E2%80%93_Men%27s_foil,Fencing,Men's foil,2000,Summer,Sydney Exhibition Centre,2000-09-20,40,22
Q915058,Biathlon at the 2006 Winter Olympics – Women's pursuit,https://en.wikipedia.org/wiki/Biathlon_at_the_2006_Winter_Olympics_%E2%80%93_Women%27s_pursuit,Biathlon,Women's biathlon pursuit,2006,Winter,Cesana San Sicario,2006-02-18,58,22
Q15056267,Ski jumping at the 2014 Winter Olympics – Men's large hill team,https://en.wikipedia.org/wiki/Ski_jumping_at_the_2014_Winter_Olympics_%E2%80%93_Men%27s_large_hill_team,Ski jumping,Men's large hill team,2014,Winter,RusSki Gorki Jumping Center,2014-02-17,48,12
Q7500745,Shooting at the 1988 Summer Olympics – Men's 50 metre rifle three positions,https://en.wikipedia.org/wiki/Shooting_at_the_1988_Summer_Olympics_%E2%80%93_Men%27s_50_metre_rifle_three_positions,Shooting,Men's 50 metre rifle three positions,1988,Summer,,1988-09-22,47,25
Q2361588,Sailing at the 2012 Summer Olympics – Men's 470,https://en.wikipedia.org/wiki/Sailing_at_the_2012_Summer_Olympics_%E2%80%93_Men%27s_470,Sailing,Men's 470,2012,Summer,Weymouth and Portland National Sailing Academy,2012-08-02,54,27
Q1203058,Cycling at the 2008 Summer Olympics – Men's points race,https://en.wikipedia.org/wiki/Cycling_at_the_2008_Summer_Olympics_%E2%80%93_Men%27s_points_race,Cycling,Men's points race,2008,Summer,Laoshan Velodrome,2008-08-16,23,23
Q1005018,Swimming at the 2008 Summer Olympics – Men's 200 metre freestyle,https://en.wikipedia.org/wiki/Swimming_at_the_2008_Summer_Olympics_%E2%80%93_Men%27s_200_metre_freestyle,Swimming,Men's 200 metre freestyle,2008,Summer,Beijing National Aquatics Center,2008-08-10,58,50
Q1371783,Weightlifting at the 2012 Summer Olympics – Women's +75 kg,https://en.wikipedia.org/wiki/Weightlifting_at_the_2012_Summer_Olympics_%E2%80%93_Women%27s_%2B75_kg,Weightlifting,Women's +75 kg,2012,Summer,ExCeL London,2012-08-05,14,13
Q632754,Fencing at the 2000 Summer Olympics – Men's team épée,https://en.wikipedia.org/wiki/Fencing_at_the_2000_Summer_Olympics_%E2%80%93_Men%27s_team_%C3%A9p%C3%A9e,Fencing,Men's team épée,2000,Summer,Sydney Exhibition Centre,2000-09-18,33,11
Q916916,Cross-country skiing at the 2010 Winter Olympics – Women's 30 kilometre classical,https://en.wikipedia.org/wiki/Cross-country_skiing_at_the_2010_Winter_Olympics_%E2%80%93_Women%27s_30_kilometre_classical,Cross-country skiing,Women's 30 kilometre classical,2010,Winter,Whistler Olympic Park,2010-02-27,55,21
Q7400329,Sailing at the 2000 Summer Olympics – Laser,https://en.wikipedia.org/wiki/Sailing_at_the_2000_Summer_Olympics_%E2%80%93_Laser,Sailing,Open One Person Dinghy,2000,Summer,Sydney,2000-09-20,43,43
Q939181,Skeleton at the 2010 Winter Olympics – Women's,https://en.wikipedia.org/wiki/Skeleton_at_the_2010_Winter_Olympics_%E2%80%93_Women%27s,Skeleton,Women's Skeleton,2010,Winter,Whistler Sliding Centre,2010-02-18,20,12
Q18713,Curling at the 2010 Winter Olympics – Women's tournament,https://en.wikipedia.org/wiki/Curling_at_the_2010_Winter_Olympics_%E2%80%93_Women%27s_tournament,Curling,Curling - women's tournament,2010,Winter,Vancouver Olympic/Paralympic Centre,2010-02-16,,
Q7674781,Taekwondo at the 2000 Summer Olympics – Women's 49 kg,https://en.wikipedia.org/wiki/Taekwondo_at_the_2000_Summer_Olympics_%E2%80%93_Women%27s_49_kg,Taekwondo,Women's 49 kg,2000,Summer,State Sports Centre,2000-09-27,12,12
Q7500817,Shooting at the 2000 Summer Olympics – Women's 25 metre pistol,https://en.wikipedia.org/wiki/Shooting_at_the_2000_Summer_Olympics_%E2%80%93_Women%27s_25_metre_pistol,Shooting,Women's 25 metre pistol,2000,Summer,Sydney International Shooting Centre,2000-09-22,42,28
Q6303879,Judo at the 2000 Summer Olympics – Men's +100 kg,https://en.wikipedia.org/wiki/Judo_at_the_2000_Summer_Olympics_%E2%80%93_Men%27s_%2B100_kg,Judo,Men's +100 kg,2000,Summer,Sydney Convention and Exhibition Centre,2000-09-22,32,32
Q848681,Alpine skiing at the 2010 Winter Olympics – Women's super-G,https://en.wikipedia.org/wiki/Alpine_skiing_at_the_2010_Winter_Olympics_%E2%80%93_Women%27s_super-G,Alpine skiing,Women's super-G,2010,Winter,Whistler Creekside,2010-02-20,53,27
Q1221793,Speed skating at the 1994 Winter Olympics – Women's 1000 metres,https://en.wikipedia.org/wiki/Speed_skating_at_the_1994_Winter_Olympics_%E2%80%93_Women%27s_1000_metres,Speed skating,Women's 1000 metres,1994,Winter,Hamar Olympic Hall,1994-02-23,36,12
Q6303863,Judo at the 1996 Summer Olympics – Women's 48 kg,https://en.wikipedia.org/wiki/Judo_at_the_1996_Summer_Olympics_%E2%80%93_Women%27s_48_kg,Judo,Women's 48 kg,1996,Summer,Georgia World Congress Center,1996-07-26,23,23
Q2353475,Shooting at the 2012 Summer Olympics – Men's 50 metre pistol,https://en.wikipedia.org/wiki/Shooting_at_the_2012_Summer_Olympics_%E2%80%93_Men%27s_50_metre_pistol,Shooting,Men's 50 metre pistol,2012,Summer,Royal Artillery Barracks,2012-08-05,38,27
Q385563,Wrestling at the 2008 Summer Olympics – Women's freestyle 48 kg,https://en.wikipedia.org/wiki/Wrestling_at_the_2008_Summer_Olympics_%E2%80%93_Women%27s_freestyle_48_kg,Wrestling,Women's freestyle 48 kg,2008,Summer,China Agricultural University Gymnasium,2008-08-16,17,17
Q1344366,Archery at the 2008 Summer Olympics – Men's team,https://en.wikipedia.org/wiki/Archery_at_the_2008_Summer_Olympics_%E2%80%93_Men%27s_team,Archery,Men's team,2008,Summer,Olympic Green Archery Field,2008-08-09,36,12
Q729339,Weightlifting at the 2008 Summer Olympics – Men's 94 kg,https://en.wikipedia.org/wiki/Weightlifting_at_the_2008_Summer_Olympics_%E2%80%93_Men%27s_94_kg,Weightlifting,Men's 94 kg,2008,Summer,Beihang University Gymnasium,2008-08-17,18,14
Q955943,Athletics at the 1992 Summer Olympics – Men's javelin throw,https://en.wikipedia.org/wiki/Athletics_at_the_1992_Summer_Olympics_%E2%80%93_Men%27s_javelin_throw,Athletics,Men's javelin throw,1992,Summer,Estadi Olímpic de Montjuïc,1992-08-07,32,21
Q659097,Swimming at the 2008 Summer Olympics – Men's 50 metre freestyle,https://en.wikipedia.org/wiki/Swimming_at_the_2008_Summer_Olympics_%E2%80%93_Men%27s_50_metre_freestyle,Swimming,Men's 50 metre freestyle,2008,Summer,Beijing National Aquatics Center,2008-08-14,97,90
Q279234,Speed skating at the 1992 Winter Olympics – Women's 3000 metres,https://en.wikipedia.org/wiki/Speed_skating_at_the_1992_Winter_Olympics_%E2%80%93_Women%27s_3000_metres,Speed skating,Women's 3000 metres,1992,Winter,L'anneau de vitesse,1992-02-09,26,12
Q955487,Weightlifting at the 2008 Summer Olympics – Women's 75 kg,https://en.wikipedia.org/wiki/Weightlifting_at_the_2008_Summer_Olympics_%E2%80%93_Women%27s_75_kg,Weightlifting,Women's 75 kg,2008,Summer,,2008-08-15,12,11
Q786799,Speed skating at the 2006 Winter Olympics – Men's 5000 metres,https://en.wikipedia.org/wiki/Speed_skating_at_the_2006_Winter_Olympics_%E2%80%93_Men%27s_5000_metres,Speed skating,Men's 5000 metres,2006,Winter,Oval Lingotto,2006-02-11,28,15
Q536083,Tennis at the 1996 Summer Olympics – Women's singles,https://en.wikipedia.org/wiki/Tennis_at_the_1996_Summer_Olympics_%E2%80%93_Women%27s_singles,Tennis,Women's singles tennis,1996,Summer,Stone Mountain Tennis Center,1996-07-23,64,34
Q22964440,Rowing at the 1992 Summer Olympics – Men's double sculls,https://en.wikipedia.org/wiki/Rowing_at_the_1992_Summer_Olympics_%E2%80%93_Men%27s_double_sculls,Rowing,Men's double sculls,1992,Summer,,1992-07-27,39,19
Q15056065,Nordic combined at the 2014 Winter Olympics – Team large hill/4 × 5 km,https://en.wikipedia.org/wiki/Nordic_combined_at_the_2014_Winter_Olympics_%E2%80%93_Team_large_hill/4_%C3%97_5_km,Nordic combined,Team large hill/4 × 5 km,2014,Winter,RusSki Gorki Jumping Center,2014-02-20,36,9
Q7674791,Taekwondo at the 2004 Summer Olympics – Women's 57 kg,https://en.wikipedia.org/wiki/Taekwondo_at_the_2004_Summer_Olympics_%E2%80%93_Women%27s_57_kg,Taekwondo,Women's 57 kg,2004,Summer,Faliro Coastal Zone Olympic Complex,2004-08-27,15,15
Q6303877,Judo at the 2000 Summer Olympics – Men's 100 kg,https://en.wikipedia.org/wiki/Judo_at_the_2000_Summer_Olympics_%E2%80%93_Men%27s_100_kg,Judo,Men's 100 kg,2000,Summer,Sydney Convention and Exhibition Centre,2000-09-21,33,33
Q249265,Swimming at the 2012 Summer Olympics – Men's 50 metre freestyle,https://en.wikipedia.org/wiki/Swimming_at_the_2012_Summer_Olympics_%E2%80%93_Men%27s_50_metre_freestyle,Swimming,Men's 50 metre freestyle,2012,Summer,London Aquatics Centre,2012-08-02,58,51
Q7400321,Sailing at the 1996 Summer Olympics – Women's Mistral One Design,https://en.wikipedia.org/wiki/Sailing_at_the_1996_Summer_Olympics_%E2%80%93_Women%27s_Mistral_One_Design,Sailing,Mistral One Design Women's,1996,Summer,Savannah,1996-07-22,27,27
Q7656722,Swimming at the 1988 Summer Olympics – Women's 400 metre individual medley,https://en.wikipedia.org/wiki/Swimming_at_the_1988_Summer_Olympics_%E2%80%93_Women%27s_400_metre_individual_medley,Swimming,Women's 400 metre individual medley,1988,Summer,Jamsil Indoor Swimming Pool,1988-09-18,31,21
Q2995946,Cycling at the 1992 Summer Olympics – Men's team time trial,https://en.wikipedia.org/wiki/Cycling_at_the_1992_Summer_Olympics_%E2%80%93_Men%27s_team_time_trial,Cycling,Men's team time trial,1992,Summer,Circuit de Catalunya and roads,1992-07-26,124,31
Q25386279,Fencing at the 2016 Summer Olympics – Women's sabre,https://en.wikipedia.org/wiki/Fencing_at_the_2016_Summer_Olympics_%E2%80%93_Women%27s_sabre,Fencing,Women's sabre,2016,Summer,Carioca Arena 3,2016-08-08,36,20
Q658704,Fencing at the 2008 Summer Olympics – Women's team sabre,https://en.wikipedia.org/wiki/Fencing_at_the_2008_Summer_Olympics_%E2%80%93_Women%27s_team_sabre,Fencing,Women's team sabre,2008,Summer,Olympic Green Convention Centre,2008-08-14,30,8
Q7500812,Shooting at the 2000 Summer Olympics – Men's 50 metre rifle prone,https://en.wikipedia.org/wiki/Shooting_at_the_2000_Summer_Olympics_%E2%80%93_Men%27s_50_metre_rifle_prone,Shooting,Men's 50 metre rifle prone,2000,Summer,Sydney International Shooting Centre,2000-09-21,53,37
Q653672,Biathlon at the 2006 Winter Olympics – Women's sprint,https://en.wikipedia.org/wiki/Biathlon_at_the_2006_Winter_Olympics_%E2%80%93_Women%27s_sprint,Biathlon,Women's biathlon sprint,2006,Winter,Cesana San Sicario,2006-02-16,84,28
Q1426702,Athletics at the 2000 Summer Olympics – Men's 100 metres,https://en.wikipedia.org/wiki/Athletics_at_the_2000_Summer_Olympics_%E2%80%93_Men%27s_100_metres,Athletics,Men's 100 metres,2000,Summer,Stadium Australia,2000-09-22,97,71
Q15055002,Alpine skiing at the 2014 Winter Olympics – Women's slalom,https://en.wikipedia.org/wiki/Alpine_skiing_at_the_2014_Winter_Olympics_%E2%80%93_Women%27s_slalom,Alpine skiing,Women's slalom,2014,Winter,Rosa Khutor Alpine Resort,2014-02-21,85,48
Q7656681,Swimming at the 1988 Summer Olympics – Men's 100 metre backstroke,https://en.wikipedia.org/wiki/Swimming_at_the_1988_Summer_Olympics_%E2%80%93_Men%27s_100_metre_backstroke,Swimming,Men's 100 metre backstroke,1988,Summer,Jamsil Indoor Swimming Pool,1988-09-24,54,42
Q886372,Gymnastics at the 2004 Summer Olympics – Women's artistic individual all-around,https://en.wikipedia.org/wiki/Gymnastics_at_the_2004_Summer_Olympics_%E2%80%93_Women%27s_artistic_individual_all-around,Gymnastics,Women's artistic individual all-around,2004,Summer,Olympic Indoor Hall,2004-08-15,98,32
Q7500796,Shooting at the 1996 Summer Olympics – Men's trap,https://en.wikipedia.org/wiki/Shooting_at_the_1996_Summer_Olympics_%E2%80%93_Men%27s_trap,Shooting,Men's trap,1996,Summer,Wolf Creek Shooting Complex,1996-07-20,58,41
Q938765,Fencing at the 2012 Summer Olympics – Men's team sabre,https://en.wikipedia.org/wiki/Fencing_at_the_2012_Summer_Olympics_%E2%80%93_Men%27s_team_sabre,Fencing,Men's team sabre,2012,Summer,ExCeL Exhibition Centre,2012-08-03,31,8
Q7656697,Swimming at the 1988 Summer Olympics – Men's 400 metre individual medley,https://en.wikipedia.org/wiki/Swimming_at_the_1988_Summer_Olympics_%E2%80%93_Men%27s_400_metre_individual_medley,Swimming,Men's 400 metre individual medley,1988,Summer,Jamsil Indoor Swimming Pool,1988-09-20,35,25
Q140244,Wrestling at the 2008 Summer Olympics – Men's freestyle 96 kg,https://en.wikipedia.org/wiki/Wrestling_at_the_2008_Summer_Olympics_%E2%80%93_Men%27s_freestyle_96_kg,Wrestling,Men's freestyle 96 kg,2008,Summer,China Agricultural University Gymnasium,2008-08-21,19,19
Q7400313,Sailing at the 1992 Summer Olympics – Tornado,https://en.wikipedia.org/wiki/Sailing_at_the_1992_Summer_Olympics_%E2%80%93_Tornado,Sailing,Tornado,1992,Summer,Barcelona,1992-07-27,44,22
Q737732,Table tennis at the 2012 Summer Olympics – Men's singles,https://en.wikipedia.org/wiki/Table_tennis_at_the_2012_Summer_Olympics_%E2%80%93_Men%27s_singles,Table tennis,Table tennis – men's singles,2012,Summer,ExCeL London,2012-07-28,69,45
Q4951838,Boxing at the 2000 Summer Olympics – Featherweight,https://en.wikipedia.org/wiki/Boxing_at_the_2000_Summer_Olympics_%E2%80%93_Featherweight,Boxing,Men's featherweight boxing,2000,Summer,Sydney Convention and Exhibition Centre,2000-09-18,28,28
Q7674792,Taekwondo at the 2004 Summer Olympics – Women's 49 kg,https://en.wikipedia.org/wiki/Taekwondo_at_the_2004_Summer_Olympics_%E2%80%93_Women%27s_49_kg,Taekwondo,Women's 49 kg,2004,Summer,Faliro Coastal Zone Olympic Complex,2004-08-26,15,15
Q15056223,Speed skating at the 2014 Winter Olympics – Men's 5000 metres,https://en.wikipedia.org/wiki/Speed_skating_at_the_2014_Winter_Olympics_%E2%80%93_Men%27s_5000_metres,Speed skating,Men's 5000 metres,2014,Winter,Adler Arena Skating Center,2014-02-08,26,14
Q645460,Athletics at the 1988 Summer Olympics – Men's discus throw,https://en.wikipedia.org/wiki/Athletics_at_the_1988_Summer_Olympics_%E2%80%93_Men%27s_discus_throw,Athletics,Men's discus throw,1988,Summer,Olympic Stadium,1988-09-30,29,20
Q1221934,Cross-country skiing at the 2002 Winter Olympics – Women's 15 kilometre freestyle mass start,https://en.wikipedia.org/wiki/Cross-country_skiing_at_the_2002_Winter_Olympics_%E2%80%93_Women%27s_15_kilometre_freestyle_mass_start,Cross-country skiing,Women’s 15 kilometre mass start,2002,Winter,Soldier Hollow,2002-02-09,60,23
Q6303888,Judo at the 2000 Summer Olympics – Women's 70 kg,https://en.wikipedia.org/wiki/Judo_at_the_2000_Summer_Olympics_%E2%80%93_Women%27s_70_kg,Judo,Women's 70 kg,2000,Summer,Sydney Convention and Exhibition Centre,2000-09-20,22,22
Q7400339,Sailing at the 2004 Summer Olympics – 49er,https://en.wikipedia.org/wiki/Sailing_at_the_2004_Summer_Olympics_%E2%80%93_49er,Sailing,Mixed 49er,2004,Summer,Agios Kosmas Olympic Sailing Centre,,38,19
Q7656684,Swimming at the 1988 Summer Olympics – Men's 100 metre freestyle,https://en.wikipedia.org/wiki/Swimming_at_the_1988_Summer_Olympics_%E2%80%93_Men%27s_100_metre_freestyle,Swimming,Men's 100 metre freestyle,1988,Summer,Jamsil Indoor Swimming Pool,1988-09-22,77,51
Q7656714,Swimming at the 1988 Summer Olympics – Women's 200 metre breaststroke,https://en.wikipedia.org/wiki/Swimming_at_the_1988_Summer_Olympics_%E2%80%93_Women%27s_200_metre_breaststroke,Swimming,Women's 200 metre breaststroke,1988,Summer,Jamsil Indoor Swimming Pool,1988-09-20,43,27
Q2297633,Cycling at the 2012 Summer Olympics – Women's team pursuit,https://en.wikipedia.org/wiki/Cycling_at_the_2012_Summer_Olympics_%E2%80%93_Women%27s_team_pursuit,Cycling,Women's cycling team pursuit,2012,Summer,London Velopark,2012-08-03,32,10
Q771123,Alpine skiing at the 2006 Winter Olympics – Women's downhill,https://en.wikipedia.org/wiki/Alpine_skiing_at_the_2006_Winter_Olympics_%E2%80%93_Women%27s_downhill,Alpine skiing,Women's downhill,2006,Winter,San Sicario,2006-02-15,45,20
Q3498666,Wrestling at the 1992 Summer Olympics – Men's Greco-Roman 52 kg,https://en.wikipedia.org/wiki/Wrestling_at_the_1992_Summer_Olympics_%E2%80%93_Men%27s_Greco-Roman_52_kg,Wrestling,Men's Greco-Roman 52 kg,1992,Summer,Institut Nacional d'Educació Física de Catalunya,1992-07-26,17,17
Q5124014,Figure skating at the 1994 Winter Olympics – Pair skating,https://en.wikipedia.org/wiki/Figure_skating_at_the_1994_Winter_Olympics_%E2%80%93_Pair_skating,Figure skating,Pair skating,1994,Winter,Hamar Olympic Amphitheatre,1994-02-13,36,10
Q1222498,Freestyle skiing at the 1998 Winter Olympics – Women's moguls,https://en.wikipedia.org/wiki/Freestyle_skiing_at_the_1998_Winter_Olympics_%E2%80%93_Women%27s_moguls,Freestyle skiing,Women's moguls,1998,Winter,Iizuna Kogen Ski Area,1998-02-08,28,16
Q7500801,Shooting at the 1996 Summer Olympics – Women's 25 metre pistol,https://en.wikipedia.org/wiki/Shooting_at_the_1996_Summer_Olympics_%E2%80%93_Women%27s_25_metre_pistol,Shooting,Women's 25 metre pistol,1996,Summer,Wolf Creek Shooting Complex,1996-07-26,37,24
Q4951848,Boxing at the 2000 Summer Olympics – Welterweight,https://en.wikipedia.org/wiki/Boxing_at_the_2000_Summer_Olympics_%E2%80%93_Welterweight,Boxing,Men's welterweight boxing,2000,Summer,Sydney Convention and Exhibition Centre,2000-09-16,28,28
Q4951847,Boxing at the 2000 Summer Olympics – Super heavyweight,https://en.wikipedia.org/wiki/Boxing_at_the_2000_Summer_Olympics_%E2%80%93_Super_heavyweight,Boxing,Men's super heavyweight boxing,2000,Summer,Sydney Convention and Exhibition Centre,2000-09-23,16,16
Q15055032,Cross-country skiing at the 2014 Winter Olympics – Men's 30 kilometre skiathlon,https://en.wikipedia.org/wiki/Cross-country_skiing_at_the_2014_Winter_Olympics_%E2%80%93_Men%27s_30_kilometre_skiathlon,Cross-country skiing,Men's 30 kilometre skiathlon,2014,Winter,Laura Biathlon & Ski Complex,2014-02-09,68,30
Q875653,Swimming at the 2000 Summer Olympics – Men's 100 metre freestyle,https://en.wikipedia.org/wiki/Swimming_at_the_2000_Summer_Olympics_%E2%80%93_Men%27s_100_metre_freestyle,Swimming,Men's 100 metre freestyle,2000,Summer,Sydney International Aquatic Centre,2000-09-19,73,66
Q5395306,Shooting at the 2004 Summer Olympics – Men's 50 metre rifle three positions,https://en.wikipedia.org/wiki/Shooting_at_the_2004_Summer_Olympics_%E2%80%93_Men%27s_50_metre_rifle_three_positions,Shooting,Men's 50 metre rifle three positions,2004,Summer,Markópoulo Olympic ShootingCentre,2004-08-22,40,29
Q1222301,Snowboarding at the 1998 Winter Olympics – Women's halfpipe,https://en.wikipedia.org/wiki/Snowboarding_at_the_1998_Winter_Olympics_%E2%80%93_Women%27s_halfpipe,Snowboarding,Women's Halfpipe,1998,Winter,Kanbayashi Snowboard Park,1998-02-12,26,11
Q7656691,Swimming at the 1988 Summer Olympics – Men's 200 metre butterfly,https://en.wikipedia.org/wiki/Swimming_at_the_1988_Summer_Olympics_%E2%80%93_Men%27s_200_metre_butterfly,Swimming,Men's 200 metre butterfly,1988,Summer,Jamsil Indoor Swimming Pool,1988-09-24,42,31
Q916976,Athletics at the 2008 Summer Olympics – Women's triple jump,https://en.wikipedia.org/wiki/Athletics_at_the_2008_Summer_Olympics_%E2%80%93_Women%27s_triple_jump,Athletics,Women's triple jump,2008,Summer,Beijing National Stadium,2008-08-15,36,26
Q916930,Swimming at the 2012 Summer Olympics – Men's 200 metre individual medley,https://en.wikipedia.org/wiki/Swimming_at_the_2012_Summer_Olympics_%E2%80%93_Men%27s_200_metre_individual_medley,Swimming,Men's 200 metre individual medley,2012,Summer,London Aquatics Centre,2012-08-01,36,27
Q752413,Tennis at the 2008 Summer Olympics – Women's singles,https://en.wikipedia.org/wiki/Tennis_at_the_2008_Summer_Olympics_%E2%80%93_Women%27s_singles,Tennis,Women's singles tennis,2008,Summer,"National Tennis Center, Beijing",2008-08-10,64,33
Q900405,Athletics at the 2004 Summer Olympics – Men's 50 kilometres walk,https://en.wikipedia.org/wiki/Athletics_at_the_2004_Summer_Olympics_%E2%80%93_Men%27s_50_kilometres_walk,Athletics,Men's 50 kilometres walk,2004,Summer,Athens Olympic Stadium,2004-08-27,54,29
Q31843484,Equestrian at the 1988 Summer Olympics – Individual jumping,https://en.wikipedia.org/wiki/Equestrian_at_the_1988_Summer_Olympics_%E2%80%93_Individual_jumping,Equestrian,Individual jumping,1988,Summer,Seoul Olympic Stadium,1988-09-26,74,24
Q2268043,Shooting at the 2012 Summer Olympics – Women's 10 metre air pistol,https://en.wikipedia.org/wiki/Shooting_at_the_2012_Summer_Olympics_%E2%80%93_Women%27s_10_metre_air_pistol,Shooting,Women's 10 metre air pistol,2012,Summer,Royal Artillery Barracks,2012-07-29,49,38
Q2254560,Shooting at the 2012 Summer Olympics – Men's 10 metre air rifle,https://en.wikipedia.org/wiki/Shooting_at_the_2012_Summer_Olympics_%E2%80%93_Men%27s_10_metre_air_rifle,Shooting,Men's 10 metre air rifle,2012,Summer,Royal Artillery Barracks,2012-07-30,47,33
Q1221927,Biathlon at the 1992 Winter Olympics – Women's individual,https://en.wikipedia.org/wiki/Biathlon_at_the_1992_Winter_Olympics_%E2%80%93_Women%27s_individual,Biathlon,Women's biathlon individual,1992,Winter,Les Saisies,1992-02-19,68,20
Q826560,Luge at the 2006 Winter Olympics – Women's singles,https://en.wikipedia.org/wiki/Luge_at_the_2006_Winter_Olympics_%E2%80%93_Women%27s_singles,Luge,Women's singles,2006,Winter,Cesana Pariol,2006-02-13,30,15
Q1005272,Wrestling at the 2008 Summer Olympics – Men's Greco-Roman 84 kg,https://en.wikipedia.org/wiki/Wrestling_at_the_2008_Summer_Olympics_%E2%80%93_Men%27s_Greco-Roman_84_kg,Wrestling,Men's Greco-Roman 84 kg,2008,Summer,China Agricultural University Gymnasium,2008-08-14,20,20
Q670039,Alpine skiing at the 2010 Winter Olympics – Men's giant slalom,https://en.wikipedia.org/wiki/Alpine_skiing_at_the_2010_Winter_Olympics_%E2%80%93_Men%27s_giant_slalom,Alpine skiing,Men's giant slalom,2010,Winter,"Whistler CreeksideWhistler, British Columbia",2010-02-23,103,60
Q2332511,Sailing at the 2012 Summer Olympics – Elliott 6m,https://en.wikipedia.org/wiki/Sailing_at_the_2012_Summer_Olympics_%E2%80%93_Elliott_6m,Sailing,Women's Elliott 6m,2012,Summer,Weymouth and Portland National Sailing Academy,2012-07-29,36,12
Q2455198,Rowing at the 2008 Summer Olympics – Men's coxless pair,https://en.wikipedia.org/wiki/Rowing_at_the_2008_Summer_Olympics_%E2%80%93_Men%27s_coxless_pair,Rowing,Men's coxless pair,2008,Summer,,,,
Q7400324,Sailing at the 1996 Summer Olympics – Tornado,https://en.wikipedia.org/wiki/Sailing_at_the_1996_Summer_Olympics_%E2%80%93_Tornado,Sailing,Tornado,1996,Summer,Savannah,1996-07-22,38,19
Q1221836,Cross-country skiing at the 2002 Winter Olympics – Women's 10 kilometre classical,https://en.wikipedia.org/wiki/Cross-country_skiing_at_the_2002_Winter_Olympics_%E2%80%93_Women%27s_10_kilometre_classical,Cross-country skiing,Women's 10 kilometre classical,2002,Winter,Soldier Hollow,2002-02-12,61,23
Q921100,Shooting at the 2012 Summer Olympics – Men's double trap,https://en.wikipedia.org/wiki/Shooting_at_the_2012_Summer_Olympics_%E2%80%93_Men%27s_double_trap,Shooting,Men's double trap,2012,Summer,Royal Artillery Barracks,2012-08-02,24,19
Q847284,Biathlon at the 2006 Winter Olympics – Women's individual,https://en.wikipedia.org/wiki/Biathlon_at_the_2006_Winter_Olympics_%E2%80%93_Women%27s_individual,Biathlon,Women's biathlon individual,2006,Winter,Cesana San Sicario,2006-02-13,82,28
Q905540,Speed skating at the 2010 Winter Olympics – Women's 1000 metres,https://en.wikipedia.org/wiki/Speed_skating_at_the_2010_Winter_Olympics_%E2%80%93_Women%27s_1000_metres,Speed skating,Women's 1000 metres,2010,Winter,Richmond Olympic Oval,2010-02-18,36,15
Q848291,Athletics at the 2008 Summer Olympics – Men's shot put,https://en.wikipedia.org/wiki/Athletics_at_the_2008_Summer_Olympics_%E2%80%93_Men%27s_shot_put,Athletics,Men's shot put,2008,Summer,Beijing National Stadium,2008-08-15,44,34
Q906854,Weightlifting at the 2004 Summer Olympics – Men's +105 kg,https://en.wikipedia.org/wiki/Weightlifting_at_the_2004_Summer_Olympics_%E2%80%93_Men%27s_%2B105_kg,Weightlifting,Men's +105 kg,2004,Summer,Nikaia Olympic Weightlifting Hall,2004-08-25,17,15
Q7500751,Shooting at the 1988 Summer Olympics – Women's 10 metre air pistol,https://en.wikipedia.org/wiki/Shooting_at_the_1988_Summer_Olympics_%E2%80%93_Women%27s_10_metre_air_pistol,Shooting,Women's 10 metre air pistol,1988,Summer,,1988-09-21,37,26
Q7400347,Sailing at the 2004 Summer Olympics – Star,https://en.wikipedia.org/wiki/Sailing_at_the_2004_Summer_Olympics_%E2%80%93_Star,Sailing,Men's Star,2004,Summer,Agios Kosmas Olympic Sailing Centre,,34,17
Q7674776,Taekwondo at the 2000 Summer Olympics – Men's +80 kg,https://en.wikipedia.org/wiki/Taekwondo_at_the_2000_Summer_Olympics_%E2%80%93_Men%27s_%2B80_kg,Taekwondo,Men's +80 kg,2000,Summer,State Sports Centre,2000-09-30,13,13
Q922248,Athletics at the 2008 Summer Olympics – Men's javelin throw,https://en.wikipedia.org/wiki/Athletics_at_the_2008_Summer_Olympics_%E2%80%93_Men%27s_javelin_throw,Athletics,Men's javelin throw,2008,Summer,Beijing National Stadium,2008-08-21,38,29
Q14643284,Biathlon at the 2014 Winter Olympics – Women's sprint,https://en.wikipedia.org/wiki/Biathlon_at_the_2014_Winter_Olympics_%E2%80%93_Women%27s_sprint,Biathlon,Women's sprint,2014,Winter,Laura Biathlon & Ski Complex,2014-02-09,84,33
Q267771,Swimming at the 2004 Summer Olympics – Men's 200 metre backstroke,https://en.wikipedia.org/wiki/Swimming_at_the_2004_Summer_Olympics_%E2%80%93_Men%27s_200_metre_backstroke,Swimming,Men's 200 metre backstroke,2004,Summer,Athens Olympic Aquatic Centre,2004-08-18,36,30
Q905503,Snowboarding at the 2010 Winter Olympics – Men's snowboard cross,https://en.wikipedia.org/wiki/Snowboarding_at_the_2010_Winter_Olympics_%E2%80%93_Men%27s_snowboard_cross,Snowboarding,Men's snowboard cross,2010,Winter,Cypress Mountain,2010-02-15,35,15
Q25386268,Fencing at the 2016 Summer Olympics – Men's sabre,https://en.wikipedia.org/wiki/Fencing_at_the_2016_Summer_Olympics_%E2%80%93_Men%27s_sabre,Fencing,Men's sabre,2016,Summer,Carioca Arena 3,2016-08-10,32,25
Q2353533,Shooting at the 2012 Summer Olympics – Women's 25 metre pistol,https://en.wikipedia.org/wiki/Shooting_at_the_2012_Summer_Olympics_%E2%80%93_Women%27s_25_metre_pistol,Shooting,Women's 25 metre pistol,2012,Summer,Royal Artillery Barracks,2012-07-29,39,29
Q6303864,Judo at the 1996 Summer Olympics – Women's 56 kg,https://en.wikipedia.org/wiki/Judo_at_the_1996_Summer_Olympics_%E2%80%93_Women%27s_56_kg,Judo,Women's 56 kg,1996,Summer,Georgia World Congress Center,1996-07-24,22,22
Q952458,Speed skating at the 1994 Winter Olympics – Women's 500 metres,https://en.wikipedia.org/wiki/Speed_skating_at_the_1994_Winter_Olympics_%E2%80%93_Women%27s_500_metres,Speed skating,Women's 500 metres,1994,Winter,Hamar Olympic Hall,1994-02-19,34,12
Q15055075,Snowboarding at the 2014 Winter Olympics – Men's slopestyle,https://en.wikipedia.org/wiki/Snowboarding_at_the_2014_Winter_Olympics_%E2%80%93_Men%27s_slopestyle,Snowboarding,Men's slopestyle,2014,Winter,Rosa Khutor Extreme Park,2014-02-06,29,13
Q5198390,Cycling at the 2000 Summer Olympics – Men's track time trial,https://en.wikipedia.org/wiki/Cycling_at_the_2000_Summer_Olympics_%E2%80%93_Men%27s_track_time_trial,Cycling,Men's track time trial,2000,Summer,Dunc Gray Velodrome,2000-09-16,16,15
Q15055038,Cross-country skiing at the 2014 Winter Olympics – Men's 4 × 10 kilometre relay,https://en.wikipedia.org/wiki/Cross-country_skiing_at_the_2014_Winter_Olympics_%E2%80%93_Men%27s_4_%C3%97_10_kilometre_relay,Cross-country skiing,Men's 4 × 10 kilometre relay,2014,Winter,Laura Biathlon & Ski Complex,2014-02-16,64,16
Q916174,Cycling at the 2012 Summer Olympics – Men's road time trial,https://en.wikipedia.org/wiki/Cycling_at_the_2012_Summer_Olympics_%E2%80%93_Men%27s_road_time_trial,Cycling,Men's road time trial,2012,Summer,London and Surrey,2012-08-01,37,30
Q4951836,Boxing at the 1996 Summer Olympics – Super heavyweight,https://en.wikipedia.org/wiki/Boxing_at_the_1996_Summer_Olympics_%E2%80%93_Super_heavyweight,Boxing,Super heavyweight boxing,1996,Summer,Alexander Memorial Coliseum,1996-07-23,19,19
Q3498605,Wrestling at the 1992 Summer Olympics – Men's Greco-Roman 57 kg,https://en.wikipedia.org/wiki/Wrestling_at_the_1992_Summer_Olympics_%E2%80%93_Men%27s_Greco-Roman_57_kg,Wrestling,Men's Greco-Roman 57 kg,1992,Summer,Institut Nacional d'Educació Física de Catalunya,1992-07-28,19,19
Q22964438,Rowing at the 1992 Summer Olympics – Women's coxless pair,https://en.wikipedia.org/wiki/Rowing_at_the_1992_Summer_Olympics_%E2%80%93_Women%27s_coxless_pair,Rowing,Women's coxless pair,1992,Summer,,1992-07-27,26,13
Q15055084,Snowboarding at the 2014 Winter Olympics – Men's parallel giant slalom,https://en.wikipedia.org/wiki/Snowboarding_at_the_2014_Winter_Olympics_%E2%80%93_Men%27s_parallel_giant_slalom,Snowboarding,Men's parallel giant slalom,2014,Winter,Rosa Khutor Extreme Park,2014-02-19,32,12
Q4786048,Archery at the 1996 Summer Olympics – Men's team,https://en.wikipedia.org/wiki/Archery_at_the_1996_Summer_Olympics_%E2%80%93_Men%27s_team,Archery,Men's team,1996,Summer,Stone Mountain Park Archery Center,1996-07-28,45,15
Q917328,Athletics at the 2008 Summer Olympics – Men's 1500 metres,https://en.wikipedia.org/wiki/Athletics_at_the_2008_Summer_Olympics_%E2%80%93_Men%27s_1500_metres,Athletics,Men's 1500 metres,2008,Summer,Beijing National Stadium,2008-08-15,48,30
Q4951840,Boxing at the 2000 Summer Olympics – Heavyweight,https://en.wikipedia.org/wiki/Boxing_at_the_2000_Summer_Olympics_%E2%80%93_Heavyweight,Boxing,Men's heavyweight boxing,2000,Summer,Sydney Convention and Exhibition Centre,2000-09-21,16,16
Q1221875,Cross-country skiing at the 1998 Winter Olympics – Women's 10 kilometre freestyle pursuit,https://en.wikipedia.org/wiki/Cross-country_skiing_at_the_1998_Winter_Olympics_%E2%80%93_Women%27s_10_kilometre_freestyle_pursuit,Cross-country skiing,Women's 10 kilometre freestyle pursuit,1998,Winter,Snow Harp,1998-02-12,78,24
Q4786050,Archery at the 1996 Summer Olympics – Women's individual,https://en.wikipedia.org/wiki/Archery_at_the_1996_Summer_Olympics_%E2%80%93_Women%27s_individual,Archery,Women's individual,1996,Summer,Stone Mountain Park Archery Center,1996-07-28,64,27
Q1222214,Alpine skiing at the 1998 Winter Olympics – Women's combined,https://en.wikipedia.org/wiki/Alpine_skiing_at_the_1998_Winter_Olympics_%E2%80%93_Women%27s_combined,Alpine skiing,Women's combined,1998,Winter,Hakuba,1998-02-09,29,17
Q942891,Speed skating at the 1988 Winter Olympics – Men's 1500 metres,https://en.wikipedia.org/wiki/Speed_skating_at_the_1988_Winter_Olympics_%E2%80%93_Men%27s_1500_metres,Speed skating,Men's 1500 metres,1988,Winter,Olympic Oval,1988-02-20,40,20
Q776870,Speed skating at the 1988 Winter Olympics – Women's 500 metres,https://en.wikipedia.org/wiki/Speed_skating_at_the_1988_Winter_Olympics_%E2%80%93_Women%27s_500_metres,Speed skating,Women's 500 metres,1988,Winter,Olympic Oval,1988-02-22,30,15
Q1360834,Shooting at the 2008 Summer Olympics – Men's double trap,https://en.wikipedia.org/wiki/Shooting_at_the_2008_Summer_Olympics_%E2%80%93_Men%27s_double_trap,Shooting,Men's double trap,2008,Summer,Beijing Shooting Range Clay Target Field,2008-08-12,19,14
Q938848,Fencing at the 2012 Summer Olympics – Women's team foil,https://en.wikipedia.org/wiki/Fencing_at_the_2012_Summer_Olympics_%E2%80%93_Women%27s_team_foil,Fencing,Women's team foil,2012,Summer,ExCeL Exhibition Centre,2012-08-02,36,9
Q1004861,Weightlifting at the 2008 Summer Olympics – Men's +105 kg,https://en.wikipedia.org/wiki/Weightlifting_at_the_2008_Summer_Olympics_%E2%80%93_Men%27s_%2B105_kg,Weightlifting,Men's +105 kg,2008,Summer,Beihang University Gymnasium,2008-08-19,14,12
Q1221922,Biathlon at the 2002 Winter Olympics – Women's individual,https://en.wikipedia.org/wiki/Biathlon_at_the_2002_Winter_Olympics_%E2%80%93_Women%27s_individual,Biathlon,Women's biathlon individual,2002,Winter,Soldier Hollow,2002-02-11,71,26
Q943291,Athletics at the 2000 Summer Olympics – Women's heptathlon,https://en.wikipedia.org/wiki/Athletics_at_the_2000_Summer_Olympics_%E2%80%93_Women%27s_heptathlon,Athletics,Women's heptathlon,2000,Summer,,2000-09-23,33,23
Q927998,Cross-country skiing at the 2006 Winter Olympics – Women's 30 kilometre freestyle,https://en.wikipedia.org/wiki/Cross-country_skiing_at_the_2006_Winter_Olympics_%E2%80%93_Women%27s_30_kilometre_freestyle,Cross-country skiing,Women's 30 kilometre freestyle,2006,Winter,Pragelato,2006-02-24,62,23
Q385894,Freestyle skiing at the 2010 Winter Olympics – Men's aerials,https://en.wikipedia.org/wiki/Freestyle_skiing_at_the_2010_Winter_Olympics_%E2%80%93_Men%27s_aerials,Freestyle skiing,Men's aerials,2010,Winter,"Cypress Bowl Ski Areain Cypress Provincial Park, West Vancouver, British Columbia, Canada",2010-02-22,24,8
Q677027,Athletics at the 2008 Summer Olympics – Men's 800 metres,https://en.wikipedia.org/wiki/Athletics_at_the_2008_Summer_Olympics_%E2%80%93_Men%27s_800_metres,Athletics,Men's 800 metres,2008,Summer,Beijing National Stadium,2008-08-20,58,42
Q843851,Cross-country skiing at the 2010 Winter Olympics – Men's sprint,https://en.wikipedia.org/wiki/Cross-country_skiing_at_the_2010_Winter_Olympics_%E2%80%93_Men%27s_sprint,Cross-country skiing,Men's sprint,2010,Winter,Whistler Olympic Park,2010-02-17,62,25
Q15055035,Cross-country skiing at the 2014 Winter Olympics – Women's sprint,https://en.wikipedia.org/wiki/Cross-country_skiing_at_the_2014_Winter_Olympics_%E2%80%93_Women%27s_sprint,Cross-country skiing,Women's sprint,2014,Winter,Laura Biathlon & Ski Complex,2014-02-11,67,31
Q4820134,Weightlifting at the 2000 Summer Olympics – Men's 62 kg,https://en.wikipedia.org/wiki/Weightlifting_at_the_2000_Summer_Olympics_%E2%80%93_Men%27s_62_kg,Weightlifting,Men's 62 kg,2000,Summer,Sydney Convention and Exhibition Centre,2000-09-17,21,21
Q4786051,Archery at the 1996 Summer Olympics – Women's team,https://en.wikipedia.org/wiki/Archery_at_the_1996_Summer_Olympics_%E2%80%93_Women%27s_team,Archery,Women's team,1996,Summer,Stone Mountain Park Archery Center,1996-07-28,45,15
Q7400330,Sailing at the 2000 Summer Olympics – Men's Mistral One Design,https://en.wikipedia.org/wiki/Sailing_at_the_2000_Summer_Olympics_%E2%80%93_Men%27s_Mistral_One_Design,Sailing,Men's Mistral One Design,2000,Summer,Sydney,,36,36
Q2268082,Shooting at the 2012 Summer Olympics – Women's skeet,https://en.wikipedia.org/wiki/Shooting_at_the_2012_Summer_Olympics_%E2%80%93_Women%27s_skeet,Shooting,Women's skeet,2012,Summer,Royal Artillery Barracks,2012-07-29,17,17
Q15055025,Cross-country skiing at the 2014 Winter Olympics – Men's 15 kilometre classical,https://en.wikipedia.org/wiki/Cross-country_skiing_at_the_2014_Winter_Olympics_%E2%80%93_Men%27s_15_kilometre_classical,Cross-country skiing,Men's 15 kilometre classical,2014,Winter,Laura Biathlon & Ski Complex,2014-02-14,91,45
Q794388,Gymnastics at the 2000 Summer Olympics – Women's trampoline,https://en.wikipedia.org/wiki/Gymnastics_at_the_2000_Summer_Olympics_%E2%80%93_Women%27s_trampoline,Gymnastics,Women's trampoline,2000,Summer,,2000-09-22,12,12
Q7656692,Swimming at the 1988 Summer Olympics – Men's 200 metre freestyle,https://en.wikipedia.org/wiki/Swimming_at_the_1988_Summer_Olympics_%E2%80%93_Men%27s_200_metre_freestyle,Swimming,Men's 200 metre freestyle,1988,Summer,Jamsil Indoor Swimming Pool,1988-09-18,63,41
Q776944,Athletics at the 1996 Summer Olympics – Men's 20 kilometres walk,https://en.wikipedia.org/wiki/Athletics_at_the_1996_Summer_Olympics_%E2%80%93_Men%27s_20_kilometres_walk,Athletics,Men's 20 kilometres walk,1996,Summer,Centennial Olympic Stadium,1996-07-26,53,32
Q7979971,Weightlifting at the 1992 Summer Olympics – Men's 52 kg,https://en.wikipedia.org/wiki/Weightlifting_at_the_1992_Summer_Olympics_%E2%80%93_Men%27s_52_kg,Weightlifting,Men's 52 kg,1992,Summer,Pavelló de l'Espanya Industrial,1992-07-26,17,13
Q1222133,Short-track speed skating at the 1994 Winter Olympics – Women's 500 metres,https://en.wikipedia.org/wiki/Short-track_speed_skating_at_the_1994_Winter_Olympics_%E2%80%93_Women%27s_500_metres,Short-track speed skating,Women's 500 metres,1994,Winter,Hamar Olympic Amphitheatre,1994-02-24,30,13
Q31843476,Equestrian at the 1992 Summer Olympics – Individual jumping,https://en.wikipedia.org/wiki/Equestrian_at_the_1992_Summer_Olympics_%E2%80%93_Individual_jumping,Equestrian,Individual jumping,1992,Summer,Real Club de Polo de Barcelona,1992-08-04,87,30
Q7500836,Shooting at the 2004 Summer Olympics – Men's trap,https://en.wikipedia.org/wiki/Shooting_at_the_2004_Summer_Olympics_%E2%80%93_Men%27s_trap,Shooting,Men's trap,2004,Summer,Markópoulo Olympic Shooting Centre,2004-08-04,35,26
Q1221798,Short-track speed skating at the 2002 Winter Olympics – Women's 1000 metres,https://en.wikipedia.org/wiki/Short-track_speed_skating_at_the_2002_Winter_Olympics_%E2%80%93_Women%27s_1000_metres,Short-track speed skating,Women's 1000 metres,2002,Winter,Salt Lake Ice Center,2002-02-20,28,16
Q2574045,Alpine skiing at the 2006 Winter Olympics – Women's giant slalom,https://en.wikipedia.org/wiki/Alpine_skiing_at_the_2006_Winter_Olympics_%E2%80%93_Women%27s_giant_slalom,Alpine skiing,Women's giant slalom,2006,Winter,Sestriere,2006-02-24,65,38
Q3498697,Wrestling at the 1992 Summer Olympics – Men's freestyle 74 kg,https://en.wikipedia.org/wiki/Wrestling_at_the_1992_Summer_Olympics_%E2%80%93_Men%27s_freestyle_74_kg,Wrestling,Men's freestyle 74 kg,1992,Summer,Institut Nacional d'Educació Física de Catalunya,1992-08-04,18,18
Q2352927,Canoeing at the 2012 Summer Olympics – Men's slalom C-2,https://en.wikipedia.org/wiki/Canoeing_at_the_2012_Summer_Olympics_%E2%80%93_Men%27s_slalom_C-2,Canoeing,Men's canoe slalom C-2,2012,Summer,Lee Valley White Water Centre,2012-07-30,28,12
Q921409,Biathlon at the 2010 Winter Olympics – Men's relay,https://en.wikipedia.org/wiki/Biathlon_at_the_2010_Winter_Olympics_%E2%80%93_Men%27s_relay,Biathlon,Men's relay,2010,Winter,Whistler Olympic Park,2010-02-26,19,19
Q256759,Biathlon at the 2002 Winter Olympics – Men's individual,https://en.wikipedia.org/wiki/Biathlon_at_the_2002_Winter_Olympics_%E2%80%93_Men%27s_individual,Biathlon,Men's biathlon individual,2002,Winter,Soldier Hollow,2002-02-11,87,34
Q2353523,Shooting at the 2012 Summer Olympics – Men's 25 metre rapid fire pistol,https://en.wikipedia.org/wiki/Shooting_at_the_2012_Summer_Olympics_%E2%80%93_Men%27s_25_metre_rapid_fire_pistol,Shooting,Men's 25 metre rapid fire pistol,2012,Summer,Royal Artillery Barracks,2012-08-02,18,13
Q848655,Cross-country skiing at the 2010 Winter Olympics – Women's sprint,https://en.wikipedia.org/wiki/Cross-country_skiing_at_the_2010_Winter_Olympics_%E2%80%93_Women%27s_sprint,Cross-country skiing,Women's sprint,2010,Winter,Whistler Olympic Park,2010-02-17,54,27
Q903679,Archery at the 2012 Summer Olympics – Men's individual,https://en.wikipedia.org/wiki/Archery_at_the_2012_Summer_Olympics_%E2%80%93_Men%27s_individual,Archery,Men's individual,2012,Summer,Lord's Cricket Ground,2012-07-27,64,40
Q2289605,Wrestling at the 2012 Summer Olympics – Women's freestyle 72 kg,https://en.wikipedia.org/wiki/Wrestling_at_the_2012_Summer_Olympics_%E2%80%93_Women%27s_freestyle_72_kg,Wrestling,Women's freestyle 72 kg,2012,Summer,ExCeL London,2012-08-09,18,18
Q525031,Speed skating at the 1998 Winter Olympics – Women's 3000 metres,https://en.wikipedia.org/wiki/Speed_skating_at_the_1998_Winter_Olympics_%E2%80%93_Women%27s_3000_metres,Speed skating,Women's 3000 metres,1998,Winter,M-Wave,1998-02-11,31,16
Q25386266,Fencing at the 2016 Summer Olympics – Men's foil,https://en.wikipedia.org/wiki/Fencing_at_the_2016_Summer_Olympics_%E2%80%93_Men%27s_foil,Fencing,Men's foil,2016,Summer,Carioca Arena 3,2016-08-07,35,19
Q25384913,Fencing at the 2016 Summer Olympics – Men's team épée,https://en.wikipedia.org/wiki/Fencing_at_the_2016_Summer_Olympics_%E2%80%93_Men%27s_team_%C3%A9p%C3%A9e,Fencing,Men's team épée,2016,Summer,Carioca Arena 3,2016-08-14,35,9
Q7979983,Weightlifting at the 1996 Summer Olympics – Men's +108 kg,https://en.wikipedia.org/wiki/Weightlifting_at_the_1996_Summer_Olympics_%E2%80%93_Men%27s_%2B108_kg,Weightlifting,Men's +108 kg,1996,Summer,Georgia World Congress Center,1996-07-30,19,15
Q2341653,Sailing at the 2008 Summer Olympics – Laser Radial,https://en.wikipedia.org/wiki/Sailing_at_the_2008_Summer_Olympics_%E2%80%93_Laser_Radial,Sailing,Women's Laser Radial,2008,Summer,Qingdao International Sailing Centre,,28,28
Q905607,Luge at the 2010 Winter Olympics – Women's singles,https://en.wikipedia.org/wiki/Luge_at_the_2010_Winter_Olympics_%E2%80%93_Women%27s_singles,Luge,Women's singles,2010,Winter,Whistler Sliding Centre,2010-02-15,29,14
Q847280,Biathlon at the 2006 Winter Olympics – Women's mass start,https://en.wikipedia.org/wiki/Biathlon_at_the_2006_Winter_Olympics_%E2%80%93_Women%27s_mass_start,Biathlon,Women's biathlon mass start,2006,Winter,Cesana San Sicario,2006-02-25,30,14
Q1222635,Alpine skiing at the 2002 Winter Olympics – Women's super-G,https://en.wikipedia.org/wiki/Alpine_skiing_at_the_2002_Winter_Olympics_%E2%80%93_Women%27s_super-G,Alpine skiing,Women's super-G,2002,Winter,Snowbasin – Wildflower,2002-02-17,45,21
Q947691,Athletics at the 2008 Summer Olympics – Women's marathon,https://en.wikipedia.org/wiki/Athletics_at_the_2008_Summer_Olympics_%E2%80%93_Women%27s_marathon,Athletics,Women's marathon,2008,Summer,Beijing National Stadium,2008-08-17,82,42
Q1222014,Cross-country skiing at the 2002 Winter Olympics – Women's 30 kilometre classical,https://en.wikipedia.org/wiki/Cross-country_skiing_at_the_2002_Winter_Olympics_%E2%80%93_Women%27s_30_kilometre_classical,Cross-country skiing,Women’s 30 kilometre classical,2002,Winter,Soldier Hollow,2002-02-24,50,17
Q4786058,Archery at the 2000 Summer Olympics – Men's team,https://en.wikipedia.org/wiki/Archery_at_the_2000_Summer_Olympics_%E2%80%93_Men%27s_team,Archery,Men's team,2000,Summer,Sydney International Archery Park,2000-09-16,42,14
Q1221877,Cross-country skiing at the 1994 Winter Olympics – Women's 10 kilometre freestyle pursuit,https://en.wikipedia.org/wiki/Cross-country_skiing_at_the_1994_Winter_Olympics_%E2%80%93_Women%27s_10_kilometre_freestyle_pursuit,Cross-country skiing,Women's 10 kilometre freestyle pursuit,1994,Winter,Birkebeineren Ski Stadium,1994-02-17,55,17
Q1221943,Cross-country skiing at the 1992 Winter Olympics – Women's 15 kilometre classical,https://en.wikipedia.org/wiki/Cross-country_skiing_at_the_1992_Winter_Olympics_%E2%80%93_Women%27s_15_kilometre_classical,Cross-country skiing,Women's 15 kilometre classical,1992,Winter,Les Saisies,1992-02-09,53,21
Q826580,Luge at the 2006 Winter Olympics – Men's singles,https://en.wikipedia.org/wiki/Luge_at_the_2006_Winter_Olympics_%E2%80%93_Men%27s_singles,Luge,Men's singles,2006,Winter,Cesana Pariol,2006-02-11,36,19
Q7500829,Shooting at the 2004 Summer Olympics – Men's 10 metre air rifle,https://en.wikipedia.org/wiki/Shooting_at_the_2004_Summer_Olympics_%E2%80%93_Men%27s_10_metre_air_rifle,Shooting,Men's 10 metre air rifle,2004,Summer,Markópoulo Olympic ShootingCentre,2004-08-16,47,33
Q3499058,Wrestling at the 1992 Summer Olympics – Men's Greco-Roman 48 kg,https://en.wikipedia.org/wiki/Wrestling_at_the_1992_Summer_Olympics_%E2%80%93_Men%27s_Greco-Roman_48_kg,Wrestling,Men's Greco-Roman 48 kg,1992,Summer,Institut Nacional d'Educació Física de Catalunya,1992-07-27,19,19
Q916747,Short-track speed skating at the 2010 Winter Olympics – Women's 1500 metres,https://en.wikipedia.org/wiki/Short-track_speed_skating_at_the_2010_Winter_Olympics_%E2%80%93_Women%27s_1500_metres,Short-track speed skating,Women's 1500 metres,2010,Winter,Pacific Coliseum,2010-02-20,36,18
Q7500849,Shooting at the 2004 Summer Olympics – Women's trap,https://en.wikipedia.org/wiki/Shooting_at_the_2004_Summer_Olympics_%E2%80%93_Women%27s_trap,Shooting,Women's trap,2004,Summer,Markópoulo Olympic ShootingCentre,2004-08-16,17,16
Q5198388,Cycling at the 2000 Summer Olympics – Men's sprint,https://en.wikipedia.org/wiki/Cycling_at_the_2000_Summer_Olympics_%E2%80%93_Men%27s_sprint,Cycling,Men's sprint,2000,Summer,Dunc Gray Velodrome,2000-09-18,19,14
Q3498573,Wrestling at the 1992 Summer Olympics – Men's freestyle 52 kg,https://en.wikipedia.org/wiki/Wrestling_at_the_1992_Summer_Olympics_%E2%80%93_Men%27s_freestyle_52_kg,Wrestling,Men's freestyle 52 kg,1992,Summer,Institut Nacional d'Educació Física de Catalunya,1992-08-03,18,18
Q1222488,Freestyle skiing at the 1992 Winter Olympics – Women's moguls,https://en.wikipedia.org/wiki/Freestyle_skiing_at_the_1992_Winter_Olympics_%E2%80%93_Women%27s_moguls,Freestyle skiing,Women's moguls,1992,Winter,Tignes,1992-02-12,24,11
Q919261,Canoeing at the 2012 Summer Olympics – Women's K-2 500 metres,https://en.wikipedia.org/wiki/Canoeing_at_the_2012_Summer_Olympics_%E2%80%93_Women%27s_K-2_500_metres,Canoeing,Women's K-2 500 metres,2012,Summer,Eton Dorney,2012-08-07,34,17
Q7400323,Sailing at the 1996 Summer Olympics – Star,https://en.wikipedia.org/wiki/Sailing_at_the_1996_Summer_Olympics_%E2%80%93_Star,Sailing,Star,1996,Summer,Savannah,1996-07-22,50,25
Q7400327,Sailing at the 2000 Summer Olympics – Europe,https://en.wikipedia.org/wiki/Sailing_at_the_2000_Summer_Olympics_%E2%80%93_Europe,Sailing,Europe,2000,Summer,"Olympic Sailing Shore Base, Sydney Harbour",,27,27
Q886359,Gymnastics at the 2000 Summer Olympics – Women's artistic individual all-around,https://en.wikipedia.org/wiki/Gymnastics_at_the_2000_Summer_Olympics_%E2%80%93_Women%27s_artistic_individual_all-around,Gymnastics,Women's artistic individual all-around,2000,Summer,Sydney Superdome,2000-09-21,97,43
Q3001408,Cycling at the 1996 Summer Olympics – Men's points race,https://en.wikipedia.org/wiki/Cycling_at_the_1996_Summer_Olympics_%E2%80%93_Men%27s_points_race,Cycling,Men's points race,1996,Summer,Stone Mountain Velodrome,1996-07-28,28,28
Q3879624,Swimming at the 1996 Summer Olympics – Women's 200 metre breaststroke,https://en.wikipedia.org/wiki/Swimming_at_the_1996_Summer_Olympics_%E2%80%93_Women%27s_200_metre_breaststroke,Swimming,Women's 200 metre breaststroke,1996,Summer,Georgia Tech Aquatic Center,1996-07-23,42,35
Q25803,Fencing at the 1996 Summer Olympics – Men's team sabre,https://en.wikipedia.org/wiki/Fencing_at_the_1996_Summer_Olympics_%E2%80%93_Men%27s_team_sabre,Fencing,Men's team sabre,1996,Summer,Georgia World Congress Center,1996-07-24,33,11
Q8037964,Wrestling at the 2000 Summer Olympics – Men's freestyle 54 kg,https://en.wikipedia.org/wiki/Wrestling_at_the_2000_Summer_Olympics_%E2%80%93_Men%27s_freestyle_54_kg,Wrestling,Men's freestyle 54 kg,2000,Summer,Sydney Convention and Exhibition Centre,2000-09-28,19,19
Q3879652,Swimming at the 1992 Summer Olympics – Women's 200 metre individual medley,https://en.wikipedia.org/wiki/Swimming_at_the_1992_Summer_Olympics_%E2%80%93_Women%27s_200_metre_individual_medley,Swimming,Women's 200 metre individual medley,1992,Summer,Piscines Bernat Picornell,1992-07-30,44,32
Q3811011,Judo at the 2004 Summer Olympics – Women's 78 kg,https://en.wikipedia.org/wiki/Judo_at_the_2004_Summer_Olympics_%E2%80%93_Women%27s_78_kg,Judo,Women's 78 kg,2004,Summer,Ano Liossia Olympic Hall,2004-08-19,21,21
Q5443156,Fencing at the 2000 Summer Olympics – Women's foil,https://en.wikipedia.org/wiki/Fencing_at_the_2000_Summer_Olympics_%E2%80%93_Women%27s_foil,Fencing,Women's foil,2000,Summer,Sydney Exhibition Centre,2000-09-21,40,21
Q3879619,Swimming at the 1996 Summer Olympics – Women's 200 metre individual medley,https://en.wikipedia.org/wiki/Swimming_at_the_1996_Summer_Olympics_%E2%80%93_Women%27s_200_metre_individual_medley,Swimming,Women's 200 metre individual medley,1996,Summer,Georgia Tech Aquatic Center,1996-07-24,43,39
Q1004918,Biathlon at the 2002 Winter Olympics – Men's sprint,https://en.wikipedia.org/wiki/Biathlon_at_the_2002_Winter_Olympics_%E2%80%93_Men%27s_sprint,Biathlon,Men's biathlon sprint,2002,Winter,Soldier Hollow,2002-02-13,87,34
Q1005749,Alpine skiing at the 1998 Winter Olympics – Men's super-G,https://en.wikipedia.org/wiki/Alpine_skiing_at_the_1998_Winter_Olympics_%E2%80%93_Men%27s_super-G,Alpine skiing,Men's super-G,1998,Winter,Hakuba,1998-02-16,45,22
Q3879623,Swimming at the 1996 Summer Olympics – Men's 200 metre butterfly,https://en.wikipedia.org/wiki/Swimming_at_the_1996_Summer_Olympics_%E2%80%93_Men%27s_200_metre_butterfly,Swimming,Men's 200 metre butterfly,1996,Summer,Georgia Tech Aquatic Center,1996-07-22,43,37
Q3998590,Triathlon at the 2000 Summer Olympics – Women's,https://en.wikipedia.org/wiki/Triathlon_at_the_2000_Summer_Olympics_%E2%80%93_Women%27s,Triathlon,Women's Triathlon,2000,Summer,Sydney Opera House,2000-09-16,48,24
Q3628689,Athletics at the 1988 Summer Olympics – Men's 400 metres,https://en.wikipedia.org/wiki/Athletics_at_the_1988_Summer_Olympics_%E2%80%93_Men%27s_400_metres,Athletics,Men's 400 metres,1988,Summer,Olympic Stadium,1988-09-24,75,55
Q3628678,"Athletics at the 1988 Summer Olympics – Men's 10,000 metres",https://en.wikipedia.org/wiki/Athletics_at_the_1988_Summer_Olympics_%E2%80%93_Men%27s_10%2C000_metres,Athletics,"Men's 10,000 metres",1988,Summer,Olympic Stadium,1988-09-23,51,36
Q3628682,Athletics at the 1988 Summer Olympics – Men's 110 metres hurdles,https://en.wikipedia.org/wiki/Athletics_at_the_1988_Summer_Olympics_%E2%80%93_Men%27s_110_metres_hurdles,Athletics,Men's 110 metres hurdles,1988,Summer,Olympic Stadium,1988-09-26,41,31
Q7500779,Shooting at the 1992 Summer Olympics – Women's 50 metre rifle three positions,https://en.wikipedia.org/wiki/Shooting_at_the_1992_Summer_Olympics_%E2%80%93_Women%27s_50_metre_rifle_three_positions,Shooting,Women's 50 metre rifle three positions,1992,Summer,Mollet del Vallès,,36,21
Q1004860,Speed skating at the 2006 Winter Olympics – Men's 1000 metres,https://en.wikipedia.org/wiki/Speed_skating_at_the_2006_Winter_Olympics_%E2%80%93_Men%27s_1000_metres,Speed skating,Men's 1000 metres,2006,Winter,Oval Lingotto,2006-02-18,41,13
Q10572415,Boxing at the 1992 Summer Olympics – Light flyweight,https://en.wikipedia.org/wiki/Boxing_at_the_1992_Summer_Olympics_%E2%80%93_Light_flyweight,Boxing,Light flyweight boxing,1992,Summer,Pavelló Club Joventut Badalona,1992-07-26,30,30
Q3951953,Fencing at the 2004 Summer Olympics – Women's foil,https://en.wikipedia.org/wiki/Fencing_at_the_2004_Summer_Olympics_%E2%80%93_Women%27s_foil,Fencing,Women's foil,2004,Summer,Helliniko Olympic Complex,2004-08-18,25,20
Q10572416,Boxing at the 1988 Summer Olympics – Light flyweight,https://en.wikipedia.org/wiki/Boxing_at_the_1988_Summer_Olympics_%E2%80%93_Light_flyweight,Boxing,Light flyweight boxing,1988,Summer,Jamsil Students' Gymnasium,1988-09-17,34,34
Q5443153,Fencing at the 2000 Summer Olympics – Women's team épée,https://en.wikipedia.org/wiki/Fencing_at_the_2000_Summer_Olympics_%E2%80%93_Women%27s_team_%C3%A9p%C3%A9e,Fencing,Women's team épée,2000,Summer,Sydney Exhibition Centre,2000-09-19,26,8
Q1005277,Alpine skiing at the 2002 Winter Olympics – Men's combined,https://en.wikipedia.org/wiki/Alpine_skiing_at_the_2002_Winter_Olympics_%E2%80%93_Men%27s_combined,Alpine skiing,Men's combined,2002,Winter,Snowbasin,2002-02-13,47,19
Q3628765,Athletics at the 2000 Summer Olympics – Men's 3000 metres steeplechase,https://en.wikipedia.org/wiki/Athletics_at_the_2000_Summer_Olympics_%E2%80%93_Men%27s_3000_metres_steeplechase,Athletics,Men's 3000 metres steeplechase,2000,Summer,Stadium Australia,2000-09-27,40,29
Q8037927,Wrestling at the 1996 Summer Olympics – Men's freestyle 48 kg,https://en.wikipedia.org/wiki/Wrestling_at_the_1996_Summer_Olympics_%E2%80%93_Men%27s_freestyle_48_kg,Wrestling,Men's freestyle 48 kg,1996,Summer,Georgia World Congress Center,1996-07-29,19,19
Q8037900,Wrestling at the 1988 Summer Olympics – Men's freestyle 48 kg,https://en.wikipedia.org/wiki/Wrestling_at_the_1988_Summer_Olympics_%E2%80%93_Men%27s_freestyle_48_kg,Wrestling,Men's freestyle 48 kg,1988,Summer,Sangmu Gymnasium,1988-09-27,19,19
Q3879615,Swimming at the 1996 Summer Olympics – Women's 100 metre freestyle,https://en.wikipedia.org/wiki/Swimming_at_the_1996_Summer_Olympics_%E2%80%93_Women%27s_100_metre_freestyle,Swimming,Women's 100 metre freestyle,1996,Summer,Georgia Tech Aquatic Center,1996-07-20,48,44
Q10522584,Cycling at the 1988 Summer Olympics – Men's sprint,https://en.wikipedia.org/wiki/Cycling_at_the_1988_Summer_Olympics_%E2%80%93_Men%27s_sprint,Cycling,Men's sprint,1988,Summer,Seoul Olympic Velodrome,1988-09-21,25,25
Q10466379,Judo at the 1992 Summer Olympics – Women's 61 kg,https://en.wikipedia.org/wiki/Judo_at_the_1992_Summer_Olympics_%E2%80%93_Women%27s_61_kg,Judo,Women's 61 kg,1992,Summer,Palau Blaugrana,1992-07-30,29,29
Q10522549,Judo at the 1996 Summer Olympics – Men's 78 kg,https://en.wikipedia.org/wiki/Judo_at_the_1996_Summer_Olympics_%E2%80%93_Men%27s_78_kg,Judo,Men's 78 kg,1996,Summer,Georgia World Congress Center,1996-07-23,34,34
Q1005744,Alpine skiing at the 1988 Winter Olympics – Men's super-G,https://en.wikipedia.org/wiki/Alpine_skiing_at_the_1988_Winter_Olympics_%E2%80%93_Men%27s_super-G,Alpine skiing,Men's Super G,1988,Winter,Nakiska,1988-02-21,94,34
Q10522555,Judo at the 1996 Summer Olympics – Men's 95 kg,https://en.wikipedia.org/wiki/Judo_at_the_1996_Summer_Olympics_%E2%80%93_Men%27s_95_kg,Judo,Men's 95kg,1996,Summer,Georgia World Congress Center,1996-07-21,32,32
Q129295,Cycling at the 1996 Summer Olympics – Men's individual road race,https://en.wikipedia.org/wiki/Cycling_at_the_1996_Summer_Olympics_%E2%80%93_Men%27s_individual_road_race,Cycling,Men's road race,1996,Summer,Atlanta,1996-07-31,183,57
Q1422131,"Athletics at the 1996 Summer Olympics – Women's 10,000 metres",https://en.wikipedia.org/wiki/Athletics_at_the_1996_Summer_Olympics_%E2%80%93_Women%27s_10%2C000_metres,Athletics,"Women's 10,000 metres",1996,Summer,Centennial Olympic Stadium,1996-07-27,35,19
Q5443144,Fencing at the 1988 Summer Olympics – Women's foil,https://en.wikipedia.org/wiki/Fencing_at_the_1988_Summer_Olympics_%E2%80%93_Women%27s_foil,Fencing,Women's foil,1988,Summer,Olympic Fencing Gymnasium,1988-09-21,45,19
Q1028699,Swimming at the 2004 Summer Olympics – Men's 200 metre freestyle,https://en.wikipedia.org/wiki/Swimming_at_the_2004_Summer_Olympics_%E2%80%93_Men%27s_200_metre_freestyle,Swimming,Men's 200 metre freestyle,2004,Summer,Athens Olympic Aquatic Centre,2004-08-15,59,53
Q3837513,Wrestling at the 2004 Summer Olympics – Men's freestyle 84 kg,https://en.wikipedia.org/wiki/Wrestling_at_the_2004_Summer_Olympics_%E2%80%93_Men%27s_freestyle_84_kg,Wrestling,Men's freestyle 84 kg,2004,Summer,Ano Liosia Olympic Hall,2004-08-27,22,22
Q3879643,Swimming at the 1992 Summer Olympics – Women's 100 metre breaststroke,https://en.wikipedia.org/wiki/Swimming_at_the_1992_Summer_Olympics_%E2%80%93_Women%27s_100_metre_breaststroke,Swimming,Women's 100 metre breaststroke,1992,Summer,Piscines Bernat Picornell,1992-07-29,43,31
Q1076253,Swimming at the 2000 Summer Olympics – Women's 400 metre freestyle,https://en.wikipedia.org/wiki/Swimming_at_the_2000_Summer_Olympics_%E2%80%93_Women%27s_400_metre_freestyle,Swimming,Women's 400 metre freestyle,2000,Summer,Sydney International Aquatic Centre,2000-09-17,39,32
Q25791,Fencing at the 1996 Summer Olympics – Women's team foil,https://en.wikipedia.org/wiki/Fencing_at_the_1996_Summer_Olympics_%E2%80%93_Women%27s_team_foil,Fencing,Women's team foil,1996,Summer,Georgia World Congress Center,1996-07-25,33,11
Q38591,Fencing at the 1992 Summer Olympics – Women's team foil,https://en.wikipedia.org/wiki/Fencing_at_the_1992_Summer_Olympics_%E2%80%93_Women%27s_team_foil,Fencing,Women's team foil,1992,Summer,Palace of Metallurgy,1992-08-03,60,12
Q3879653,Swimming at the 1992 Summer Olympics – Men's 200 metre butterfly,https://en.wikipedia.org/wiki/Swimming_at_the_1992_Summer_Olympics_%E2%80%93_Men%27s_200_metre_butterfly,Swimming,Men's 200 metre butterfly,1992,Summer,Piscines Bernat Picornell,1992-07-30,46,32
Q5443138,Fencing at the 1988 Summer Olympics – Men's team foil,https://en.wikipedia.org/wiki/Fencing_at_the_1988_Summer_Olympics_%E2%80%93_Men%27s_team_foil,Fencing,Men's team foil,1988,Summer,Olympic Fencing Gymnasium,1988-09-26,76,16
Q1004914,"Speed skating at the 1994 Winter Olympics – Men's 10,000 metres",https://en.wikipedia.org/wiki/Speed_skating_at_the_1994_Winter_Olympics_%E2%80%93_Men%27s_10%2C000_metres,Speed skating,"Men's 10,000 metres",1994,Winter,Hamar Olympic Hall,1994-02-20,16,10
Q1004868,Speed skating at the 1998 Winter Olympics – Men's 1000 metres,https://en.wikipedia.org/wiki/Speed_skating_at_the_1998_Winter_Olympics_%E2%80%93_Men%27s_1000_metres,Speed skating,Men's 1000 metres,1998,Winter,M-Wave,1998-02-15,43,17
Q10522554,Judo at the 1988 Summer Olympics – Men's 95 kg,https://en.wikipedia.org/wiki/Judo_at_the_1988_Summer_Olympics_%E2%80%93_Men%27s_95_kg,Judo,Men's 95 kg,1988,Summer,Jangchung Gymnasium,1988-09-30,21,21
Q1409048,Athletics at the 1992 Summer Olympics – Men's 3000 metres steeplechase,https://en.wikipedia.org/wiki/Athletics_at_the_1992_Summer_Olympics_%E2%80%93_Men%27s_3000_metres_steeplechase,Athletics,Men's 3000 metres steeplechase,1992,Summer,Estadi Olímpic de Montjuïc,1992-08-03,32,24
Q3879625,Swimming at the 1996 Summer Olympics – Women's 400 metre individual medley,https://en.wikipedia.org/wiki/Swimming_at_the_1996_Summer_Olympics_%E2%80%93_Women%27s_400_metre_individual_medley,Swimming,Women's 400 metre individual medley,1996,Summer,Georgia Tech Aquatic Center,1996-07-20,31,24
Q2297686,Cycling at the 1996 Summer Olympics – Men's cross-country,https://en.wikipedia.org/wiki/Cycling_at_the_1996_Summer_Olympics_%E2%80%93_Men%27s_cross-country,Cycling,Men's cross-country,1996,Summer,"Georgia International Horse Park, Conyers",1996-07-30,43,26
Q1408913,Athletics at the 1992 Summer Olympics – Men's 20 kilometres walk,https://en.wikipedia.org/wiki/Athletics_at_the_1992_Summer_Olympics_%E2%80%93_Men%27s_20_kilometres_walk,Athletics,Men's 20 kilometres walk,1992,Summer,Olympic Stadium,1992-07-31,42,23
Q7500771,Shooting at the 1992 Summer Olympics – Mixed skeet,https://en.wikipedia.org/wiki/Shooting_at_the_1992_Summer_Olympics_%E2%80%93_Mixed_skeet,Shooting,Skeet,1992,Summer,Mollet del Vallès,,60,38
Q587012,Modern pentathlon at the 2004 Summer Olympics – Women's,https://en.wikipedia.org/wiki/Modern_pentathlon_at_the_2004_Summer_Olympics_%E2%80%93_Women%27s,Modern pentathlon,Women's modern pentathlon,2004,Summer,Olympic Modern Pentathlon Centre,2004-08-27,32,21
Q1408709,Athletics at the 1992 Summer Olympics – Women's 10 kilometres walk,https://en.wikipedia.org/wiki/Athletics_at_the_1992_Summer_Olympics_%E2%80%93_Women%27s_10_kilometres_walk,Athletics,Women's 10 kilometres walk,1992,Summer,Olympic Stadium,1992-08-03,44,20
Q2311876,Athletics at the 1996 Summer Olympics – Women's high jump,https://en.wikipedia.org/wiki/Athletics_at_the_1996_Summer_Olympics_%E2%80%93_Women%27s_high_jump,Athletics,Women's high jump,1996,Summer,Centennial Olympic Stadium,1996-08-01,31,25
Q3628696,Athletics at the 1988 Summer Olympics – Women's discus throw,https://en.wikipedia.org/wiki/Athletics_at_the_1988_Summer_Olympics_%E2%80%93_Women%27s_discus_throw,Athletics,Women's discus throw,1988,Summer,Olympic Stadium,1988-09-28,22,13
Q3837511,Wrestling at the 2004 Summer Olympics – Women's freestyle 72 kg,https://en.wikipedia.org/wiki/Wrestling_at_the_2004_Summer_Olympics_%E2%80%93_Women%27s_freestyle_72_kg,Wrestling,Women's freestyle 72 kg,2004,Summer,Ano Liosia Olympic Hall,2004-08-22,12,12
Q3879664,Swimming at the 1992 Summer Olympics – Men's 400 metre freestyle,https://en.wikipedia.org/wiki/Swimming_at_the_1992_Summer_Olympics_%E2%80%93_Men%27s_400_metre_freestyle,Swimming,Men's 400 metre freestyle,1992,Summer,Piscines Bernat Picornell,1992-07-29,47,32
Q3879579,Swimming at the 2004 Summer Olympics – Women's 4 × 100 metre medley relay,https://en.wikipedia.org/wiki/Swimming_at_the_2004_Summer_Olympics_%E2%80%93_Women%27s_4_%C3%97_100_metre_medley_relay,Swimming,Women's 4 × 100 metre medley relay,2004,Summer,Olympic Aquatic Centre,2004-08-20,77,16
Q7500774,Shooting at the 1992 Summer Olympics – Women's 10 metre air pistol,https://en.wikipedia.org/wiki/Shooting_at_the_1992_Summer_Olympics_%E2%80%93_Women%27s_10_metre_air_pistol,Shooting,Women's 10 metre air pistol,1992,Summer,Mollet del Vallès,,47,31
Q1005740,Skeleton at the 2006 Winter Olympics – Men's,https://en.wikipedia.org/wiki/Skeleton_at_the_2006_Winter_Olympics_%E2%80%93_Men%27s,Skeleton,Men's Skeleton,2006,Winter,Cesana Pariol,2006-02-17,27,19
Q1005810,Alpine skiing at the 1998 Winter Olympics – Men's giant slalom,https://en.wikipedia.org/wiki/Alpine_skiing_at_the_1998_Winter_Olympics_%E2%80%93_Men%27s_giant_slalom,Alpine skiing,Men's giant slalom,1998,Winter,Shiga Kogen,1998-02-19,62,28
Q5443137,Fencing at the 1988 Summer Olympics – Men's sabre,https://en.wikipedia.org/wiki/Fencing_at_the_1988_Summer_Olympics_%E2%80%93_Men%27s_sabre,Fencing,Men's sabre,1988,Summer,Olympic Fencing Gymnasium,1988-09-22,40,18
Q10495989,Boxing at the 1992 Summer Olympics – Featherweight,https://en.wikipedia.org/wiki/Boxing_at_the_1992_Summer_Olympics_%E2%80%93_Featherweight,Boxing,Featherweight boxing,1992,Summer,Pavelló Club Joventut Badalona,1992-07-29,31,31
Q1222684,Alpine skiing at the 2002 Winter Olympics – Women's giant slalom,https://en.wikipedia.org/wiki/Alpine_skiing_at_the_2002_Winter_Olympics_%E2%80%93_Women%27s_giant_slalom,Alpine skiing,Women's giant slalom,2002,Winter,Park City,2002-02-22,69,35
Q3628786,Athletics at the 2000 Summer Olympics – Men's triple jump,https://en.wikipedia.org/wiki/Athletics_at_the_2000_Summer_Olympics_%E2%80%93_Men%27s_triple_jump,Athletics,Men's triple jump,2000,Summer,Stadium Australia,2000-09-23,40,27
Q7980004,Weightlifting at the 2000 Summer Olympics – Women's 63 kg,https://en.wikipedia.org/wiki/Weightlifting_at_the_2000_Summer_Olympics_%E2%80%93_Women%27s_63_kg,Weightlifting,Women's 63 kg,2000,Summer,Sydney Convention and Exhibition Centre,2000-09-19,9,9
Q3837512,Wrestling at the 2004 Summer Olympics – Men's freestyle 74 kg,https://en.wikipedia.org/wiki/Wrestling_at_the_2004_Summer_Olympics_%E2%80%93_Men%27s_freestyle_74_kg,Wrestling,Men's freestyle 74 kg,2004,Summer,Ano Liosia Olympic Hall,2004-08-28,21,21
Q4160921,Judo at the 1988 Summer Olympics – Men's 60 kg,https://en.wikipedia.org/wiki/Judo_at_the_1988_Summer_Olympics_%E2%80%93_Men%27s_60_kg,Judo,Men's 60 kg,1988,Summer,Jangchung Gymnasium,1988-09-25,36,36
Q13655354,Athletics at the 1988 Summer Olympics – Women's heptathlon,https://en.wikipedia.org/wiki/Athletics_at_the_1988_Summer_Olympics_%E2%80%93_Women%27s_heptathlon,Athletics,Women's heptathlon,1988,Summer,,1988-09-23,30,19
Q3879621,Swimming at the 1996 Summer Olympics – Men's 200 metre individual medley,https://en.wikipedia.org/wiki/Swimming_at_the_1996_Summer_Olympics_%E2%80%93_Men%27s_200_metre_individual_medley,Swimming,Men's 200 metre individual medley,1996,Summer,Georgia Tech Aquatic Center,1996-07-25,39,31
Q3879645,Swimming at the 1992 Summer Olympics – Women's 100 metre butterfly,https://en.wikipedia.org/wiki/Swimming_at_the_1992_Summer_Olympics_%E2%80%93_Women%27s_100_metre_butterfly,Swimming,Women's 100 metre butterfly,1992,Summer,Piscines Bernat Picornell,1992-07-29,49,34
Q10581226,Boxing at the 1988 Summer Olympics – Middleweight,https://en.wikipedia.org/wiki/Boxing_at_the_1988_Summer_Olympics_%E2%80%93_Middleweight,Boxing,Middleweight boxing,1988,Summer,Jamsil Students' Gymnasium,1988-09-19,33,33
Q3879650,Swimming at the 1992 Summer Olympics – Women's 200 metre backstroke,https://en.wikipedia.org/wiki/Swimming_at_the_1992_Summer_Olympics_%E2%80%93_Women%27s_200_metre_backstroke,Swimming,Women's 200 metre backstroke,1992,Summer,Piscines Bernat Picornell,1992-07-31,43,30
Q3879610,Swimming at the 1996 Summer Olympics – Women's 100 metre butterfly,https://en.wikipedia.org/wiki/Swimming_at_the_1996_Summer_Olympics_%E2%80%93_Women%27s_100_metre_butterfly,Swimming,Women's 100 metre butterfly,1996,Summer,Georgia Tech Aquatic Center,1996-07-21,44,36
Q3628781,Athletics at the 2000 Summer Olympics – Men's 20 kilometres walk,https://en.wikipedia.org/wiki/Athletics_at_the_2000_Summer_Olympics_%E2%80%93_Men%27s_20_kilometres_walk,Athletics,Men's 20 kilometres walk,2000,Summer,Stadium Australia,2000-09-22,47,28
Q7979994,Weightlifting at the 2000 Summer Olympics – Men's +105 kg,https://en.wikipedia.org/wiki/Weightlifting_at_the_2000_Summer_Olympics_%E2%80%93_Men%27s_%2B105_kg,Weightlifting,Men's +105 kg,2000,Summer,Sydney Convention and Exhibition Centre,2000-09-26,24,21
Q988363,Ski jumping at the 1994 Winter Olympics – Normal hill individual,https://en.wikipedia.org/wiki/Ski_jumping_at_the_1994_Winter_Olympics_%E2%80%93_Normal_hill_individual,Ski jumping,Men's normal hill individual,1994,Winter,Lysgårdsbakken,1994-02-25,58,19
Q4443763,Shooting at the 2000 Summer Olympics – Men's 10 metre air rifle,https://en.wikipedia.org/wiki/Shooting_at_the_2000_Summer_Olympics_%E2%80%93_Men%27s_10_metre_air_rifle,Shooting,Men's 10 metre air rifle,2000,Summer,Sydney International Shooting Centre,2000-09-18,46,33
Q25239316,Weightlifting at the 1988 Summer Olympics – Men's 60 kg,https://en.wikipedia.org/wiki/Weightlifting_at_the_1988_Summer_Olympics_%E2%80%93_Men%27s_60_kg,Weightlifting,Men's 60 kg,1988,Summer,Olympic Weightlifting Gymnasium,1988-09-20,17,14
Q1222715,Alpine skiing at the 1994 Winter Olympics – Women's giant slalom,https://en.wikipedia.org/wiki/Alpine_skiing_at_the_1994_Winter_Olympics_%E2%80%93_Women%27s_giant_slalom,Alpine skiing,Women's giant slalom,1994,Winter,Hafjell,1994-02-24,47,19
Q3879646,Swimming at the 1992 Summer Olympics – Men's 100 metre butterfly,https://en.wikipedia.org/wiki/Swimming_at_the_1992_Summer_Olympics_%E2%80%93_Men%27s_100_metre_butterfly,Swimming,Men's 100 metre butterfly,1992,Summer,Piscines Bernat Picornell,1992-07-27,71,59
Q3628761,Athletics at the 2000 Summer Olympics – Men's 1500 metres,https://en.wikipedia.org/wiki/Athletics_at_the_2000_Summer_Olympics_%E2%80%93_Men%27s_1500_metres,Athletics,Men's 1500 metres,2000,Summer,Stadium Australia,2000-09-25,41,26
Q1005069,Cross-country skiing at the 1998 Winter Olympics – Men's 30 kilometre classical,https://en.wikipedia.org/wiki/Cross-country_skiing_at_the_1998_Winter_Olympics_%E2%80%93_Men%27s_30_kilometre_classical,Cross-country skiing,Men's 30 kilometre classical,1998,Winter,Snow Harp,1998-02-09,75,28
Q8037958,Wrestling at the 2000 Summer Olympics – Men's Greco-Roman 63 kg,https://en.wikipedia.org/wiki/Wrestling_at_the_2000_Summer_Olympics_%E2%80%93_Men%27s_Greco-Roman_63_kg,Wrestling,Men's Greco-Roman 63 kg,2000,Summer,Sydney Convention and Exhibition Centre,2000-09-24,20,20
Q4467907,Weightlifting at the 2000 Summer Olympics – Men's 56 kg,https://en.wikipedia.org/wiki/Weightlifting_at_the_2000_Summer_Olympics_%E2%80%93_Men%27s_56_kg,Weightlifting,Men's 56 kg,2000,Summer,Sydney Convention and Exhibition Centre,2000-09-16,22,19
Q1004927,Biathlon at the 1992 Winter Olympics – Men's sprint,https://en.wikipedia.org/wiki/Biathlon_at_the_1992_Winter_Olympics_%E2%80%93_Men%27s_sprint,Biathlon,Men's biathlon sprint,1992,Winter,Les Saisies,1992-02-12,94,27
Q3879658,Swimming at the 1992 Summer Olympics – Women's 400 metre individual medley,https://en.wikipedia.org/wiki/Swimming_at_the_1992_Summer_Olympics_%E2%80%93_Women%27s_400_metre_individual_medley,Swimming,Women's 400 metre individual medley,1992,Summer,Piscines Bernat Picornell,1992-07-26,32,21
Q1406131,Athletics at the 1988 Summer Olympics – Women's high jump,https://en.wikipedia.org/wiki/Athletics_at_the_1988_Summer_Olympics_%E2%80%93_Women%27s_high_jump,Athletics,Women's high jump,1988,Summer,Olympic Stadium,1988-09-29,24,15
Q825048,Cross-country skiing at the 2006 Winter Olympics – Women's sprint,https://en.wikipedia.org/wiki/Cross-country_skiing_at_the_2006_Winter_Olympics_%E2%80%93_Women%27s_sprint,Cross-country skiing,Women's sprint,2006,Winter,Pragelato,2006-02-22,66,28
Q3925465,Boxing at the 2004 Summer Olympics – Light heavyweight,https://en.wikipedia.org/wiki/Boxing_at_the_2004_Summer_Olympics_%E2%80%93_Light_heavyweight,Boxing,Light heavyweight boxing,2004,Summer,Peristeri Olympic Boxing Hall,2004-08-14,28,28
Q823754,Speed skating at the 2002 Winter Olympics – Men's 500 metres,https://en.wikipedia.org/wiki/Speed_skating_at_the_2002_Winter_Olympics_%E2%80%93_Men%27s_500_metres,Speed skating,Men's 500 metres,2002,Winter,Utah Olympic Oval,2002-02-11,38,15
Q3837507,Wrestling at the 2004 Summer Olympics – Men's freestyle 60 kg,https://en.wikipedia.org/wiki/Wrestling_at_the_2004_Summer_Olympics_%E2%80%93_Men%27s_freestyle_60_kg,Wrestling,Men's freestyle 60 kg,2004,Summer,Ano Liosia Olympic Hall,2004-08-28,19,19
Q613746,Athletics at the 2004 Summer Olympics – Women's shot put,https://en.wikipedia.org/wiki/Athletics_at_the_2004_Summer_Olympics_%E2%80%93_Women%27s_shot_put,Athletics,Women's shot put,2004,Summer,Ancient Olympia Stadium,2004-08-18,38,29
Q2303728,Athletics at the 1992 Summer Olympics – Men's long jump,https://en.wikipedia.org/wiki/Athletics_at_the_1992_Summer_Olympics_%E2%80%93_Men%27s_long_jump,Athletics,Men's Long jump,1992,Summer,Estadi Olímpic de Montjuïc,1992-08-05,50,37
Q1133965,Badminton at the 1992 Summer Olympics – Women's singles,https://en.wikipedia.org/wiki/Badminton_at_the_1992_Summer_Olympics_%E2%80%93_Women%27s_singles,Badminton,Women's Singles,1996,Summer,Pavelló de la Mar Bella,1992-07-28,52,27
Q2303535,Athletics at the 1992 Summer Olympics – Men's 400 metres hurdles,https://en.wikipedia.org/wiki/Athletics_at_the_1992_Summer_Olympics_%E2%80%93_Men%27s_400_metres_hurdles,Athletics,Men's 400 metres hurdles,1992,Summer,Estadi Olímpic Lluís Companys,1992-08-03,47,35
Q2313511,Athletics at the 2004 Summer Olympics – Women's 400 metres,https://en.wikipedia.org/wiki/Athletics_at_the_2004_Summer_Olympics_%E2%80%93_Women%27s_400_metres,Athletics,Women's 400 metres,2004,Summer,Athens Olympic Stadium,2004-08-21,42,31
Q1042778,Speed skating at the 2006 Winter Olympics – Women's 1000 metres,https://en.wikipedia.org/wiki/Speed_skating_at_the_2006_Winter_Olympics_%E2%80%93_Women%27s_1000_metres,Speed skating,Women's 1000 metres,2006,Winter,Oval Lingotto,2006-02-19,36,12
Q7500789,Shooting at the 1996 Summer Olympics – Men's 50 metre rifle prone,https://en.wikipedia.org/wiki/Shooting_at_the_1996_Summer_Olympics_%E2%80%93_Men%27s_50_metre_rifle_prone,Shooting,Men's 50 metre rifle prone,1996,Summer,Wolf Creek Shooting Complex,1996-07-25,52,36
Q1004987,Cross-country skiing at the 1994 Winter Olympics – Men's 15 kilometre freestyle pursuit,https://en.wikipedia.org/wiki/Cross-country_skiing_at_the_1994_Winter_Olympics_%E2%80%93_Men%27s_15_kilometre_freestyle_pursuit,Cross-country skiing,Men's 15 kilometre freestyle pursuit,1994,Winter,Birkebeineren Ski Stadium,1994-02-19,88,32
Q4443764,Shooting at the 2000 Summer Olympics – Women's 10 metre air pistol,https://en.wikipedia.org/wiki/Shooting_at_the_2000_Summer_Olympics_%E2%80%93_Women%27s_10_metre_air_pistol,Shooting,Women's 10 metre air pistol,2000,Summer,Sydney International Shooting Centre,2000-09-17,45,32
Q3565567,Wrestling at the 1988 Summer Olympics – Men's Greco-Roman 130 kg,https://en.wikipedia.org/wiki/Wrestling_at_the_1988_Summer_Olympics_%E2%80%93_Men%27s_Greco-Roman_130_kg,Wrestling,Men's Greco-Roman 130 kg,1988,Summer,Sangmu Gymnasium,1988-09-20,16,16
Q3628775,Athletics at the 2000 Summer Olympics – Men's shot put,https://en.wikipedia.org/wiki/Athletics_at_the_2000_Summer_Olympics_%E2%80%93_Men%27s_shot_put,Athletics,Men's shot put,2000,Summer,ANZ Stadium,2000-09-22,37,27
Q1042789,Speed skating at the 2006 Winter Olympics – Women's 1500 metres,https://en.wikipedia.org/wiki/Speed_skating_at_the_2006_Winter_Olympics_%E2%80%93_Women%27s_1500_metres,Speed skating,Women's 1500 metres,2006,Winter,Oval Lingotto,2006-02-22,35,13
Q2445057,Cycling at the 2004 Summer Olympics – Men's individual road race,https://en.wikipedia.org/wiki/Cycling_at_the_2004_Summer_Olympics_%E2%80%93_Men%27s_individual_road_race,Cycling,Men's cycling road race,2004,Summer,Athens,2004-08-14,144,43
Q7980002,Weightlifting at the 2000 Summer Olympics – Women's +75 kg,https://en.wikipedia.org/wiki/Weightlifting_at_the_2000_Summer_Olympics_%E2%80%93_Women%27s_%2B75_kg,Weightlifting,Women's +75 kg,2000,Summer,Sydney Convention and Exhibition Centre,2000-09-22,11,11
Q10466402,Judo at the 1996 Summer Olympics – Women's +72 kg,https://en.wikipedia.org/wiki/Judo_at_the_1996_Summer_Olympics_%E2%80%93_Women%27s_%2B72_kg,Judo,Women's +72 kg,1996,Summer,Georgia World Congress Center,1996-07-20,20,20
Q7500772,Shooting at the 1992 Summer Olympics – Mixed trap,https://en.wikipedia.org/wiki/Shooting_at_the_1992_Summer_Olympics_%E2%80%93_Mixed_trap,Shooting,Trap,1992,Summer,Mollet del Vallès,1992-07-31,54,36
Q1005190,Short-track speed skating at the 1998 Winter Olympics – Men's 500 metres,https://en.wikipedia.org/wiki/Short-track_speed_skating_at_the_1998_Winter_Olympics_%E2%80%93_Men%27s_500_metres,Short-track speed skating,Men's 500 metres,1998,Winter,White Ring,1998-02-19,30,16
Q1005188,Speed skating at the 1992 Winter Olympics – Men's 500 metres,https://en.wikipedia.org/wiki/Speed_skating_at_the_1992_Winter_Olympics_%E2%80%93_Men%27s_500_metres,Speed skating,Men's 500 metres,1992,Winter,L'anneau de vitesse,1992-02-15,43,17
Q3811003,Judo at the 2004 Summer Olympics – Women's 48 kg,https://en.wikipedia.org/wiki/Judo_at_the_2004_Summer_Olympics_%E2%80%93_Women%27s_48_kg,Judo,Women's 48 kg,2004,Summer,Ano Liossia Olympic Hall,2004-08-14,22,22
Q585893,Alpine skiing at the 2006 Winter Olympics – Men's super-G,https://en.wikipedia.org/wiki/Alpine_skiing_at_the_2006_Winter_Olympics_%E2%80%93_Men%27s_super-G,Alpine skiing,Men's super-G,2006,Winter,Sestriere,2006-02-18,63,27
Q8037907,Wrestling at the 1992 Summer Olympics – Men's Greco-Roman 68 kg,https://en.wikipedia.org/wiki/Wrestling_at_the_1992_Summer_Olympics_%E2%80%93_Men%27s_Greco-Roman_68_kg,Wrestling,Men's Greco-Roman 68 kg,1992,Summer,Institut Nacional d'Educació Física de Catalunya,1992-07-26,19,19
Q2313481,Athletics at the 2004 Summer Olympics – Women's 100 metres,https://en.wikipedia.org/wiki/Athletics_at_the_2004_Summer_Olympics_%E2%80%93_Women%27s_100_metres,Athletics,Women's 100 metres,2004,Summer,Athens Olympic Stadium,2004-08-20,63,56
Q7500793,Shooting at the 1996 Summer Olympics – Men's 50 metre rifle three positions,https://en.wikipedia.org/wiki/Shooting_at_the_1996_Summer_Olympics_%E2%80%93_Men%27s_50_metre_rifle_three_positions,Shooting,Men's 50 metre rifle three positions,1996,Summer,Wolf Creek Shooting Complex,1996-07-27,45,30
Q10572441,Boxing at the 1996 Summer Olympics – Light welterweight,https://en.wikipedia.org/wiki/Boxing_at_the_1996_Summer_Olympics_%E2%80%93_Light_welterweight,Boxing,Light welterweight boxing,1996,Summer,Alexander Memorial Coliseum,1996-07-24,32,32
Q10719576,Boxing at the 1992 Summer Olympics – Welterweight,https://en.wikipedia.org/wiki/Boxing_at_the_1992_Summer_Olympics_%E2%80%93_Welterweight,Boxing,Welterweight boxing,1992,Summer,Pavelló Club Joventut Badalona,1992-07-26,30,30
Q10466376,Judo at the 1996 Summer Olympics – Women's 52 kg,https://en.wikipedia.org/wiki/Judo_at_the_1996_Summer_Olympics_%E2%80%93_Women%27s_52_kg,Judo,Women's 52 kg,1996,Summer,Georgia World Congress Center,1996-07-25,21,21
Q8037959,Wrestling at the 2000 Summer Olympics – Men's Greco-Roman 69 kg,https://en.wikipedia.org/wiki/Wrestling_at_the_2000_Summer_Olympics_%E2%80%93_Men%27s_Greco-Roman_69_kg,Wrestling,Men's Greco-Roman 69 kg,2000,Summer,Sydney Convention and Exhibition Centre,2000-09-25,19,19
Q7980001,Weightlifting at the 2000 Summer Olympics – Men's 94 kg,https://en.wikipedia.org/wiki/Weightlifting_at_the_2000_Summer_Olympics_%E2%80%93_Men%27s_94_kg,Weightlifting,Men's 94 kg,2000,Summer,Sydney Convention and Exhibition Centre,2000-09-24,19,17
Q10522543,Judo at the 1992 Summer Olympics – Men's 65 kg,https://en.wikipedia.org/wiki/Judo_at_the_1992_Summer_Olympics_%E2%80%93_Men%27s_65_kg,Judo,Men's 65 kg,1992,Summer,Palau Blaugrana,1992-08-01,46,46
Q1005755,Freestyle skiing at the 1994 Winter Olympics – Men's aerials,https://en.wikipedia.org/wiki/Freestyle_skiing_at_the_1994_Winter_Olympics_%E2%80%93_Men%27s_aerials,Freestyle skiing,Men's aerials,1994,Winter,Kanthaugen Freestyle Arena,1994-02-21,24,14
Q10466381,Judo at the 2000 Summer Olympics – Women's 63 kg,https://en.wikipedia.org/wiki/Judo_at_the_2000_Summer_Olympics_%E2%80%93_Women%27s_63_kg,Judo,Women's 63 kg,2000,Summer,Sydney Convention and Exhibition Centre,2000-09-19,22,22
Q38594,Fencing at the 1992 Summer Olympics – Men's épée,https://en.wikipedia.org/wiki/Fencing_at_the_1992_Summer_Olympics_%E2%80%93_Men%27s_%C3%A9p%C3%A9e,Fencing,Men's épée,1992,Summer,Palace of Metallurgy,1992-08-01,70,30
Q251465,Ski jumping at the 2006 Winter Olympics – Large hill individual,https://en.wikipedia.org/wiki/Ski_jumping_at_the_2006_Winter_Olympics_%E2%80%93_Large_hill_individual,Ski jumping,Men's large hill individual,2006,Winter,Pragelato,2006-02-17,69,21
Q3879620,Swimming at the 1996 Summer Olympics – Men's 200 metre backstroke,https://en.wikipedia.org/wiki/Swimming_at_the_1996_Summer_Olympics_%E2%80%93_Men%27s_200_metre_backstroke,Swimming,Men's 200 metre backstroke,1996,Summer,Georgia Tech Campus Recreation Center,1996-07-26,39,33
Q7500788,Shooting at the 1996 Summer Olympics – Men's 50 metre pistol,https://en.wikipedia.org/wiki/Shooting_at_the_1996_Summer_Olympics_%E2%80%93_Men%27s_50_metre_pistol,Shooting,Men's 50 metre pistol,1996,Summer,Wolf Creek Shooting Complex,1996-07-23,45,28
Q8037930,Wrestling at the 1996 Summer Olympics – Men's freestyle 62 kg,https://en.wikipedia.org/wiki/Wrestling_at_the_1996_Summer_Olympics_%E2%80%93_Men%27s_freestyle_62_kg,Wrestling,Men's freestyle 62 kg,1996,Summer,Georgia World Congress Center,1996-07-31,21,21
Q8037934,Wrestling at the 1996 Summer Olympics – Men's freestyle 74 kg,https://en.wikipedia.org/wiki/Wrestling_at_the_1996_Summer_Olympics_%E2%80%93_Men%27s_freestyle_74_kg,Wrestling,Men's freestyle 74 kg,1996,Summer,Georgia World Congress Center,1996-08-01,22,22
Q2377414,Athletics at the 1988 Summer Olympics – Men's decathlon,https://en.wikipedia.org/wiki/Athletics_at_the_1988_Summer_Olympics_%E2%80%93_Men%27s_decathlon,Athletics,Men's decathlon,1988,Summer,,1988-09-28,39,26
Q3628705,Athletics at the 1988 Summer Olympics – Men's triple jump,https://en.wikipedia.org/wiki/Athletics_at_the_1988_Summer_Olympics_%E2%80%93_Men%27s_triple_jump,Athletics,Men's triple jump,1988,Summer,Olympic Stadium,1988-09-23,43,31
Q2318836,Athletics at the 2004 Summer Olympics – Women's 20 kilometres walk,https://en.wikipedia.org/wiki/Athletics_at_the_2004_Summer_Olympics_%E2%80%93_Women%27s_20_kilometres_walk,Athletics,Women's 20 kilometres walk,2004,Summer,Athens Olympic Stadium,2004-08-23,57,35
Q3879667,Swimming at the 1992 Summer Olympics – Women's 50 metre freestyle,https://en.wikipedia.org/wiki/Swimming_at_the_1992_Summer_Olympics_%E2%80%93_Women%27s_50_metre_freestyle,Swimming,Women's 50 metre freestyle,1992,Summer,Piscines Bernat Picornell,1992-07-31,50,35
Q3879614,Swimming at the 1996 Summer Olympics – Men's 100 metre breaststroke,https://en.wikipedia.org/wiki/Swimming_at_the_1996_Summer_Olympics_%E2%80%93_Men%27s_100_metre_breaststroke,Swimming,Men's 100 metre breaststroke,1996,Summer,Georgia Tech Aquatic Center,1996-07-20,45,41
Q1115025,Swimming at the 2004 Summer Olympics – Men's 100 metre backstroke,https://en.wikipedia.org/wiki/Swimming_at_the_2004_Summer_Olympics_%E2%80%93_Men%27s_100_metre_backstroke,Swimming,Men's 100 metre backstroke,2004,Summer,Athens Olympic Aquatic Centre,2004-08-15,45,39
Q3879585,Swimming at the 2000 Summer Olympics – Men's 200 metre backstroke,https://en.wikipedia.org/wiki/Swimming_at_the_2000_Summer_Olympics_%E2%80%93_Men%27s_200_metre_backstroke,Swimming,Men's 200 metre backstroke,2000,Summer,Sydney Olympic Park Aquatic Centre,2000-09-20,45,38
Q58412558,Boxing at the 1992 Summer Olympics – Light middleweight,https://en.wikipedia.org/wiki/Boxing_at_the_1992_Summer_Olympics_%E2%80%93_Light_middleweight,Boxing,Light middleweight boxing,1992,Summer,Pavelló Club Joventut Badalona,1992-07-27,30,30
Q3565575,Wrestling at the 1988 Summer Olympics – Men's Greco-Roman 74 kg,https://en.wikipedia.org/wiki/Wrestling_at_the_1988_Summer_Olympics_%E2%80%93_Men%27s_Greco-Roman_74_kg,Wrestling,Men's Greco-Roman 74 kg,1988,Summer,Sangmu Gymnasium,1988-09-19,19,19
Q10522535,Judo at the 1992 Summer Olympics – Men's 60 kg,https://en.wikipedia.org/wiki/Judo_at_the_1992_Summer_Olympics_%E2%80%93_Men%27s_60_kg,Judo,Men's 60 kg,1992,Summer,Palau Blaugrana,1992-08-02,43,43
Q22964454,Rowing at the 1996 Summer Olympics – Women's eight,https://en.wikipedia.org/wiki/Rowing_at_the_1996_Summer_Olympics_%E2%80%93_Women%27s_eight,Rowing,Women's eight,1996,Summer,,1996-07-22,72,8
Q825035,Snowboarding at the 2006 Winter Olympics – Women's halfpipe,https://en.wikipedia.org/wiki/Snowboarding_at_the_2006_Winter_Olympics_%E2%80%93_Women%27s_halfpipe,Snowboarding,Women's halfpipe,2006,Winter,Bardonecchia,2006-02-13,34,16
Q5970589,Swimming at the 1988 Summer Olympics – Men's 1500 metre freestyle,https://en.wikipedia.org/wiki/Swimming_at_the_1988_Summer_Olympics_%E2%80%93_Men%27s_1500_metre_freestyle,Swimming,Men's 1500 metre freestyle,1988,Summer,Jamsil Indoor Swimming Pool,1988-09-24,35,22
Q3980076,Taekwondo at the 2004 Summer Olympics – Men's 68 kg,https://en.wikipedia.org/wiki/Taekwondo_at_the_2004_Summer_Olympics_%E2%80%93_Men%27s_68_kg,Taekwondo,Men's 68 kg,2004,Summer,Faliro Coastal Zone Olympic Complex,2004-08-27,16,16
Q5448039,Figure skating at the 1994 Winter Olympics – Ice dance,https://en.wikipedia.org/wiki/Figure_skating_at_the_1994_Winter_Olympics_%E2%80%93_Ice_dance,Figure skating,Ice dance,1994,Winter,Hamar Olympic Amphitheatre,1994-02-18,42,16
Q1408881,Athletics at the 1992 Summer Olympics – Women's 800 metres,https://en.wikipedia.org/wiki/Athletics_at_the_1992_Summer_Olympics_%E2%80%93_Women%27s_800_metres,Athletics,Women's 800 metres,1992,Summer,"Estadi Olímpic de MontjuïcBarcelona, Spain",1992-07-31,36,25
Q589310,Tennis at the 2000 Summer Olympics – Men's singles,https://en.wikipedia.org/wiki/Tennis_at_the_2000_Summer_Olympics_%E2%80%93_Men%27s_singles,Tennis,Men's singles tennis,2000,Summer,"NSW Tennis Centre, Sydney",2000-09-19,64,32
Q1005616,Freestyle skiing at the 1992 Winter Olympics – Men's moguls,https://en.wikipedia.org/wiki/Freestyle_skiing_at_the_1992_Winter_Olympics_%E2%80%93_Men%27s_moguls,Freestyle skiing,Men's moguls,1992,Winter,Tignes,1992-02-12,47,17
Q1222717,Alpine skiing at the 1998 Winter Olympics – Women's giant slalom,https://en.wikipedia.org/wiki/Alpine_skiing_at_the_1998_Winter_Olympics_%E2%80%93_Women%27s_giant_slalom,Alpine skiing,Women's giant slalom,1998,Winter,Shiga Kogen,1998-02-20,56,25
Q3879598,Swimming at the 2000 Summer Olympics – Women's 200 metre freestyle,https://en.wikipedia.org/wiki/Swimming_at_the_2000_Summer_Olympics_%E2%80%93_Women%27s_200_metre_freestyle,Swimming,Women's 200-metre freestyle,2000,Summer,Sydney International Aquatic Centre,2000-09-18,41,35
Q1076376,Swimming at the 2000 Summer Olympics – Women's 400 metre individual medley,https://en.wikipedia.org/wiki/Swimming_at_the_2000_Summer_Olympics_%E2%80%93_Women%27s_400_metre_individual_medley,Swimming,Women's 400 metre individual medley,2000,Summer,Sydney International Aquatic Centre,2000-09-16,28,24
Q1004934,Biathlon at the 1998 Winter Olympics – Men's sprint,https://en.wikipedia.org/wiki/Biathlon_at_the_1998_Winter_Olympics_%E2%80%93_Men%27s_sprint,Biathlon,Men's biathlon sprint,1998,Winter,Nozawa Onsen,1998-02-18,73,30
Q3879567,Swimming at the 2004 Summer Olympics – Women's 100 metre freestyle,https://en.wikipedia.org/wiki/Swimming_at_the_2004_Summer_Olympics_%E2%80%93_Women%27s_100_metre_freestyle,Swimming,Women's 100 metre freestyle,2004,Summer,Athens Olympic Aquatic Centre,2004-08-18,51,45
Q7500786,Shooting at the 1996 Summer Olympics – Men's 25 metre rapid fire pistol,https://en.wikipedia.org/wiki/Shooting_at_the_1996_Summer_Olympics_%E2%80%93_Men%27s_25_metre_rapid_fire_pistol,Shooting,Men's 25 metre rapid fire pistol,1996,Summer,Wolf Creek Shooting Complex,1996-07-23,23,19
Q1005334,Luge at the 1998 Winter Olympics – Men's singles,https://en.wikipedia.org/wiki/Luge_at_the_1998_Winter_Olympics_%E2%80%93_Men%27s_singles,Luge,Men's singles,1998,Winter,Spiral,1998-02-08,34,18
Q1421749,Cycling at the 2004 Summer Olympics – Men's track time trial,https://en.wikipedia.org/wiki/Cycling_at_the_2004_Summer_Olympics_%E2%80%93_Men%27s_track_time_trial,Cycling,Men's track time trial,2004,Summer,Athens Olympic Velodrome,2004-08-13,17,13
Q8037908,Wrestling at the 1992 Summer Olympics – Men's Greco-Roman 74 kg,https://en.wikipedia.org/wiki/Wrestling_at_the_1992_Summer_Olympics_%E2%80%93_Men%27s_Greco-Roman_74_kg,Wrestling,Men's Greco-Roman 74 kg,1992,Summer,Institut Nacional d'Educació Física de Catalunya,1992-07-27,21,21
Q595055,Athletics at the 2000 Summer Olympics – Men's 400 metres hurdles,https://en.wikipedia.org/wiki/Athletics_at_the_2000_Summer_Olympics_%E2%80%93_Men%27s_400_metres_hurdles,Athletics,Men's 400 metres hurdles,2000,Summer,Stadium Australia,2000-09-24,62,45
Q252875,Speed skating at the 1988 Winter Olympics – Women's 3000 metres,https://en.wikipedia.org/wiki/Speed_skating_at_the_1988_Winter_Olympics_%E2%80%93_Women%27s_3000_metres,Speed skating,Women's 3000 metres,1988,Winter,Olympic Oval,1988-02-23,29,16
Q8037965,Wrestling at the 2000 Summer Olympics – Men's freestyle 58 kg,https://en.wikipedia.org/wiki/Wrestling_at_the_2000_Summer_Olympics_%E2%80%93_Men%27s_freestyle_58_kg,Wrestling,Men's freestyle 58 kg,2000,Summer,Sydney Convention and Exhibition Centre,2000-09-29,20,20
Q3879600,Swimming at the 2000 Summer Olympics – Men's 400 metre individual medley,https://en.wikipedia.org/wiki/Swimming_at_the_2000_Summer_Olympics_%E2%80%93_Men%27s_400_metre_individual_medley,Swimming,Men's 400 metre individual medley,2000,Summer,Sydney International Aquatic Centre,2000-09-17,45,39
Q3628692,Athletics at the 1988 Summer Olympics – Men's 800 metres,https://en.wikipedia.org/wiki/Athletics_at_the_1988_Summer_Olympics_%E2%80%93_Men%27s_800_metres,Athletics,Men's 800 metres,1988,Summer,Olympic Stadium,1988-09-23,70,53
Q1408936,Athletics at the 1992 Summer Olympics – Women's 3000 metres,https://en.wikipedia.org/wiki/Athletics_at_the_1992_Summer_Olympics_%E2%80%93_Women%27s_3000_metres,Athletics,Women's 3000 metres,1992,Summer,Estadi Olímpic de Montjuïc,1992-07-31,33,21
Q3628764,Athletics at the 2000 Summer Olympics – Men's 200 metres,https://en.wikipedia.org/wiki/Athletics_at_the_2000_Summer_Olympics_%E2%80%93_Men%27s_200_metres,Athletics,Men's 200 metres,2000,Summer,Stadium Australia,2000-09-27,67,50
Q1005746,Alpine skiing at the 1994 Winter Olympics – Men's super-G,https://en.wikipedia.org/wiki/Alpine_skiing_at_the_1994_Winter_Olympics_%E2%80%93_Men%27s_super-G,Alpine skiing,Men's Super G,1994,Winter,Kvitfjell,1994-02-17,69,28
Q1004871,Short-track speed skating at the 1998 Winter Olympics – Men's 1000 metres,https://en.wikipedia.org/wiki/Short-track_speed_skating_at_the_1998_Winter_Olympics_%E2%80%93_Men%27s_1000_metres,Short-track speed skating,Men's 1000 metres,1998,Winter,White Ring,1998-02-17,30,16
Q826510,Speed skating at the 2002 Winter Olympics – Men's 1000 metres,https://en.wikipedia.org/wiki/Speed_skating_at_the_2002_Winter_Olympics_%E2%80%93_Men%27s_1000_metres,Speed skating,Men's 1000 metres,2002,Winter,Utah Olympic Oval,2002-02-16,44,18
Q7500777,Shooting at the 1992 Summer Olympics – Women's 10 metre air rifle,https://en.wikipedia.org/wiki/Shooting_at_the_1992_Summer_Olympics_%E2%80%93_Women%27s_10_metre_air_rifle,Shooting,Women's 10 metre air rifle,1992,Summer,Mollet del Vallès,,45,28
Q1005365,Modern pentathlon at the 2004 Summer Olympics – Men's,https://en.wikipedia.org/wiki/Modern_pentathlon_at_the_2004_Summer_Olympics_%E2%80%93_Men%27s,Modern pentathlon,Men's modern pentathlon,2004,Summer,Olympic Modern Pentathlon Centre,2004-08-26,32,21
Q1026904,Gymnastics at the 1992 Summer Olympics – Women's artistic individual all-around,https://en.wikipedia.org/wiki/Gymnastics_at_the_1992_Summer_Olympics_%E2%80%93_Women%27s_artistic_individual_all-around,Gymnastics,Women's artistic individual all-around,1992,Summer,Palau Sant Jordi,1992-07-28,92,24
Q25239314,Weightlifting at the 1988 Summer Olympics – Men's 52 kg,https://en.wikipedia.org/wiki/Weightlifting_at_the_1988_Summer_Olympics_%E2%80%93_Men%27s_52_kg,Weightlifting,Men's 52 kg,1988,Summer,Olympic Weightlifting Gymnasium,1988-09-18,24,18
Q4160924,Judo at the 2000 Summer Olympics – Men's 60 kg,https://en.wikipedia.org/wiki/Judo_at_the_2000_Summer_Olympics_%E2%80%93_Men%27s_60_kg,Judo,Men's 60 kg,2000,Summer,Sydney Convention and Exhibition Centre,2000-09-16,34,34
Q3628782,Athletics at the 2000 Summer Olympics – Men's 50 kilometres walk,https://en.wikipedia.org/wiki/Athletics_at_the_2000_Summer_Olympics_%E2%80%93_Men%27s_50_kilometres_walk,Athletics,Men's 50 kilometres walk,2000,Summer,Stadium Australia,2000-09-29,56,28
Q3561230,Cycling at the 1992 Summer Olympics – Women's sprint,https://en.wikipedia.org/wiki/Cycling_at_the_1992_Summer_Olympics_%E2%80%93_Women%27s_sprint,Cycling,Women's cycling sprint,1992,Summer,Velòdrom d'Horta,1992-07-28,12,12
Q570058,Swimming at the 2004 Summer Olympics – Women's 50 metre freestyle,https://en.wikipedia.org/wiki/Swimming_at_the_2004_Summer_Olympics_%E2%80%93_Women%27s_50_metre_freestyle,Swimming,Women's 50 metre freestyle,2004,Summer,Athens Olympic Aquatic Centre,2004-08-20,75,67
Q478542,Cross-country skiing at the 2006 Winter Olympics – Women's 15 kilometre pursuit,https://en.wikipedia.org/wiki/Cross-country_skiing_at_the_2006_Winter_Olympics_%E2%80%93_Women%27s_15_kilometre_pursuit,Cross-country skiing,Women's 15 kilometre pursuit,2006,Winter,Pragelato,2006-02-12,67,28
Q3879662,Swimming at the 1992 Summer Olympics – Women's 400 metre freestyle,https://en.wikipedia.org/wiki/Swimming_at_the_1992_Summer_Olympics_%E2%80%93_Women%27s_400_metre_freestyle,Swimming,Women's 400 metre freestyle,1992,Summer,Piscines Bernat Picornell,1992-07-28,33,24
Q3879607,Swimming at the 1996 Summer Olympics – Men's 100 metre backstroke,https://en.wikipedia.org/wiki/Swimming_at_the_1996_Summer_Olympics_%E2%80%93_Men%27s_100_metre_backstroke,Swimming,Men's 100 metre backstroke,1996,Summer,Georgia Tech Aquatic Center,1996-07-23,52,44
Q3628785,Athletics at the 2000 Summer Olympics – Men's long jump,https://en.wikipedia.org/wiki/Athletics_at_the_2000_Summer_Olympics_%E2%80%93_Men%27s_long_jump,Athletics,Men's long jump,2000,Summer,Stadium Australia,2000-09-25,53,38
Q824928,Snowboarding at the 2006 Winter Olympics – Men's halfpipe,https://en.wikipedia.org/wiki/Snowboarding_at_the_2006_Winter_Olympics_%E2%80%93_Men%27s_halfpipe,Snowboarding,Men's halfpipe,2006,Winter,Bardonecchia,2006-02-12,44,17
Q10466403,Judo at the 1992 Summer Olympics – Women's +72 kg,https://en.wikipedia.org/wiki/Judo_at_the_1992_Summer_Olympics_%E2%80%93_Women%27s_%2B72_kg,Judo,Women's +72 kg,1992,Summer,Palau Blaugrana,1992-07-27,21,21
Q1130659,Swimming at the 2004 Summer Olympics – Men's 50 metre freestyle,https://en.wikipedia.org/wiki/Swimming_at_the_2004_Summer_Olympics_%E2%80%93_Men%27s_50_metre_freestyle,Swimming,Men's 50 metre freestyle,2004,Summer,Athens Olympic Aquatic Centre,2004-08-19,86,78
Q5644525,Figure skating at the 2002 Winter Olympics – Men's singles,https://en.wikipedia.org/wiki/Figure_skating_at_the_2002_Winter_Olympics_%E2%80%93_Men%27s_singles,Figure skating,Men's singles,2002,Winter,"Salt Lake Ice Center Salt Lake City, Utah, United States",2002-02-20,28,20
Q1183979,Tennis at the 2004 Summer Olympics – Women's singles,https://en.wikipedia.org/wiki/Tennis_at_the_2004_Summer_Olympics_%E2%80%93_Women%27s_singles,Tennis,Women's singles tennis,2004,Summer,Athens Olympic Tennis Centre,2004-08-15,64,32
Q10466384,Judo at the 1996 Summer Olympics – Women's 72 kg,https://en.wikipedia.org/wiki/Judo_at_the_1996_Summer_Olympics_%E2%80%93_Women%27s_72_kg,Judo,Women's 72 kg,1996,Summer,Georgia World Congress Center,1996-07-21,21,21
Q599322,Swimming at the 2004 Summer Olympics – Men's 400 metre freestyle,https://en.wikipedia.org/wiki/Swimming_at_the_2004_Summer_Olympics_%E2%80%93_Men%27s_400_metre_freestyle,Swimming,Men's 400 metre freestyle,2004,Summer,Athens Olympic Aquatic Centre,2004-08-14,47,39
Q3879583,Swimming at the 2004 Summer Olympics – Men's 4 × 200 metre freestyle relay,https://en.wikipedia.org/wiki/Swimming_at_the_2004_Summer_Olympics_%E2%80%93_Men%27s_4_%C3%97_200_metre_freestyle_relay,Swimming,Men's 4 × 200 metre freestyle relay,2004,Summer,Olympic Aquatic Centre,2004-08-17,75,16
Q3879651,Swimming at the 1992 Summer Olympics – Women's 200 metre butterfly,https://en.wikipedia.org/wiki/Swimming_at_the_1992_Summer_Olympics_%E2%80%93_Women%27s_200_metre_butterfly,Swimming,Women's 200 metre butterfly,1992,Summer,Piscines Bernat Picornell,1992-07-31,34,24
Q3879608,Swimming at the 1996 Summer Olympics – Women's 100 metre backstroke,https://en.wikipedia.org/wiki/Swimming_at_the_1996_Summer_Olympics_%E2%80%93_Women%27s_100_metre_backstroke,Swimming,Women's 100 metre backstroke,1996,Summer,Georgia Tech Aquatic Center,1996-07-22,36,30
Q3879593,Swimming at the 2000 Summer Olympics – Men's 200 metre butterfly,https://en.wikipedia.org/wiki/Swimming_at_the_2000_Summer_Olympics_%E2%80%93_Men%27s_200_metre_butterfly,Swimming,Men's 200 metre butterfly,2000,Summer,Sydney International Aquatic Centre,2000-09-18,46,40
Q3628686,Athletics at the 1988 Summer Olympics – Women's 400 metres hurdles,https://en.wikipedia.org/wiki/Athletics_at_the_1988_Summer_Olympics_%E2%80%93_Women%27s_400_metres_hurdles,Athletics,Women's 400 metres hurdles,1988,Summer,Olympic Stadium,1988-09-25,35,25
Q4443765,Shooting at the 2000 Summer Olympics – Men's 10 metre air pistol,https://en.wikipedia.org/wiki/Shooting_at_the_2000_Summer_Olympics_%E2%80%93_Men%27s_10_metre_air_pistol,Shooting,Men's 10 metre air pistol,2000,Summer,Sydney International Shooting Centre,2000-09-16,43,30
Q3628680,Athletics at the 1988 Summer Olympics – Women's 100 metres hurdles,https://en.wikipedia.org/wiki/Athletics_at_the_1988_Summer_Olympics_%E2%80%93_Women%27s_100_metres_hurdles,Athletics,Women's 100 metres hurdles,1988,Summer,Olympic Stadium,1988-09-28,36,25
Q3879569,Swimming at the 2004 Summer Olympics – Women's 200 metre backstroke,https://en.wikipedia.org/wiki/Swimming_at_the_2004_Summer_Olympics_%E2%80%93_Women%27s_200_metre_backstroke,Swimming,Women's 200 metre backstroke,2004,Summer,Athens Olympic Aquatic Centre,2004-08-19,35,27
Q3628770,Athletics at the 2000 Summer Olympics – Men's 5000 metres,https://en.wikipedia.org/wiki/Athletics_at_the_2000_Summer_Olympics_%E2%80%93_Men%27s_5000_metres,Athletics,Men's 5000 metres,2000,Summer,Stadium Australia,2000-09-27,38,22
Q1004926,Biathlon at the 1988 Winter Olympics – Sprint,https://en.wikipedia.org/wiki/Biathlon_at_the_1988_Winter_Olympics_%E2%80%93_Sprint,Biathlon,Men's biathlon sprint,1988,Winter,Canmore Nordic Centre,1988-02-23,72,22
Q5443136,Fencing at the 1988 Summer Olympics – Men's foil,https://en.wikipedia.org/wiki/Fencing_at_the_1988_Summer_Olympics_%E2%80%93_Men%27s_foil,Fencing,Men's foil,1988,Summer,Olympic Fencing Gymnasium,1988-09-20,68,29
Q7500785,Shooting at the 1996 Summer Olympics – Men's 10 metre running target,https://en.wikipedia.org/wiki/Shooting_at_the_1996_Summer_Olympics_%E2%80%93_Men%27s_10_metre_running_target,Shooting,Men's 10 metre running target,1996,Summer,Wolf Creek Shooting Complex,1996-07-26,20,14
Q8037923,Wrestling at the 1996 Summer Olympics – Men's Greco-Roman 90 kg,https://en.wikipedia.org/wiki/Wrestling_at_the_1996_Summer_Olympics_%E2%80%93_Men%27s_Greco-Roman_90_kg,Wrestling,Men's Greco-Roman 90 kg,1996,Summer,Georgia World Congress Center,1996-07-22,23,23
Q1408927,Athletics at the 1992 Summer Olympics – Men's 5000 metres,https://en.wikipedia.org/wiki/Athletics_at_the_1992_Summer_Olympics_%E2%80%93_Men%27s_5000_metres,Athletics,Men's 5000 metres,1992,Summer,Estadi Olímpic de Montjuïc,1992-08-06,56,41
Q8037919,Wrestling at the 1996 Summer Olympics – Men's Greco-Roman 68 kg,https://en.wikipedia.org/wiki/Wrestling_at_the_1996_Summer_Olympics_%E2%80%93_Men%27s_Greco-Roman_68_kg,Wrestling,Men's Greco-Roman 68 kg,1996,Summer,Georgia World Congress Center,1996-07-20,22,22
Q2557141,Athletics at the 2004 Summer Olympics – Men's 3000 metres steeplechase,https://en.wikipedia.org/wiki/Athletics_at_the_2004_Summer_Olympics_%E2%80%93_Men%27s_3000_metres_steeplechase,Athletics,Men's 3000 metres steeplechase,2004,Summer,Athens Olympic Stadium,2004-08-21,41,27
Q4160925,Judo at the 2000 Summer Olympics – Women's 52 kg,https://en.wikipedia.org/wiki/Judo_at_the_2000_Summer_Olympics_%E2%80%93_Women%27s_52_kg,Judo,Women's 52 kg,2000,Summer,Sydney Convention and Exhibition Centre,2000-09-17,24,24
Q3628703,Athletics at the 1988 Summer Olympics – Men's high jump,https://en.wikipedia.org/wiki/Athletics_at_the_1988_Summer_Olympics_%E2%80%93_Men%27s_high_jump,Athletics,Men's high jump,1988,Summer,Olympic Stadium,1988-09-25,27,18
Q8037924,Wrestling at the 1996 Summer Olympics – Men's freestyle 100 kg,https://en.wikipedia.org/wiki/Wrestling_at_the_1996_Summer_Olympics_%E2%80%93_Men%27s_freestyle_100_kg,Wrestling,Men's freestyle 100 kg,1996,Summer,Georgia World Congress Center,1996-07-30,19,19
Q1004869,Short-track speed skating at the 1992 Winter Olympics – Men's 1000 metres,https://en.wikipedia.org/wiki/Short-track_speed_skating_at_the_1992_Winter_Olympics_%E2%80%93_Men%27s_1000_metres,Short-track speed skating,Men's 1000 metres,1992,Winter,La halle de glace Olympique,1992-02-18,28,16
Q370917,Wrestling at the 2004 Summer Olympics – Men's Greco-Roman 74 kg,https://en.wikipedia.org/wiki/Wrestling_at_the_2004_Summer_Olympics_%E2%80%93_Men%27s_Greco-Roman_74_kg,Wrestling,Men's Greco-Roman 74 kg,2004,Summer,Ano Liosia Olympic Hall,2004-08-25,20,20
Q562654,Tennis at the 1988 Summer Olympics – Men's singles,https://en.wikipedia.org/wiki/Tennis_at_the_1988_Summer_Olympics_%E2%80%93_Men%27s_singles,Tennis,Men's singles tennis,1988,Summer,"Seoul Olympic Park Tennis Center, Seoul",1988-09-20,64,32
Q8037913,Wrestling at the 1996 Summer Olympics – Men's Greco-Roman 100 kg,https://en.wikipedia.org/wiki/Wrestling_at_the_1996_Summer_Olympics_%E2%80%93_Men%27s_Greco-Roman_100_kg,Wrestling,Men's Greco-Roman 100 kg,1996,Summer,Georgia World Congress Center,1996-07-20,20,20
Q7500784,Shooting at the 1996 Summer Olympics – Men's 10 metre air rifle,https://en.wikipedia.org/wiki/Shooting_at_the_1996_Summer_Olympics_%E2%80%93_Men%27s_10_metre_air_rifle,Shooting,Men's 10 metre air rifle prone,1996,Summer,Wolf Creek Shooting Complex,1996-07-22,44,31
Q8037937,Wrestling at the 1996 Summer Olympics – Men's freestyle 82 kg,https://en.wikipedia.org/wiki/Wrestling_at_the_1996_Summer_Olympics_%E2%80%93_Men%27s_freestyle_82_kg,Wrestling,Men's freestyle 82 kg,1996,Summer,Georgia World Congress Center,1996-07-30,21,21
Q8037922,Wrestling at the 1996 Summer Olympics – Men's Greco-Roman 82 kg,https://en.wikipedia.org/wiki/Wrestling_at_the_1996_Summer_Olympics_%E2%80%93_Men%27s_Greco-Roman_82_kg,Wrestling,Men's Greco-Roman 82 kg,1996,Summer,Georgia World Congress Center,1996-07-20,19,19
Q1005313,Luge at the 2002 Winter Olympics – Men's singles,https://en.wikipedia.org/wiki/Luge_at_the_2002_Winter_Olympics_%E2%80%93_Men%27s_singles,Luge,Men's singles,2002,Winter,Utah Olympic Park,2002-02-10,50,23
Q3628704,Athletics at the 1988 Summer Olympics – Women's long jump,https://en.wikipedia.org/wiki/Athletics_at_the_1988_Summer_Olympics_%E2%80%93_Women%27s_long_jump,Athletics,Women's long jump,1988,Summer,Olympic Stadium,1988-09-28,30,19
Q826500,Speed skating at the 1994 Winter Olympics – Women's 3000 metres,https://en.wikipedia.org/wiki/Speed_skating_at_the_1994_Winter_Olympics_%E2%80%93_Women%27s_3000_metres,Speed skating,Women's 3000 metres,1994,Winter,Hamar Olympic Hall,1994-02-17,27,14
Q10522577,Judo at the 1996 Summer Olympics – Men's 86 kg,https://en.wikipedia.org/wiki/Judo_at_the_1996_Summer_Olympics_%E2%80%93_Men%27s_86_kg,Judo,Men's 86 kg,1996,Summer,Georgia World Congress Center,1996-07-22,33,33
Q10522587,Cycling at the 1988 Summer Olympics – Men's track time trial,https://en.wikipedia.org/wiki/Cycling_at_the_1988_Summer_Olympics_%E2%80%93_Men%27s_track_time_trial,Cycling,Men's track time trial,1988,Summer,Seoul Olympic Velodrome,1988-09-20,30,30
Q587805,"Speed skating at the 2006 Winter Olympics – Men's 10,000 metres",https://en.wikipedia.org/wiki/Speed_skating_at_the_2006_Winter_Olympics_%E2%80%93_Men%27s_10%2C000_metres,Speed skating,"Men's 10,000 metres",2006,Winter,Oval Lingotto,2006-02-24,16,8
Q8037926,Wrestling at the 1996 Summer Olympics – Men's freestyle 130 kg,https://en.wikipedia.org/wiki/Wrestling_at_the_1996_Summer_Olympics_%E2%80%93_Men%27s_freestyle_130_kg,Wrestling,Men's freestyle 130 kg,1996,Summer,Georgia World Congress Center,1996-08-01,18,18
Q1005371,Snowboarding at the 2002 Winter Olympics – Men's halfpipe,https://en.wikipedia.org/wiki/Snowboarding_at_the_2002_Winter_Olympics_%E2%80%93_Men%27s_halfpipe,Snowboarding,Men's halfpipe,2002,Winter,Park City,2002-02-11,34,12
Q1222712,Alpine skiing at the 1992 Winter Olympics – Women's giant slalom,https://en.wikipedia.org/wiki/Alpine_skiing_at_the_1992_Winter_Olympics_%E2%80%93_Women%27s_giant_slalom,Alpine skiing,Women's giant slalom,1992,Winter,Meribel,1992-02-19,69,32
Q4354074,Shooting at the 2004 Summer Olympics – Women's 10 metre air rifle,https://en.wikipedia.org/wiki/Shooting_at_the_2004_Summer_Olympics_%E2%80%93_Women%27s_10_metre_air_rifle,Shooting,Women's 10 metre air rifle,2004,Summer,Markópoulo Olympic ShootingCentre,2004-08-14,44,31
Q8037917,Wrestling at the 1996 Summer Olympics – Men's Greco-Roman 57 kg,https://en.wikipedia.org/wiki/Wrestling_at_the_1996_Summer_Olympics_%E2%80%93_Men%27s_Greco-Roman_57_kg,Wrestling,Men's Greco-Roman 57 kg,1996,Summer,Georgia World Congress Center,1996-07-20,20,20
Q3879628,Swimming at the 1996 Summer Olympics – Women's 200 metre freestyle,https://en.wikipedia.org/wiki/Swimming_at_the_1996_Summer_Olympics_%E2%80%93_Women%27s_200_metre_freestyle,Swimming,Women's 200 metre freestyle,1996,Summer,Georgia Tech Aquatic Center,1996-07-21,42,35
Q10522589,Judo at the 1988 Summer Olympics – Men's +95 kg,https://en.wikipedia.org/wiki/Judo_at_the_1988_Summer_Olympics_%E2%80%93_Men%27s_%2B95_kg,Judo,Men's +95 kg,1988,Summer,Jangchung Gymnasium,1988-10-01,26,26
Q25939,Fencing at the 1996 Summer Olympics – Men's foil,https://en.wikipedia.org/wiki/Fencing_at_the_1996_Summer_Olympics_%E2%80%93_Men%27s_foil,Fencing,Men's foil,1996,Summer,Georgia World Congress Center,1996-07-22,45,19
Q1422103,Athletics at the 1996 Summer Olympics – Women's triple jump,https://en.wikipedia.org/wiki/Athletics_at_the_1996_Summer_Olympics_%E2%80%93_Women%27s_triple_jump,Athletics,Women's triple jump,1996,Summer,Centennial Olympic Stadium,1996-07-29,31,23
Q3628792,Athletics at the 1996 Summer Olympics – Men's 110 metres hurdles,https://en.wikipedia.org/wiki/Athletics_at_the_1996_Summer_Olympics_%E2%80%93_Men%27s_110_metres_hurdles,Athletics,Men's 110 metres hurdles,1996,Summer,Centennial Olympic Stadium,1996-07-29,62,39
Q1005284,Alpine skiing at the 1988 Winter Olympics – Men's combined,https://en.wikipedia.org/wiki/Alpine_skiing_at_the_1988_Winter_Olympics_%E2%80%93_Men%27s_combined,Alpine skiing,Men's combined,1988,Winter,Nakiska,1988-02-17,56,20
Q3730943,Equestrian at the 2004 Summer Olympics – Individual jumping,https://en.wikipedia.org/wiki/Equestrian_at_the_2004_Summer_Olympics_%E2%80%93_Individual_jumping,Equestrian,Individual jumping,2004,Summer,Markopoulo Olympic Equestrian Centre,2004-08-22,77,27
Q1076363,Swimming at the 2000 Summer Olympics – Men's 400 metre freestyle,https://en.wikipedia.org/wiki/Swimming_at_the_2000_Summer_Olympics_%E2%80%93_Men%27s_400_metre_freestyle,Swimming,Men's 400 metre freestyle,2000,Summer,Sydney International Aquatic Centre,2000-09-16,46,40
Q7979997,Weightlifting at the 2000 Summer Olympics – Men's 77 kg,https://en.wikipedia.org/wiki/Weightlifting_at_the_2000_Summer_Olympics_%E2%80%93_Men%27s_77_kg,Weightlifting,Men's 77 kg,2000,Summer,Sydney Convention and Exhibition Centre,2000-09-22,18,16
Q3837496,Wrestling at the 2004 Summer Olympics – Men's Greco-Roman 120 kg,https://en.wikipedia.org/wiki/Wrestling_at_the_2004_Summer_Olympics_%E2%80%93_Men%27s_Greco-Roman_120_kg,Wrestling,Men's Greco-Roman 120 kg,2004,Summer,Ano Liosia Olympic Hall,2004-08-24,20,20
Q1005211,Cross-country skiing at the 1988 Winter Olympics – Men's 50 kilometre freestyle,https://en.wikipedia.org/wiki/Cross-country_skiing_at_the_1988_Winter_Olympics_%E2%80%93_Men%27s_50_kilometre_freestyle,Cross-country skiing,Men's 50 kilometre freestyle,1988,Winter,Canmore Nordic Centre Provincial Park,1988-02-27,71,23
Q1005811,Snowboarding at the 1998 Winter Olympics – Men's giant slalom,https://en.wikipedia.org/wiki/Snowboarding_at_the_1998_Winter_Olympics_%E2%80%93_Men%27s_giant_slalom,Snowboarding,Men's Giant Slalom,1998,Winter,Mount Yakebitai,1998-02-08,34,14
Q3565605,Wrestling at the 1988 Summer Olympics – Men's Greco-Roman 48 kg,https://en.wikipedia.org/wiki/Wrestling_at_the_1988_Summer_Olympics_%E2%80%93_Men%27s_Greco-Roman_48_kg,Wrestling,Men's Greco-Roman 48 kg,1988,Summer,Sangmu Gymnasium,1988-09-18,15,15
Q1005575,Alpine skiing at the 1994 Winter Olympics – Men's downhill,https://en.wikipedia.org/wiki/Alpine_skiing_at_the_1994_Winter_Olympics_%E2%80%93_Men%27s_downhill,Alpine skiing,Men's downhill,1994,Winter,Kvitfjell,1994-02-13,55,26
Q1377439,Badminton at the 2004 Summer Olympics – Women's doubles,https://en.wikipedia.org/wiki/Badminton_at_the_2004_Summer_Olympics_%E2%80%93_Women%27s_doubles,Badminton,Women's doubles,2004,Summer,Goudi Olympic Hall,2004-08-14,23,16
Q2463752,Athletics at the 2004 Summer Olympics – Men's 400 metres,https://en.wikipedia.org/wiki/Athletics_at_the_2004_Summer_Olympics_%E2%80%93_Men%27s_400_metres,Athletics,Men's 400 metres,2004,Summer,Athens Olympic Stadium,2004-08-20,62,48
Q3925468,Boxing at the 2004 Summer Olympics – Light flyweight,https://en.wikipedia.org/wiki/Boxing_at_the_2004_Summer_Olympics_%E2%80%93_Light_flyweight,Boxing,Light flyweight boxing,2004,Summer,Peristeri Olympic Boxing Hall,2004-08-18,29,29
Q1005065,Cross-country skiing at the 1992 Winter Olympics – Men's 30 kilometre classical,https://en.wikipedia.org/wiki/Cross-country_skiing_at_the_1992_Winter_Olympics_%E2%80%93_Men%27s_30_kilometre_classical,Cross-country skiing,Men's 30 kilometre classical,1992,Winter,Les Saisies,1992-02-10,87,34
Q3879761,Synchronized swimming at the 2004 Summer Olympics – Women's duet,https://en.wikipedia.org/wiki/Synchronized_swimming_at_the_2004_Summer_Olympics_%E2%80%93_Women%27s_duet,Synchronized swimming,Women's duet,2004,Summer,Athens Olympic Aquatic Centre,2004-08-23,48,24
Q13572928,Weightlifting at the 1996 Summer Olympics – Men's 83 kg,https://en.wikipedia.org/wiki/Weightlifting_at_the_1996_Summer_Olympics_%E2%80%93_Men%27s_83_kg,Weightlifting,Men's 83 kg,1996,Summer,Georgia World Congress Center,1996-07-26,20,18
Q1005801,Alpine skiing at the 2006 Winter Olympics – Men's giant slalom,https://en.wikipedia.org/wiki/Alpine_skiing_at_the_2006_Winter_Olympics_%E2%80%93_Men%27s_giant_slalom,Alpine skiing,Men's giant slalom,2006,Winter,Sestriere,2006-02-20,82,46
Q3628772,Athletics at the 2000 Summer Olympics – Women's 800 metres,https://en.wikipedia.org/wiki/Athletics_at_the_2000_Summer_Olympics_%E2%80%93_Women%27s_800_metres,Athletics,Women's 800 metres,2000,Summer,Stadium Australia,2000-09-22,38,30
Q2318914,Athletics at the 2004 Summer Olympics – Women's hammer throw,https://en.wikipedia.org/wiki/Athletics_at_the_2004_Summer_Olympics_%E2%80%93_Women%27s_hammer_throw,Athletics,Women's hammer throw,2004,Summer,Olympic Stadium,2004-08-23,48,27
Q1005571,Alpine skiing at the 1988 Winter Olympics – Men's downhill,https://en.wikipedia.org/wiki/Alpine_skiing_at_the_1988_Winter_Olympics_%E2%80%93_Men%27s_downhill,Alpine skiing,Men's downhill,1988,Winter,"Nakiska,Kananaskis Village, Alberta, Canada",1988-02-15,51,18
Q5403447,Shooting at the 1988 Summer Olympics – Men's 50 metre running target,https://en.wikipedia.org/wiki/Shooting_at_the_1988_Summer_Olympics_%E2%80%93_Men%27s_50_metre_running_target,Shooting,Men's 50 metre running target,1988,Summer,,1988-09-23,23,16
Q1004961,Speed skating at the 1992 Winter Olympics – Men's 1500 metres,https://en.wikipedia.org/wiki/Speed_skating_at_the_1992_Winter_Olympics_%E2%80%93_Men%27s_1500_metres,Speed skating,Men's 1500 metres,1992,Winter,L'anneau de vitesse,1992-02-16,46,21
Q3879632,Swimming at the 1996 Summer Olympics – Men's 400 metre freestyle,https://en.wikipedia.org/wiki/Swimming_at_the_1996_Summer_Olympics_%E2%80%93_Men%27s_400_metre_freestyle,Swimming,Men's 400 metre freestyle,1996,Summer,Georgia Tech Aquatic Center,1996-07-23,35,31
Q7979995,Weightlifting at the 2000 Summer Olympics – Men's 105 kg,https://en.wikipedia.org/wiki/Weightlifting_at_the_2000_Summer_Olympics_%E2%80%93_Men%27s_105_kg,Weightlifting,Men's 105 kg,2000,Summer,Sydney Convention and Exhibition Centre,2000-09-25,21,18
Q22964453,Rowing at the 1996 Summer Olympics – Women's coxless pair,https://en.wikipedia.org/wiki/Rowing_at_the_1996_Summer_Olympics_%E2%80%93_Women%27s_coxless_pair,Rowing,Women's coxless pair,1996,Summer,,1996-07-21,26,13
Q562647,Tennis at the 1988 Summer Olympics – Women's singles,https://en.wikipedia.org/wiki/Tennis_at_the_1988_Summer_Olympics_%E2%80%93_Women%27s_singles,Tennis,Women's singles tennis,1988,Summer,"Seoul Olympic Park Tennis Center, Seoul",1988-09-23,48,26
Q1074316,Swimming at the 2000 Summer Olympics – Women's 100 metre backstroke,https://en.wikipedia.org/wiki/Swimming_at_the_2000_Summer_Olympics_%E2%80%93_Women%27s_100_metre_backstroke,Swimming,Women's 100 metre backstroke,2000,Summer,Sydney International Aquatic Centre,2000-09-17,47,40
Q3837498,Wrestling at the 2004 Summer Olympics – Men's Greco-Roman 84 kg,https://en.wikipedia.org/wiki/Wrestling_at_the_2004_Summer_Olympics_%E2%80%93_Men%27s_Greco-Roman_84_kg,Wrestling,Men's Greco-Roman 84 kg,2004,Summer,Ano Liosia Olympic Hall,2004-08-24,20,20
Q8037960,Wrestling at the 2000 Summer Olympics – Men's Greco-Roman 76 kg,https://en.wikipedia.org/wiki/Wrestling_at_the_2000_Summer_Olympics_%E2%80%93_Men%27s_Greco-Roman_76_kg,Wrestling,Men's Greco-Roman 76 kg,2000,Summer,Sydney Convention and Exhibition Centre,2000-09-24,20,20
Q256529,Biathlon at the 2006 Winter Olympics – Men's mass start,https://en.wikipedia.org/wiki/Biathlon_at_the_2006_Winter_Olympics_%E2%80%93_Men%27s_mass_start,Biathlon,Men's biathlon mass start,2006,Winter,Cesana San Sicario,2006-02-25,30,14
Q1005286,Alpine skiing at the 1992 Winter Olympics – Men's combined,https://en.wikipedia.org/wiki/Alpine_skiing_at_the_1992_Winter_Olympics_%E2%80%93_Men%27s_combined,Alpine skiing,Men's combined,1992,Winter,Val d'Isère,1992-02-10,66,27
Q2557677,Athletics at the 2004 Summer Olympics – Women's pole vault,https://en.wikipedia.org/wiki/Athletics_at_the_2004_Summer_Olympics_%E2%80%93_Women%27s_pole_vault,Athletics,Women's pole vault,2004,Summer,Olympic Stadium,2004-08-21,35,22
Q7500761,Shooting at the 1992 Summer Olympics – Men's 50 metre pistol,https://en.wikipedia.org/wiki/Shooting_at_the_1992_Summer_Olympics_%E2%80%93_Men%27s_50_metre_pistol,Shooting,Men's 50 metre pistol,1992,Summer,Mollet del Vallès,1992-07-26,44,29
Q1408888,Athletics at the 1992 Summer Olympics – Men's 50 kilometres walk,https://en.wikipedia.org/wiki/Athletics_at_the_1992_Summer_Olympics_%E2%80%93_Men%27s_50_kilometres_walk,Athletics,Men's 50 kilometres walk,1992,Summer,Olympic Stadium,1992-08-07,45,21
Q3879626,Swimming at the 1996 Summer Olympics – Men's 200 metre breaststroke,https://en.wikipedia.org/wiki/Swimming_at_the_1996_Summer_Olympics_%E2%80%93_Men%27s_200_metre_breaststroke,Swimming,Men's 200 metre breaststroke,1996,Summer,Georgia Tech Aquatic Center,1996-07-24,36,31
Q10572465,Boxing at the 1996 Summer Olympics – Lightweight,https://en.wikipedia.org/wiki/Boxing_at_the_1996_Summer_Olympics_%E2%80%93_Lightweight,Boxing,Lightweight boxing,1996,Summer,Alexander Memorial Coliseum,1996-07-21,31,31
Q10426127,Boxing at the 1992 Summer Olympics – Bantamweight,https://en.wikipedia.org/wiki/Boxing_at_the_1992_Summer_Olympics_%E2%80%93_Bantamweight,Boxing,Bantamweight boxing,1992,Summer,Pavelló Club Joventut Badalona,1992-07-28,31,31
Q3879611,Swimming at the 1996 Summer Olympics – Men's 100 metre butterfly,https://en.wikipedia.org/wiki/Swimming_at_the_1996_Summer_Olympics_%E2%80%93_Men%27s_100_metre_butterfly,Swimming,Men's 100 metre butterfly,1996,Summer,Georgia Tech Aquatic Center,1996-07-24,61,56
Q3879617,Swimming at the 1996 Summer Olympics – Men's 1500 metre freestyle,https://en.wikipedia.org/wiki/Swimming_at_the_1996_Summer_Olympics_%E2%80%93_Men%27s_1500_metre_freestyle,Swimming,Men's 1500 metre freestyle,1996,Summer,Georgia Tech Aquatic Center,1996-07-26,34,26
Q3628774,Athletics at the 2000 Summer Olympics – Women's shot put,https://en.wikipedia.org/wiki/Athletics_at_the_2000_Summer_Olympics_%E2%80%93_Women%27s_shot_put,Athletics,Women's shot put,2000,Summer,Stadium Australia,2000-09-27,25,18
Q1005731,Skeleton at the 2002 Winter Olympics – Men's,https://en.wikipedia.org/wiki/Skeleton_at_the_2002_Winter_Olympics_%E2%80%93_Men%27s,Skeleton,Men's Skeleton,2002,Winter,Utah Olympic Park,2002-02-20,26,18
Q1004964,Speed skating at the 1994 Winter Olympics – Men's 1500 metres,https://en.wikipedia.org/wiki/Speed_skating_at_the_1994_Winter_Olympics_%E2%80%93_Men%27s_1500_metres,Speed skating,Men's 1500 metres,1994,Winter,Hamar Olympic Hall,1994-02-16,44,17
Q3628783,Athletics at the 2000 Summer Olympics – Men's pole vault,https://en.wikipedia.org/wiki/Athletics_at_the_2000_Summer_Olympics_%E2%80%93_Men%27s_pole_vault,Athletics,Men's pole vault,2000,Summer,Stadium Australia,2000-09-27,36,22
Q3628702,Athletics at the 1988 Summer Olympics – Men's pole vault,https://en.wikipedia.org/wiki/Athletics_at_the_1988_Summer_Olympics_%E2%80%93_Men%27s_pole_vault,Athletics,Men's pole vault,1988,Summer,Olympic Stadium,1988-09-23,21,13
Q988370,Nordic combined at the 1998 Winter Olympics – Individual,https://en.wikipedia.org/wiki/Nordic_combined_at_the_1998_Winter_Olympics_%E2%80%93_Individual,Nordic combined,Individual,1998,Winter,Hakuba Ski Jumping Stadium (ski jumping)Snow Harp (cross-country skiing),1998-02-13,45,14
Q5443151,Fencing at the 2000 Summer Olympics – Men's team sabre,https://en.wikipedia.org/wiki/Fencing_at_the_2000_Summer_Olympics_%E2%80%93_Men%27s_team_sabre,Fencing,Men's team sabre,2000,Summer,Sydney Exhibition Centre,2000-09-24,29,9
Q3879635,Swimming at the 1996 Summer Olympics – Women's 800 metre freestyle,https://en.wikipedia.org/wiki/Swimming_at_the_1996_Summer_Olympics_%E2%80%93_Women%27s_800_metre_freestyle,Swimming,Women's 800 metre freestyle,1996,Summer,Georgia Tech Aquatic Center,1996-07-25,29,23
Q3837500,Wrestling at the 2004 Summer Olympics – Men's Greco-Roman 96 kg,https://en.wikipedia.org/wiki/Wrestling_at_the_2004_Summer_Olympics_%E2%80%93_Men%27s_Greco-Roman_96_kg,Wrestling,Men's Greco-Roman 96 kg,2004,Summer,Ano Liosia Olympic Hall,2004-08-25,22,22
Q1222721,Snowboarding at the 1998 Winter Olympics – Women's giant slalom,https://en.wikipedia.org/wiki/Snowboarding_at_the_1998_Winter_Olympics_%E2%80%93_Women%27s_giant_slalom,Snowboarding,Women's Giant Slalom,1998,Winter,Mount Yakebitai,1998-02-10,31,14
Q10497007,Boxing at the 1988 Summer Olympics – Flyweight,https://en.wikipedia.org/wiki/Boxing_at_the_1988_Summer_Olympics_%E2%80%93_Flyweight,Boxing,Flyweight boxing,1988,Summer,Jamsil Students' Gymnasium,1988-09-18,44,44
Q1076295,Swimming at the 2000 Summer Olympics – Men's 100 metre breaststroke,https://en.wikipedia.org/wiki/Swimming_at_the_2000_Summer_Olympics_%E2%80%93_Men%27s_100_metre_breaststroke,Swimming,Men's 100 metre breaststroke,2000,Summer,Sydney International Aquatic Centre,2000-09-16,66,61
Q12808128,Weightlifting at the 1996 Summer Olympics – Men's 99 kg,https://en.wikipedia.org/wiki/Weightlifting_at_the_1996_Summer_Olympics_%E2%80%93_Men%27s_99_kg,Weightlifting,Men's 99 kg,1996,Summer,Georgia World Congress Center,1996-07-28,28,25
Q22964459,Rowing at the 1996 Summer Olympics – Men's coxless pair,https://en.wikipedia.org/wiki/Rowing_at_the_1996_Summer_Olympics_%E2%80%93_Men%27s_coxless_pair,Rowing,Men's coxless pair,1996,Summer,"Lake Lanier, Georgia",1996-07-17,36,18
Q3628752,Athletics at the 2004 Summer Olympics – Women's 400 metres hurdles,https://en.wikipedia.org/wiki/Athletics_at_the_2004_Summer_Olympics_%E2%80%93_Women%27s_400_metres_hurdles,Athletics,Women's 400 metres hurdles,2004,Summer,Athens Olympic Stadium,2004-08-21,34,25
Q3879654,Swimming at the 1992 Summer Olympics – Men's 200 metre individual medley,https://en.wikipedia.org/wiki/Swimming_at_the_1992_Summer_Olympics_%E2%80%93_Men%27s_200_metre_individual_medley,Swimming,Men's 200 metre individual medley,1992,Summer,Piscines Bernat Picornell,1992-07-31,60,43
Q25800,Fencing at the 1996 Summer Olympics – Men's team foil,https://en.wikipedia.org/wiki/Fencing_at_the_1996_Summer_Olympics_%E2%80%93_Men%27s_team_foil,Fencing,Men's team foil,1996,Summer,Georgia World Congress Center,1996-07-25,34,11
Q38601,Fencing at the 1992 Summer Olympics – Men's team épée,https://en.wikipedia.org/wiki/Fencing_at_the_1992_Summer_Olympics_%E2%80%93_Men%27s_team_%C3%A9p%C3%A9e,Fencing,Men's team épée,1992,Summer,Palace of Metallurgy,1992-08-05,60,12
Q384008,Gymnastics at the 2004 Summer Olympics – Men's artistic individual all-around,https://en.wikipedia.org/wiki/Gymnastics_at_the_2004_Summer_Olympics_%E2%80%93_Men%27s_artistic_individual_all-around,Gymnastics,Men's artistic individual all-around,2004,Summer,O.A.C.A. Olympic Indoor Hall,2004-08-14,98,31
Q3628691,Athletics at the 1988 Summer Olympics – Women's 800 metres,https://en.wikipedia.org/wiki/Athletics_at_the_1988_Summer_Olympics_%E2%80%93_Women%27s_800_metres,Athletics,Women's 800 metres,1988,Summer,Olympic Stadium,1988-09-24,29,19
Q3628698,Athletics at the 1988 Summer Olympics – Men's hammer throw,https://en.wikipedia.org/wiki/Athletics_at_the_1988_Summer_Olympics_%E2%80%93_Men%27s_hammer_throw,Athletics,Men's hammer throw,1988,Summer,,,30,16
Q3565736,Wrestling at the 1988 Summer Olympics – Men's Greco-Roman 90 kg,https://en.wikipedia.org/wiki/Wrestling_at_the_1988_Summer_Olympics_%E2%80%93_Men%27s_Greco-Roman_90_kg,Wrestling,Men's Greco-Roman 90 kg,1988,Summer,Sangmu Gymnasium,1988-09-18,22,22
Q3879589,Swimming at the 2000 Summer Olympics – Women's 100 metre freestyle,https://en.wikipedia.org/wiki/Swimming_at_the_2000_Summer_Olympics_%E2%80%93_Women%27s_100_metre_freestyle,Swimming,Women's 100 metre freestyle,2000,Summer,Sydney International Aquatic Centre,2000-09-20,56,51
Q2303677,Athletics at the 1992 Summer Olympics – Men's 100 metres,https://en.wikipedia.org/wiki/Athletics_at_the_1992_Summer_Olympics_%E2%80%93_Men%27s_100_metres,Athletics,Men's 100 metres,1992,Summer,Olympic Stadium,1992-07-31,81,66
Q988374,Nordic combined at the 1992 Winter Olympics – Individual,https://en.wikipedia.org/wiki/Nordic_combined_at_the_1992_Winter_Olympics_%E2%80%93_Individual,Nordic combined,Individual,1992,Winter,Courchevel (ski jumping)Les Saisies (cross-country skiing),1992-02-11,45,12
Q3628694,Athletics at the 1988 Summer Olympics – Women's shot put,https://en.wikipedia.org/wiki/Athletics_at_the_1988_Summer_Olympics_%E2%80%93_Women%27s_shot_put,Athletics,Women's shot put,1988,Summer,,,26,14
Q3628754,Athletics at the 2004 Summer Olympics – Men's 4 × 100 metres relay,https://en.wikipedia.org/wiki/Athletics_at_the_2004_Summer_Olympics_%E2%80%93_Men%27s_4_%C3%97_100_metres_relay,Athletics,Men's 4 × 100 metres relay,2004,Summer,Athens Olympic Stadium,2004-08-27,65,16
Q3628710,Athletics at the 1988 Summer Olympics – Men's javelin throw,https://en.wikipedia.org/wiki/Athletics_at_the_1988_Summer_Olympics_%E2%80%93_Men%27s_javelin_throw,Athletics,Men's javelin throw,1992,Summer,,1992-09-24,38,22
Q1005155,Speed skating at the 1988 Winter Olympics – Men's 5000 metres,https://en.wikipedia.org/wiki/Speed_skating_at_the_1988_Winter_Olympics_%E2%80%93_Men%27s_5000_metres,Speed skating,Men's 5000 metres,1988,Winter,Olympic Oval,1988-02-17,38,18
Q3899247,Modern pentathlon at the 2000 Summer Olympics – Men's,https://en.wikipedia.org/wiki/Modern_pentathlon_at_the_2000_Summer_Olympics_%E2%80%93_Men%27s,Modern pentathlon,Men's modern pentathlon,2000,Summer,The Dome and Exhibition Complex (fencing and shooting)Sydney International Aquatic Centre (swimming)Sydney Baseball Stadium (riding and running),2000-09-30,24,19
Q3837508,Wrestling at the 2004 Summer Olympics – Men's freestyle 55 kg,https://en.wikipedia.org/wiki/Wrestling_at_the_2004_Summer_Olympics_%E2%80%93_Men%27s_freestyle_55_kg,Wrestling,Men's freestyle 55 kg,2004,Summer,Ano Liosia Olympic Hall,2004-08-27,22,22
Q3628777,Athletics at the 2000 Summer Olympics – Men's discus throw,https://en.wikipedia.org/wiki/Athletics_at_the_2000_Summer_Olympics_%E2%80%93_Men%27s_discus_throw,Athletics,Men's discus throw,2000,Summer,ANZ Stadium,2000-09-24,45,28
Q3628685,Athletics at the 1988 Summer Olympics – Women's 3000 metres,https://en.wikipedia.org/wiki/Athletics_at_the_1988_Summer_Olympics_%E2%80%93_Women%27s_3000_metres,Athletics,Women's 3000 metres,1988,Summer,Olympic Stadium,1988-09-23,35,25
Q8037969,Wrestling at the 2000 Summer Olympics – Men's freestyle 76 kg,https://en.wikipedia.org/wiki/Wrestling_at_the_2000_Summer_Olympics_%E2%80%93_Men%27s_freestyle_76_kg,Wrestling,Men's freestyle 76 kg,2000,Summer,Sydney Convention and Exhibition Centre,2000-09-28,20,20
Q1005189,Short-track speed skating at the 2002 Winter Olympics – Men's 500 metres,https://en.wikipedia.org/wiki/Short-track_speed_skating_at_the_2002_Winter_Olympics_%E2%80%93_Men%27s_500_metres,Short-track speed skating,Men's 500 metres,2002,Winter,Salt Lake Ice Center,2002-02-23,32,20
Q4160922,Judo at the 2000 Summer Olympics – Women's 48 kg,https://en.wikipedia.org/wiki/Judo_at_the_2000_Summer_Olympics_%E2%80%93_Women%27s_48_kg,Judo,Women's 48 kg,2000,Summer,Sydney Convention and Exhibition Centre,2000-09-16,23,23
Q1004936,Cross-country skiing at the 1994 Winter Olympics – Men's 10 kilometre classical,https://en.wikipedia.org/wiki/Cross-country_skiing_at_the_1994_Winter_Olympics_%E2%80%93_Men%27s_10_kilometre_classical,Cross-country skiing,Men's 10 kilometre classical,1994,Winter,Birkebeineren Ski Stadium,1994-02-17,88,33
Q255955,Speed skating at the 1994 Winter Olympics – Men's 1000 metres,https://en.wikipedia.org/wiki/Speed_skating_at_the_1994_Winter_Olympics_%E2%80%93_Men%27s_1000_metres,Speed skating,Men's 1000 metres,1994,Winter,Hamar Olympic Hall,1994-02-18,43,17
Q8037967,Wrestling at the 2000 Summer Olympics – Men's freestyle 69 kg,https://en.wikipedia.org/wiki/Wrestling_at_the_2000_Summer_Olympics_%E2%80%93_Men%27s_freestyle_69_kg,Wrestling,Men's freestyle 69 kg,2000,Summer,Sydney Convention and Exhibition Centre,2000-09-29,20,20
Q1004968,Short-track speed skating at the 2002 Winter Olympics – Men's 1500 metres,https://en.wikipedia.org/wiki/Short-track_speed_skating_at_the_2002_Winter_Olympics_%E2%80%93_Men%27s_1500_metres,Short-track speed skating,Men's 1500 metres,2002,Winter,Salt Lake Ice Center,2002-02-20,31,19
Q2313564,Athletics at the 2004 Summer Olympics – Men's 200 metres,https://en.wikipedia.org/wiki/Athletics_at_the_2004_Summer_Olympics_%E2%80%93_Men%27s_200_metres,Athletics,Men's 200 metres,2004,Summer,Athens Olympic Stadium,2004-08-24,54,41
Q3879588,Swimming at the 2000 Summer Olympics – Women's 200 metre butterfly,https://en.wikipedia.org/wiki/Swimming_at_the_2000_Summer_Olympics_%E2%80%93_Women%27s_200_metre_butterfly,Swimming,Women's 200 metre butterfly,2000,Summer,Sydney International Aquatic Centre,2000-09-19,36,27
Q3561235,Cycling at the 1992 Summer Olympics – Men's sprint,https://en.wikipedia.org/wiki/Cycling_at_the_1992_Summer_Olympics_%E2%80%93_Men%27s_sprint,Cycling,Men's sprint,1992,Summer,Velòdrom d'Horta,1992-07-28,23,23
Q823663,Freestyle skiing at the 2006 Winter Olympics – Men's moguls,https://en.wikipedia.org/wiki/Freestyle_skiing_at_the_2006_Winter_Olympics_%E2%80%93_Men%27s_moguls,Freestyle skiing,Men's moguls,2006,Winter,Sauze d'Oulx,2006-02-15,35,11
Q3628763,Athletics at the 2000 Summer Olympics – Women's 200 metres,https://en.wikipedia.org/wiki/Athletics_at_the_2000_Summer_Olympics_%E2%80%93_Women%27s_200_metres,Athletics,Women's 200 metres,2000,Summer,Stadium Australia,2000-09-27,52,38
Q988367,Nordic combined at the 2002 Winter Olympics – Individual,https://en.wikipedia.org/wiki/Nordic_combined_at_the_2002_Winter_Olympics_%E2%80%93_Individual,Nordic combined,Men's individual,2002,Winter,Utah Olympic Park (ski jumping) & Soldier Hollow (cross-country),2002-02-09,45,14
Q1005804,Alpine skiing at the 1988 Winter Olympics – Men's giant slalom,https://en.wikipedia.org/wiki/Alpine_skiing_at_the_1988_Winter_Olympics_%E2%80%93_Men%27s_giant_slalom,Alpine skiing,Men's giant slalom,1988,Winter,Nakiska,1988-02-25,117,38
Q7980006,Weightlifting at the 2000 Summer Olympics – Women's 69 kg,https://en.wikipedia.org/wiki/Weightlifting_at_the_2000_Summer_Olympics_%E2%80%93_Women%27s_69_kg,Weightlifting,Women's 69 kg,2000,Summer,Sydney Convention and Exhibition Centre,2000-09-19,15,13
Q3879573,Swimming at the 2004 Summer Olympics – Women's 200 metre individual medley,https://en.wikipedia.org/wiki/Swimming_at_the_2004_Summer_Olympics_%E2%80%93_Women%27s_200_metre_individual_medley,Swimming,Women's 200 metre individual medley,2004,Summer,Athens Olympic Aquatic Centre,2004-08-16,30,27
Q577507,Speed skating at the 1988 Winter Olympics – Women's 5000 metres,https://en.wikipedia.org/wiki/Speed_skating_at_the_1988_Winter_Olympics_%E2%80%93_Women%27s_5000_metres,Speed skating,Women's 5000 metres,1988,Winter,Olympic Oval,1988-02-28,25,15
Q3899244,Modern pentathlon at the 1988 Summer Olympics – Men's individual,https://en.wikipedia.org/wiki/Modern_pentathlon_at_the_1988_Summer_Olympics_%E2%80%93_Men%27s_individual,Modern pentathlon,Men's individual modern pentathlon,1988,Summer,,1988-09-18,65,26
Q1421581,Cycling at the 2004 Summer Olympics – Women's sprint,https://en.wikipedia.org/wiki/Cycling_at_the_2004_Summer_Olympics_%E2%80%93_Women%27s_sprint,Cycling,Women's cycling sprint,2004,Summer,Athens Olympic Velodrome,2004-08-22,12,11
Q8037902,Wrestling at the 1992 Summer Olympics – Men's Greco-Roman 130 kg,https://en.wikipedia.org/wiki/Wrestling_at_the_1992_Summer_Olympics_%E2%80%93_Men%27s_Greco-Roman_130_kg,Wrestling,Men's Greco-Roman 130 kg,1992,Summer,Institut Nacional d'Educació Física de Catalunya,1992-07-27,16,16
Q1005572,Alpine skiing at the 1992 Winter Olympics – Men's downhill,https://en.wikipedia.org/wiki/Alpine_skiing_at_the_1992_Winter_Olympics_%E2%80%93_Men%27s_downhill,Alpine skiing,Men's downhill,1992,Winter,"La face de BellevardeVal-d'Isère, France",1992-02-09,55,24
Q5443140,Fencing at the 1988 Summer Olympics – Men's team épée,https://en.wikipedia.org/wiki/Fencing_at_the_1988_Summer_Olympics_%E2%80%93_Men%27s_team_%C3%A9p%C3%A9e,Fencing,Men's team épée,1988,Summer,Olympic Fencing Gymnasium,1988-09-29,85,18
Q1409055,Athletics at the 1992 Summer Olympics – Women's 400 metres hurdles,https://en.wikipedia.org/wiki/Athletics_at_the_1992_Summer_Olympics_%E2%80%93_Women%27s_400_metres_hurdles,Athletics,Women's 400 metres hurdles,1992,Summer,Estadi Olímpic de Montjuïc,1992-08-02,27,18
Q10466383,Judo at the 1992 Summer Olympics – Women's 72 kg,https://en.wikipedia.org/wiki/Judo_at_the_1992_Summer_Olympics_%E2%80%93_Women%27s_72_kg,Judo,Women's 72 kg,1992,Summer,Palau Blaugrana,1992-07-28,22,22
Q10572431,Boxing at the 1992 Summer Olympics – Light heavyweight,https://en.wikipedia.org/wiki/Boxing_at_the_1992_Summer_Olympics_%E2%80%93_Light_heavyweight,Boxing,Light heavyweight boxing,1992,Summer,Pavelló Club Joventut Badalona,1992-07-29,26,26
Q3879616,Swimming at the 1996 Summer Olympics – Men's 100 metre freestyle,https://en.wikipedia.org/wiki/Swimming_at_the_1996_Summer_Olympics_%E2%80%93_Men%27s_100_metre_freestyle,Swimming,Men's 100 metre freestyle,1996,Summer,Georgia Tech Aquatic Center,1996-07-22,61,45
Q3899249,Modern pentathlon at the 1992 Summer Olympics – Men's individual,https://en.wikipedia.org/wiki/Modern_pentathlon_at_the_1992_Summer_Olympics_%E2%80%93_Men%27s_individual,Modern pentathlon,Men's individual modern pentathlon,1992,Summer,,1992-07-26,66,30
Q1005328,Luge at the 1988 Winter Olympics – Men's singles,https://en.wikipedia.org/wiki/Luge_at_the_1988_Winter_Olympics_%E2%80%93_Men%27s_singles,Luge,Men's singles,1988,Winter,Canada Olympic Park,1988-02-14,38,18
Q3879602,Swimming at the 2000 Summer Olympics – Women's 50 metre freestyle,https://en.wikipedia.org/wiki/Swimming_at_the_2000_Summer_Olympics_%E2%80%93_Women%27s_50_metre_freestyle,Swimming,Women's 50 metre freestyle,2000,Summer,Sydney International Aquatic Centre,2000-09-22,74,66
Q3879604,Swimming at the 2000 Summer Olympics – Men's 50 metre freestyle,https://en.wikipedia.org/wiki/Swimming_at_the_2000_Summer_Olympics_%E2%80%93_Men%27s_50_metre_freestyle,Swimming,Men's 50 metre freestyle,2000,Summer,Sydney International Aquatic Centre,2000-09-21,80,73
Q3628690,Athletics at the 1988 Summer Olympics – Men's 5000 metres,https://en.wikipedia.org/wiki/Athletics_at_the_1988_Summer_Olympics_%E2%80%93_Men%27s_5000_metres,Athletics,Men's 5000 metres,1988,Summer,Olympic Stadium,1988-09-28,56,39
Q1005187,Speed skating at the 1998 Winter Olympics – Men's 500 metres,https://en.wikipedia.org/wiki/Speed_skating_at_the_1998_Winter_Olympics_%E2%80%93_Men%27s_500_metres,Speed skating,Men's 500 metres,1998,Winter,M-Wave,1998-02-09,42,16
Q825731,Cross-country skiing at the 2006 Winter Olympics – Men's sprint,https://en.wikipedia.org/wiki/Cross-country_skiing_at_the_2006_Winter_Olympics_%E2%80%93_Men%27s_sprint,Cross-country skiing,Men's sprint,2006,Winter,Pragelato,2006-02-22,80,34
Q2313552,Athletics at the 2004 Summer Olympics – Women's 1500 metres,https://en.wikipedia.org/wiki/Athletics_at_the_2004_Summer_Olympics_%E2%80%93_Women%27s_1500_metres,Athletics,Women's 1500 metres,2004,Summer,Athens Olympic Stadium,2004-08-24,48,25
Q3879595,Swimming at the 2000 Summer Olympics – Men's 200 metre individual medley,https://en.wikipedia.org/wiki/Swimming_at_the_2000_Summer_Olympics_%E2%80%93_Men%27s_200_metre_individual_medley,Swimming,Men's 200 metre individual medley,2000,Summer,Sydney International Aquatic Centre,2000-09-20,56,49
Q22964458,Rowing at the 1996 Summer Olympics – Men's quadruple sculls,https://en.wikipedia.org/wiki/Rowing_at_the_1996_Summer_Olympics_%E2%80%93_Men%27s_quadruple_sculls,Rowing,Men's quadruple sculls,1996,Summer,Lake Lanier Olympic Center,1996-07-21,56,14
Q4467905,Weightlifting at the 2000 Summer Olympics – Women's 53 kg,https://en.wikipedia.org/wiki/Weightlifting_at_the_2000_Summer_Olympics_%E2%80%93_Women%27s_53_kg,Weightlifting,Women's 53 kg,2000,Summer,Sydney Convention and Exhibition Centre,2000-09-18,10,10
Q10426128,Boxing at the 1988 Summer Olympics – Bantamweight,https://en.wikipedia.org/wiki/Boxing_at_the_1988_Summer_Olympics_%E2%80%93_Bantamweight,Boxing,Bantamweight boxing,1988,Summer,Jamsil Students' Gymnasium,1988-09-17,48,48
Q3628687,Athletics at the 1988 Summer Olympics – Men's 400 metres hurdles,https://en.wikipedia.org/wiki/Athletics_at_the_1988_Summer_Olympics_%E2%80%93_Men%27s_400_metres_hurdles,Athletics,Men's 400 metres hurdles,1988,Summer,Olympic Stadium,1988-09-23,38,28
Q8037974,Wrestling at the 2000 Summer Olympics – Men's freestyle 97 kg,https://en.wikipedia.org/wiki/Wrestling_at_the_2000_Summer_Olympics_%E2%80%93_Men%27s_freestyle_97_kg,Wrestling,Men's freestyle 97 kg,2000,Summer,Sydney Convention and Exhibition Centre,2000-09-28,19,19
Q2311975,Athletics at the 2004 Summer Olympics – Men's hammer throw,https://en.wikipedia.org/wiki/Athletics_at_the_2004_Summer_Olympics_%E2%80%93_Men%27s_hammer_throw,Athletics,Men's hammer throw,2004,Summer,Olympic Stadium,2004-08-20,35,24
Q1005331,Luge at the 1992 Winter Olympics – Men's singles,https://en.wikipedia.org/wiki/Luge_at_the_1992_Winter_Olympics_%E2%80%93_Men%27s_singles,Luge,Men's singles,1992,Winter,La Plagne,1992-02-09,34,18
Q3925463,Boxing at the 2004 Summer Olympics – Lightweight,https://en.wikipedia.org/wiki/Boxing_at_the_2004_Summer_Olympics_%E2%80%93_Lightweight,Boxing,Lightweight boxing,2004,Summer,Peristeri Olympic Boxing Hall,2004-08-16,28,28
Q825222,Speed skating at the 2002 Winter Olympics – Women's 500 metres,https://en.wikipedia.org/wiki/Speed_skating_at_the_2002_Winter_Olympics_%E2%80%93_Women%27s_500_metres,Speed skating,Women's 500 metres,2002,Winter,Utah Olympic Oval,2002-02-13,31,12
Q825088,Snowboarding at the 2006 Winter Olympics – Women's parallel giant slalom,https://en.wikipedia.org/wiki/Snowboarding_at_the_2006_Winter_Olympics_%E2%80%93_Women%27s_parallel_giant_slalom,Snowboarding,Women's parallel giant slalom,2006,Winter,Bardonecchia,2006-02-23,30,16
Q988361,Ski jumping at the 1992 Winter Olympics – Normal hill individual,https://en.wikipedia.org/wiki/Ski_jumping_at_the_1992_Winter_Olympics_%E2%80%93_Normal_hill_individual,Ski jumping,Men's normal hill individual,1992,Winter,Tremplin du Praz,1992-02-09,58,16
Q4467910,Weightlifting at the 2000 Summer Olympics – Women's 58 kg,https://en.wikipedia.org/wiki/Weightlifting_at_the_2000_Summer_Olympics_%E2%80%93_Women%27s_58_kg,Weightlifting,Women's 58 kg,2000,Summer,Sydney Convention and Exhibition Centre,2000-09-18,17,16
Q1156252,Cycling at the 1900 Summer Olympics – Men's sprint,https://en.wikipedia.org/wiki/Cycling_at_the_1900_Summer_Olympics_%E2%80%93_Men%27s_sprint,Cycling,Men's sprint,1900,Summer,Vélodrome de Vincennes,1900-09-11,69,6
Q1005158,Speed skating at the 1998 Winter Olympics – Men's 5000 metres,https://en.wikipedia.org/wiki/Speed_skating_at_the_1998_Winter_Olympics_%E2%80%93_Men%27s_5000_metres,Speed skating,Men's 5000 metres,1998,Winter,M-Wave,1998-02-08,32,19
Q3811001,Judo at the 2004 Summer Olympics – Women's +78 kg,https://en.wikipedia.org/wiki/Judo_at_the_2004_Summer_Olympics_%E2%80%93_Women%27s_%2B78_kg,Judo,Women's +78 kg,2004,Summer,Ano Liossia Olympic Hall,2004-08-20,22,22
Q3925469,Boxing at the 2004 Summer Olympics – Super heavyweight,https://en.wikipedia.org/wiki/Boxing_at_the_2004_Summer_Olympics_%E2%80%93_Super_heavyweight,Boxing,Super heavyweight boxing,2004,Summer,Peristeri Olympic Boxing Hall,2004-08-18,16,16
Q1005808,Alpine skiing at the 1994 Winter Olympics – Men's giant slalom,https://en.wikipedia.org/wiki/Alpine_skiing_at_the_1994_Winter_Olympics_%E2%80%93_Men%27s_giant_slalom,Alpine skiing,Men's giant slalom,1994,Winter,Hafjell,1994-02-23,61,29
Q10497009,Boxing at the 1996 Summer Olympics – Flyweight,https://en.wikipedia.org/wiki/Boxing_at_the_1996_Summer_Olympics_%E2%80%93_Flyweight,Boxing,Flyweight boxing,1996,Summer,Alexander Memorial Coliseum,1996-07-23,32,32
Q1005108,Biathlon at the 2002 Winter Olympics – Men's relay,https://en.wikipedia.org/wiki/Biathlon_at_the_2002_Winter_Olympics_%E2%80%93_Men%27s_relay,Biathlon,Men's biathlon relay,2002,Winter,Soldier Hollow,2002-02-20,76,19
Q3879562,Swimming at the 2004 Summer Olympics – Women's 100 metre butterfly,https://en.wikipedia.org/wiki/Swimming_at_the_2004_Summer_Olympics_%E2%80%93_Women%27s_100_metre_butterfly,Swimming,Women's 100 metre butterfly,2004,Summer,Athens Olympic Aquatic Centre,2004-08-14,38,30
Q8037956,Wrestling at the 2000 Summer Olympics – Men's Greco-Roman 58 kg,https://en.wikipedia.org/wiki/Wrestling_at_the_2000_Summer_Olympics_%E2%80%93_Men%27s_Greco-Roman_58_kg,Wrestling,Men's Greco-Roman 58 kg,2000,Summer,Sydney Convention and Exhibition Centre,2000-09-25,20,20
Q822588,Wrestling at the 2004 Summer Olympics – Men's Greco-Roman 55 kg,https://en.wikipedia.org/wiki/Wrestling_at_the_2004_Summer_Olympics_%E2%80%93_Men%27s_Greco-Roman_55_kg,Wrestling,Men's Greco-Roman 55 kg,2004,Summer,Ano Liosia Olympic Hall,2004-08-24,22,22
Q2312004,Athletics at the 2004 Summer Olympics – Women's high jump,https://en.wikipedia.org/wiki/Athletics_at_the_2004_Summer_Olympics_%E2%80%93_Women%27s_high_jump,Athletics,Women's high jump,2004,Summer,Olympic Stadium,2004-08-26,35,28
Q3879630,Swimming at the 1996 Summer Olympics – Women's 400 metre freestyle,https://en.wikipedia.org/wiki/Swimming_at_the_1996_Summer_Olympics_%E2%80%93_Women%27s_400_metre_freestyle,Swimming,Women's 400 metre freestyle,1996,Summer,Georgia Tech Aquatic Center,1996-07-22,40,35
Q10684072,Boxing at the 1988 Summer Olympics – Super heavyweight,https://en.wikipedia.org/wiki/Boxing_at_the_1988_Summer_Olympics_%E2%80%93_Super_heavyweight,Boxing,Super heavyweight boxing,1988,Summer,Chamshil Students' Gymnasium,1988-09-22,17,17
Q10522572,Judo at the 1996 Summer Olympics – Men's 71 kg,https://en.wikipedia.org/wiki/Judo_at_the_1996_Summer_Olympics_%E2%80%93_Men%27s_71_kg,Judo,Men's 71 kg,1996,Summer,Georgia World Congress Center,1996-07-24,35,35
Q1005351,Cross-country skiing at the 2002 Winter Olympics – Men's sprint,https://en.wikipedia.org/wiki/Cross-country_skiing_at_the_2002_Winter_Olympics_%E2%80%93_Men%27s_sprint,Cross-country skiing,Men's sprint,2002,Winter,Soldier Hollow,2002-02-19,72,36
Q5443142,Fencing at the 1988 Summer Olympics – Men's épée,https://en.wikipedia.org/wiki/Fencing_at_the_1988_Summer_Olympics_%E2%80%93_Men%27s_%C3%A9p%C3%A9e,Fencing,Men's épée,1988,Summer,"SK Olympic Handball Gymnasium (then ""Olympic Fencing Gymnasium"")",1988-09-23,79,33
Q3879668,Swimming at the 1992 Summer Olympics – Men's 50 metre freestyle,https://en.wikipedia.org/wiki/Swimming_at_the_1992_Summer_Olympics_%E2%80%93_Men%27s_50_metre_freestyle,Swimming,Men's 50 metre freestyle,1992,Summer,Piscines Bernat Picornell,1992-07-30,76,41
Q10466392,Judo at the 1992 Summer Olympics – Women's 66 kg,https://en.wikipedia.org/wiki/Judo_at_the_1992_Summer_Olympics_%E2%80%93_Women%27s_66_kg,Judo,Women's 66 kg,1992,Summer,Palau Blaugrana,1992-07-29,21,21
Q3837518,Wrestling at the 2004 Summer Olympics – Men's freestyle 96 kg,https://en.wikipedia.org/wiki/Wrestling_at_the_2004_Summer_Olympics_%E2%80%93_Men%27s_freestyle_96_kg,Wrestling,Men's freestyle 96 kg,2004,Summer,Ano Liosia Olympic Hall,2004-08-28,21,21
Q3879594,Swimming at the 2000 Summer Olympics – Women's 200 metre individual medley,https://en.wikipedia.org/wiki/Swimming_at_the_2000_Summer_Olympics_%E2%80%93_Women%27s_200_metre_individual_medley,Swimming,Women's 200 metre individual medley,2000,Summer,Sydney International Aquatic Centre,2000-09-18,36,28
Q3628708,Athletics at the 1988 Summer Olympics – Men's 4 × 400 metres relay,https://en.wikipedia.org/wiki/Athletics_at_the_1988_Summer_Olympics_%E2%80%93_Men%27s_4_%C3%97_400_metres_relay,Athletics,Men's 4 × 400 metres relay,1988,Summer,Seoul Olympic Stadium,1988-09-30,99,22
Q1076347,Swimming at the 2000 Summer Olympics – Women's 100 metre butterfly,https://en.wikipedia.org/wiki/Swimming_at_the_2000_Summer_Olympics_%E2%80%93_Women%27s_100_metre_butterfly,Swimming,Women's 100 metre butterfly,2000,Summer,Sydney International Aquatic Centre,2000-09-16,50,40
Q8037915,Wrestling at the 1996 Summer Olympics – Men's Greco-Roman 52 kg,https://en.wikipedia.org/wiki/Wrestling_at_the_1996_Summer_Olympics_%E2%80%93_Men%27s_Greco-Roman_52_kg,Wrestling,Men's Greco-Roman 52 kg,1996,Summer,Georgia World Congress Center,1996-07-22,20,20
Q10466400,Cycling at the 1988 Summer Olympics – Women's sprint,https://en.wikipedia.org/wiki/Cycling_at_the_1988_Summer_Olympics_%E2%80%93_Women%27s_sprint,Cycling,Women's cycling sprint,1988,Summer,Seoul Olympic Velodrome,1988-09-21,12,12
Q3628683,Athletics at the 1988 Summer Olympics – Men's 1500 metres,https://en.wikipedia.org/wiki/Athletics_at_the_1988_Summer_Olympics_%E2%80%93_Men%27s_1500_metres,Athletics,Men's 1500 metres,1988,Summer,Seoul Olympic Stadium,1988-09-29,59,46
Q1004965,Speed skating at the 1998 Winter Olympics – Men's 1500 metres,https://en.wikipedia.org/wiki/Speed_skating_at_the_1998_Winter_Olympics_%E2%80%93_Men%27s_1500_metres,Speed skating,Men's 1500 metres,1998,Winter,M-Wave,1998-02-12,45,18
Q1005617,Freestyle skiing at the 1994 Winter Olympics – Men's moguls,https://en.wikipedia.org/wiki/Freestyle_skiing_at_the_1994_Winter_Olympics_%E2%80%93_Men%27s_moguls,Freestyle skiing,Men's moguls,1994,Winter,Kanthaugen Freestyle Arena,1994-02-15,29,16
Q2558525,Athletics at the 2004 Summer Olympics – Women's heptathlon,https://en.wikipedia.org/wiki/Athletics_at_the_2004_Summer_Olympics_%E2%80%93_Women%27s_heptathlon,Athletics,Women's heptathlon,2004,Summer,Olympic Stadium,2004-08-20,34,24
Q38410,Fencing at the 1992 Summer Olympics – Women's foil,https://en.wikipedia.org/wiki/Fencing_at_the_1992_Summer_Olympics_%E2%80%93_Women%27s_foil,Fencing,Women's foil,1992,Summer,Palace of Metallurgy,1992-07-30,46,19
Q3811009,Judo at the 2004 Summer Olympics – Women's 70 kg,https://en.wikipedia.org/wiki/Judo_at_the_2004_Summer_Olympics_%E2%80%93_Women%27s_70_kg,Judo,Women's 70 kg,2004,Summer,Ano Liossia Olympic Hall,2004-08-18,23,23
Q1069209,Speed skating at the 2006 Winter Olympics – Women's 3000 metres,https://en.wikipedia.org/wiki/Speed_skating_at_the_2006_Winter_Olympics_%E2%80%93_Women%27s_3000_metres,Speed skating,Women's 3000 metres,2006,Winter,Oval Lingotto,2006-02-12,28,15
Q1408901,Athletics at the 1992 Summer Olympics – Men's 800 metres,https://en.wikipedia.org/wiki/Athletics_at_the_1992_Summer_Olympics_%E2%80%93_Men%27s_800_metres,Athletics,Men's 800 metres,1992,Summer,Estadi Olimpíc de Montjuïc,1992-08-01,59,49
Q22964457,Rowing at the 1996 Summer Olympics – Men's lightweight coxless four,https://en.wikipedia.org/wiki/Rowing_at_the_1996_Summer_Olympics_%E2%80%93_Men%27s_lightweight_coxless_four,Rowing,Men's lightweight coxless four,1996,Summer,,1996-07-22,68,17
Q8037906,Wrestling at the 1992 Summer Olympics – Men's Greco-Roman 82 kg,https://en.wikipedia.org/wiki/Wrestling_at_the_1992_Summer_Olympics_%E2%80%93_Men%27s_Greco-Roman_82_kg,Wrestling,Men's Greco-Roman 82 kg,1992,Summer,Institut Nacional d'Educació Física de Catalunya,1992-07-28,20,20
Q988372,Nordic combined at the 1994 Winter Olympics – Individual,https://en.wikipedia.org/wiki/Nordic_combined_at_the_1994_Winter_Olympics_%E2%80%93_Individual,Nordic combined,Individual,1994,Winter,Lysgårdsbakken (ski jumping)Birkebeineren Ski Stadium (cross-country skiing),1994-02-18,53,16
Q3628709,Athletics at the 1988 Summer Olympics – Women's javelin throw,https://en.wikipedia.org/wiki/Athletics_at_the_1988_Summer_Olympics_%E2%80%93_Women%27s_javelin_throw,Athletics,Women's javelin throw,1988,Summer,,1988-09-25,29,18
Q3811005,Judo at the 2004 Summer Olympics – Women's 57 kg,https://en.wikipedia.org/wiki/Judo_at_the_2004_Summer_Olympics_%E2%80%93_Women%27s_57_kg,Judo,Women's 57 kg,2004,Summer,Ano Liossia Olympic Hall,2004-08-16,23,23
Q2328217,Archery at the 2000 Summer Olympics – Women's individual,https://en.wikipedia.org/wiki/Archery_at_the_2000_Summer_Olympics_%E2%80%93_Women%27s_individual,Archery,Women's individual,2000,Summer,Sydney International Archery Park,2000-09-16,64,31
Q4088890,Bobsleigh at the 1994 Winter Olympics – Four-man,https://en.wikipedia.org/wiki/Bobsleigh_at_the_1994_Winter_Olympics_%E2%80%93_Four-man,Bobsleigh,Four-man,1994,Winter,Lillehammer Olympic Bobsleigh and Luge Track,1994-02-26,88,12
Q3628766,Athletics at the 2000 Summer Olympics – Women's 400 metres hurdles,https://en.wikipedia.org/wiki/Athletics_at_the_2000_Summer_Olympics_%E2%80%93_Women%27s_400_metres_hurdles,Athletics,Women's 400 metres hurdles,2000,Summer,Stadium Australia,2000-09-24,33,21
Q8037901,Wrestling at the 1992 Summer Olympics – Men's Greco-Roman 100 kg,https://en.wikipedia.org/wiki/Wrestling_at_the_1992_Summer_Olympics_%E2%80%93_Men%27s_Greco-Roman_100_kg,Wrestling,Men's Greco-Roman 100 kg,1992,Summer,Institut Nacional d'Educació Física de Catalunya,1992-07-26,16,16
Q3879633,Swimming at the 1996 Summer Olympics – Women's 50 metre freestyle,https://en.wikipedia.org/wiki/Swimming_at_the_1996_Summer_Olympics_%E2%80%93_Women%27s_50_metre_freestyle,Swimming,Women's 50 metre freestyle,1996,Summer,Georgia Tech Aquatic Center,1996-07-26,56,48
Q10684073,Boxing at the 1992 Summer Olympics – Super heavyweight,https://en.wikipedia.org/wiki/Boxing_at_the_1992_Summer_Olympics_%E2%80%93_Super_heavyweight,Boxing,Super heavyweight boxing,1992,Summer,Pavelló Club Joventut Badalona,1992-07-27,17,17
Q3879596,Swimming at the 2000 Summer Olympics – Women's 200 metre breaststroke,https://en.wikipedia.org/wiki/Swimming_at_the_2000_Summer_Olympics_%E2%80%93_Women%27s_200_metre_breaststroke,Swimming,Women's 200 metre breaststroke,2000,Summer,Sydney International Aquatic Centre,2000-09-20,36,30
Q2311908,Athletics at the 2000 Summer Olympics – Women's 20 kilometres walk,https://en.wikipedia.org/wiki/Athletics_at_the_2000_Summer_Olympics_%E2%80%93_Women%27s_20_kilometres_walk,Athletics,Women's 20 kilometres walk,2000,Summer,Stadium Australia,2000-09-28,57,30
Q3500417,Wrestling at the 1988 Summer Olympics – Men's Greco-Roman 52 kg,https://en.wikipedia.org/wiki/Wrestling_at_the_1988_Summer_Olympics_%E2%80%93_Men%27s_Greco-Roman_52_kg,Wrestling,Men's Greco-Roman 52 kg,1988,Summer,Sangmu Gymnasium,1988-09-19,21,21
Q1004913,"Speed skating at the 1992 Winter Olympics – Men's 10,000 metres",https://en.wikipedia.org/wiki/Speed_skating_at_the_1992_Winter_Olympics_%E2%80%93_Men%27s_10%2C000_metres,Speed skating,"Men's 10,000 metres",1992,Winter,L'anneau de vitesse,1992-02-20,30,14
Q22964456,Rowing at the 1996 Summer Olympics – Men's coxless four,https://en.wikipedia.org/wiki/Rowing_at_the_1996_Summer_Olympics_%E2%80%93_Men%27s_coxless_four,Rowing,Men's coxless four,1996,Summer,,1996-07-21,56,14
Q4088891,Bobsleigh at the 1994 Winter Olympics – Two-man,https://en.wikipedia.org/wiki/Bobsleigh_at_the_1994_Winter_Olympics_%E2%80%93_Two-man,Bobsleigh,Two-man,1994,Winter,Lillehammer Olympic Bobsleigh and Luge Track,1994-02-19,84,29
Q1004989,Cross-country skiing at the 1992 Winter Olympics – Men's 15 kilometre freestyle pursuit,https://en.wikipedia.org/wiki/Cross-country_skiing_at_the_1992_Winter_Olympics_%E2%80%93_Men%27s_15_kilometre_freestyle_pursuit,Cross-country skiing,Men's 15 kilometre freestyle pursuit,1992,Winter,Les Saisies,1992-02-15,102,25
Q10572423,Boxing at the 1996 Summer Olympics – Light middleweight,https://en.wikipedia.org/wiki/Boxing_at_the_1996_Summer_Olympics_%E2%80%93_Light_middleweight,Boxing,Light middleweight boxing,1996,Summer,Alexander Memorial Coliseum,1996-07-23,31,31
Q1076244,Swimming at the 2000 Summer Olympics – Women's 100 metre breaststroke,https://en.wikipedia.org/wiki/Swimming_at_the_2000_Summer_Olympics_%E2%80%93_Women%27s_100_metre_breaststroke,Swimming,Women's 100 metre breaststroke,2000,Summer,Sydney International Aquatic Centre,2000-09-17,44,37
Q10581228,Boxing at the 1992 Summer Olympics – Middleweight,https://en.wikipedia.org/wiki/Boxing_at_the_1992_Summer_Olympics_%E2%80%93_Middleweight,Boxing,Middleweight boxing,1992,Summer,Pavelló Club Joventut Badalona,1992-07-28,28,28
Q3899246,Modern pentathlon at the 2000 Summer Olympics – Women's,https://en.wikipedia.org/wiki/Modern_pentathlon_at_the_2000_Summer_Olympics_%E2%80%93_Women%27s,Modern pentathlon,Women's modern pentathlon,2000,Summer,The Dome and Exhibition Complex (fencing and shooting)Sydney International Aquatic Centre (swimming)Sydney Baseball Stadium (riding and running),2000-10-01,24,18
Q1005621,Alpine skiing at the 2002 Winter Olympics – Men's slalom,https://en.wikipedia.org/wiki/Alpine_skiing_at_the_2002_Winter_Olympics_%E2%80%93_Men%27s_slalom,Alpine skiing,Men's slalom,2002,Winter,Deer Valley,2002-02-23,78,43
Q988359,Ski jumping at the 1988 Winter Olympics – Normal hill individual,https://en.wikipedia.org/wiki/Ski_jumping_at_the_1988_Winter_Olympics_%E2%80%93_Normal_hill_individual,Ski jumping,Men's normal hill individual,1988,Winter,Canada Olympic Park,1988-02-14,58,19
Q3500407,Wrestling at the 1988 Summer Olympics – Men's Greco-Roman 100 kg,https://en.wikipedia.org/wiki/Wrestling_at_the_1988_Summer_Olympics_%E2%80%93_Men%27s_Greco-Roman_100_kg,Wrestling,Men's Greco-Roman 100 kg,1988,Summer,Sangmu Gymnasium,1988-09-19,18,18
Q3879581,Swimming at the 2004 Summer Olympics – Men's 4 × 100 metre freestyle relay,https://en.wikipedia.org/wiki/Swimming_at_the_2004_Summer_Olympics_%E2%80%93_Men%27s_4_%C3%97_100_metre_freestyle_relay,Swimming,Men's 4 × 100 metre freestyle relay,2004,Summer,Olympic Aquatic Centre,2004-08-15,75,16
Q3879564,Swimming at the 2004 Summer Olympics – Women's 100 metre breaststroke,https://en.wikipedia.org/wiki/Swimming_at_the_2004_Summer_Olympics_%E2%80%93_Women%27s_100_metre_breaststroke,Swimming,Women's 100 metre breaststroke,2004,Summer,Athens Olympic Aquatic Centre,2004-08-15,48,43
Q1408869,Athletics at the 1992 Summer Olympics – Women's 100 metres,https://en.wikipedia.org/wiki/Athletics_at_the_1992_Summer_Olympics_%E2%80%93_Women%27s_100_metres,Athletics,Women's 100 metres,1992,Summer,Olympic Stadium,1992-07-31,55,41
Q1408852,Athletics at the 1992 Summer Olympics – Men's 400 metres,https://en.wikipedia.org/wiki/Athletics_at_the_1992_Summer_Olympics_%E2%80%93_Men%27s_400_metres,Athletics,Men's 400 metres,1992,Summer,Estadi Olímpic de Montjuïc,1992-08-01,69,52
Q3628679,"Athletics at the 1988 Summer Olympics – Women's 10,000 metres",https://en.wikipedia.org/wiki/Athletics_at_the_1988_Summer_Olympics_%E2%80%93_Women%27s_10%2C000_metres,Athletics,"Women's 10,000 metres",1988,Summer,Olympic Stadium,1988-09-26,42,31
Q10706346,Boxing at the 1988 Summer Olympics – Heavyweight,https://en.wikipedia.org/wiki/Boxing_at_the_1988_Summer_Olympics_%E2%80%93_Heavyweight,Boxing,Heavyweight boxing,1988,Summer,Jamsil Students' Gymnasium,1988-09-22,18,18
Q8037929,Wrestling at the 1996 Summer Olympics – Men's freestyle 57 kg,https://en.wikipedia.org/wiki/Wrestling_at_the_1996_Summer_Olympics_%E2%80%93_Men%27s_freestyle_57_kg,Wrestling,Men's freestyle 57 kg,1996,Summer,Georgia World Congress Center,1996-07-30,21,21
Q1141105,Swimming at the 2004 Summer Olympics – Men's 400 metre individual medley,https://en.wikipedia.org/wiki/Swimming_at_the_2004_Summer_Olympics_%E2%80%93_Men%27s_400_metre_individual_medley,Swimming,Men's 400 metre individual medley,2004,Summer,Olympic Aquatic Centre,2004-08-14,36,26
Q1005157,Speed skating at the 1992 Winter Olympics – Men's 5000 metres,https://en.wikipedia.org/wiki/Speed_skating_at_the_1992_Winter_Olympics_%E2%80%93_Men%27s_5000_metres,Speed skating,Men's 5000 metres,1992,Winter,Stade de Patinage Olympique,1992-02-13,36,20
Q1408920,Athletics at the 1992 Summer Olympics – Women's 100 metres hurdles,https://en.wikipedia.org/wiki/Athletics_at_the_1992_Summer_Olympics_%E2%80%93_Women%27s_100_metres_hurdles,Athletics,Women's 100 metres hurdles,1992,Summer,Estadi Olímpic de Montjuïc,1992-08-05,37,22
Q1004870,Short-track speed skating at the 1994 Winter Olympics – Men's 1000 metres,https://en.wikipedia.org/wiki/Short-track_speed_skating_at_the_1994_Winter_Olympics_%E2%80%93_Men%27s_1000_metres,Short-track speed skating,Men's 1000 metres,1994,Winter,Hamar Olympic Amphitheatre,1994-02-22,31,16
Q3837497,Wrestling at the 2004 Summer Olympics – Men's Greco-Roman 60 kg,https://en.wikipedia.org/wiki/Wrestling_at_the_2004_Summer_Olympics_%E2%80%93_Men%27s_Greco-Roman_60_kg,Wrestling,Men's Greco-Roman 60 kg,2004,Summer,Ano Liosia Olympic Hall,2004-08-25,22,22
Q3837499,Wrestling at the 2004 Summer Olympics – Men's Greco-Roman 66 kg,https://en.wikipedia.org/wiki/Wrestling_at_the_2004_Summer_Olympics_%E2%80%93_Men%27s_Greco-Roman_66_kg,Wrestling,Men's Greco-Roman 66 kg,2004,Summer,Ano Liosia Olympic Hall,2004-08-24,20,20
Q3837505,Wrestling at the 2004 Summer Olympics – Men's freestyle 120 kg,https://en.wikipedia.org/wiki/Wrestling_at_the_2004_Summer_Olympics_%E2%80%93_Men%27s_freestyle_120_kg,Wrestling,Men's freestyle 120 kg,2004,Summer,Ano Liosia Olympic Hall,2004-08-27,20,20
Q3879627,Swimming at the 1996 Summer Olympics – Men's 400 metre individual medley,https://en.wikipedia.org/wiki/Swimming_at_the_1996_Summer_Olympics_%E2%80%93_Men%27s_400_metre_individual_medley,Swimming,Men's 400 metre individual medley,1996,Summer,Georgia Tech Aquatic Center,1996-07-21,27,23
Q824919,Cross-country skiing at the 2006 Winter Olympics – Women's 10 kilometre classical,https://en.wikipedia.org/wiki/Cross-country_skiing_at_the_2006_Winter_Olympics_%E2%80%93_Women%27s_10_kilometre_classical,Cross-country skiing,Women's 10 kilometre classical,2006,Winter,Pragelato,2006-02-16,72,29
Q8037932,Wrestling at the 1996 Summer Olympics – Men's freestyle 68 kg,https://en.wikipedia.org/wiki/Wrestling_at_the_1996_Summer_Olympics_%E2%80%93_Men%27s_freestyle_68_kg,Wrestling,Men's freestyle 68 kg,1996,Summer,Georgia World Congress Center,1996-07-29,19,19
Q8037918,Wrestling at the 1996 Summer Olympics – Men's Greco-Roman 62 kg,https://en.wikipedia.org/wiki/Wrestling_at_the_1996_Summer_Olympics_%E2%80%93_Men%27s_Greco-Roman_62_kg,Wrestling,Men's Greco-Roman 62 kg,1996,Summer,Georgia World Congress Center,1996-07-22,19,19
Q541316,Speed skating at the 1988 Winter Olympics – Men's 1000 metres,https://en.wikipedia.org/wiki/Speed_skating_at_the_1988_Winter_Olympics_%E2%80%93_Men%27s_1000_metres,Speed skating,Men's 1000 metres,1988,Winter,Olympic Oval,1988-02-18,40,16
Q2311887,Athletics at the 2000 Summer Olympics – Women's hammer throw,https://en.wikipedia.org/wiki/Athletics_at_the_2000_Summer_Olympics_%E2%80%93_Women%27s_hammer_throw,Athletics,Women's hammer throw,2000,Summer,Stadium Australia,2000-09-27,28,20
Q4160927,Judo at the 2000 Summer Olympics – Men's 73 kg,https://en.wikipedia.org/wiki/Judo_at_the_2000_Summer_Olympics_%E2%80%93_Men%27s_73_kg,Judo,Men's 73 kg,2000,Summer,Sydney Convention and Exhibition Centre,2000-09-18,34,34
Q1005292,Alpine skiing at the 1994 Winter Olympics – Men's combined,https://en.wikipedia.org/wiki/Alpine_skiing_at_the_1994_Winter_Olympics_%E2%80%93_Men%27s_combined,Alpine skiing,Men's combined,1994,Winter,Kvitfjell and Hafjell,1994-02-14,56,27
Q3879580,Swimming at the 2004 Summer Olympics – Men's 4 × 100 metre medley relay,https://en.wikipedia.org/wiki/Swimming_at_the_2004_Summer_Olympics_%E2%80%93_Men%27s_4_%C3%97_100_metre_medley_relay,Swimming,Men's 4 × 100 metre medley relay,2004,Summer,Olympic Aquatic Centre,2004-08-20,73,16
Q3879561,Swimming at the 2004 Summer Olympics – Women's 100 metre backstroke,https://en.wikipedia.org/wiki/Swimming_at_the_2004_Summer_Olympics_%E2%80%93_Women%27s_100_metre_backstroke,Swimming,Women's 100 metre backstroke,2004,Summer,Athens Olympic Aquatic Centre,2004-08-15,41,34
Q7500758,Shooting at the 1992 Summer Olympics – Men's 10 metre air rifle,https://en.wikipedia.org/wiki/Shooting_at_the_1992_Summer_Olympics_%E2%80%93_Men%27s_10_metre_air_rifle,Shooting,Men's 10 metre air rifle,1992,Summer,Mollet del Vallès,,44,28
Q824803,Cross-country skiing at the 2006 Winter Olympics – Men's 30 kilometre pursuit,https://en.wikipedia.org/wiki/Cross-country_skiing_at_the_2006_Winter_Olympics_%E2%80%93_Men%27s_30_kilometre_pursuit,Cross-country skiing,Men's 30 kilometre pursuit,2006,Winter,Pragelato,2006-02-12,76,27
Q1005214,Cross-country skiing at the 1998 Winter Olympics – Men's 50 kilometre freestyle,https://en.wikipedia.org/wiki/Cross-country_skiing_at_the_1998_Winter_Olympics_%E2%80%93_Men%27s_50_kilometre_freestyle,Cross-country skiing,Men's 50 kilometre freestyle,1998,Winter,Snow Harp,1998-02-22,79,28
Q10522594,Judo at the 1996 Summer Olympics – Men's +95 kg,https://en.wikipedia.org/wiki/Judo_at_the_1996_Summer_Olympics_%E2%80%93_Men%27s_%2B95_kg,Judo,Men's 95kg,1996,Summer,Georgia World Congress Center,1996-07-20,32,32
Q4354615,Shooting at the 2004 Summer Olympics – Men's 10 metre air pistol,https://en.wikipedia.org/wiki/Shooting_at_the_2004_Summer_Olympics_%E2%80%93_Men%27s_10_metre_air_pistol,Shooting,Men's 10 metre air pistol,2004,Summer,Markópoulo Olympic ShootingCentre,2004-08-14,47,35
Q7979985,Weightlifting at the 1996 Summer Olympics – Men's 64 kg,https://en.wikipedia.org/wiki/Weightlifting_at_the_1996_Summer_Olympics_%E2%80%93_Men%27s_64_kg,Weightlifting,Men's 64 kg,1996,Summer,Georgia World Congress Center,1996-07-22,36,26
Q1423968,Athletics at the 1996 Summer Olympics – Men's long jump,https://en.wikipedia.org/wiki/Athletics_at_the_1996_Summer_Olympics_%E2%80%93_Men%27s_long_jump,Athletics,Men's long jump,1996,Summer,Centennial Olympic Stadium,1996-07-28,52,40
Q2426715,Cycling at the 2000 Summer Olympics – Women's cross-country,https://en.wikipedia.org/wiki/Cycling_at_the_2000_Summer_Olympics_%E2%80%93_Women%27s_cross-country,Cycling,Women's cross country,2000,Summer,,2000-09-23,30,15
Q7979988,Weightlifting at the 1996 Summer Olympics – Men's 76 kg,https://en.wikipedia.org/wiki/Weightlifting_at_the_1996_Summer_Olympics_%E2%80%93_Men%27s_76_kg,Weightlifting,Men's 76 kg,1996,Summer,Georgia World Congress Center,1996-07-24,24,21
Q3811004,Judo at the 2004 Summer Olympics – Women's 52 kg,https://en.wikipedia.org/wiki/Judo_at_the_2004_Summer_Olympics_%E2%80%93_Women%27s_52_kg,Judo,Women's 52 kg,2004,Summer,Ano Liossia Olympic Hall,2004-08-15,24,24
Q1004928,Biathlon at the 1994 Winter Olympics – Men's sprint,https://en.wikipedia.org/wiki/Biathlon_at_the_1994_Winter_Olympics_%E2%80%93_Men%27s_sprint,Biathlon,Men's biathlon sprint,1994,Winter,Birkebeineren Ski Stadium,1994-02-23,68,28
Q988351,Ski jumping at the 2002 Winter Olympics – Normal hill individual,https://en.wikipedia.org/wiki/Ski_jumping_at_the_2002_Winter_Olympics_%E2%80%93_Normal_hill_individual,Ski jumping,Men's normal hill individual,2002,Winter,Park City,2002-02-10,60,21
Q3879629,Swimming at the 1996 Summer Olympics – Men's 200 metre freestyle,https://en.wikipedia.org/wiki/Swimming_at_the_1996_Summer_Olympics_%E2%80%93_Men%27s_200_metre_freestyle,Swimming,Men's 200 metre freestyle,1996,Summer,Georgia Tech Aquatic Center,1996-07-20,43,36
Q2312939,Athletics at the 2004 Summer Olympics – Men's 800 metres,https://en.wikipedia.org/wiki/Athletics_at_the_2004_Summer_Olympics_%E2%80%93_Men%27s_800_metres,Athletics,Men's 800 metres,2004,Summer,Athens Olympic Stadium,2004-08-25,72,58
Q3811006,Judo at the 2004 Summer Olympics – Men's 60 kg,https://en.wikipedia.org/wiki/Judo_at_the_2004_Summer_Olympics_%E2%80%93_Men%27s_60_kg,Judo,Men's 60 kg,2004,Summer,Ano Liossia Olympic Hall,2004-08-14,33,33
Q38605,Fencing at the 1992 Summer Olympics – Men's team foil,https://en.wikipedia.org/wiki/Fencing_at_the_1992_Summer_Olympics_%E2%80%93_Men%27s_team_foil,Fencing,Men's team foil,1992,Summer,Palace of Metallurgy,1992-08-04,59,12
Q1004924,Biathlon at the 2006 Winter Olympics – Men's sprint,https://en.wikipedia.org/wiki/Biathlon_at_the_2006_Winter_Olympics_%E2%80%93_Men%27s_sprint,Biathlon,Men's biathlon sprint,2006,Winter,Cesana San Sicario,2006-02-14,90,36
Q2310230,Cycling at the 2004 Summer Olympics – Women's cross-country,https://en.wikipedia.org/wiki/Cycling_at_the_2004_Summer_Olympics_%E2%80%93_Women%27s_cross-country,Cycling,Women's cross-country,2004,Summer,,2004-08-27,30,22
Q3879642,Swimming at the 1992 Summer Olympics – Women's 100 metre backstroke,https://en.wikipedia.org/wiki/Swimming_at_the_1992_Summer_Olympics_%E2%80%93_Women%27s_100_metre_backstroke,Swimming,Women's 100 metre backstroke,1992,Summer,Piscines Bernat Picornell,1992-07-28,46,32
Q25784,Fencing at the 1996 Summer Olympics – Women's foil,https://en.wikipedia.org/wiki/Fencing_at_the_1996_Summer_Olympics_%E2%80%93_Women%27s_foil,Fencing,Women's foil,1996,Summer,Georgia World Congress Center,1996-07-22,40,17
Q10466389,Judo at the 1992 Summer Olympics – Women's 56 kg,https://en.wikipedia.org/wiki/Judo_at_the_1992_Summer_Olympics_%E2%80%93_Women%27s_56_kg,Judo,Women's 56 kg,1992,Summer,Palau Blaugrana,1992-07-31,23,23
Q1005557,Alpine skiing at the 2002 Winter Olympics – Men's downhill,https://en.wikipedia.org/wiki/Alpine_skiing_at_the_2002_Winter_Olympics_%E2%80%93_Men%27s_downhill,Alpine skiing,Men's downhill,2002,Winter,Snowbasin,2002-02-10,55,22
Q3925471,Boxing at the 2004 Summer Olympics – Light welterweight,https://en.wikipedia.org/wiki/Boxing_at_the_2004_Summer_Olympics_%E2%80%93_Light_welterweight,Boxing,Light welterweight boxing,2004,Summer,Peristeri Olympic Boxing Hall,2004-08-15,27,27
Q826487,Speed skating at the 2002 Winter Olympics – Men's 1500 metres,https://en.wikipedia.org/wiki/Speed_skating_at_the_2002_Winter_Olympics_%E2%80%93_Men%27s_1500_metres,Speed skating,Men's 1500 metres,2002,Winter,Utah Olympic Oval,2002-02-19,48,17
Q3879613,Swimming at the 1996 Summer Olympics – Women's 100 metre breaststroke,https://en.wikipedia.org/wiki/Swimming_at_the_1996_Summer_Olympics_%E2%80%93_Women%27s_100_metre_breaststroke,Swimming,Women's 100 metre breaststroke,1996,Summer,Georgia Tech Aquatic Center,1996-07-21,46,38
Q825058,Cross-country skiing at the 2006 Winter Olympics – Men's 15 kilometre classical,https://en.wikipedia.org/wiki/Cross-country_skiing_at_the_2006_Winter_Olympics_%E2%80%93_Men%27s_15_kilometre_classical,Cross-country skiing,Men's 15 kilometre classical,2006,Winter,Pragelato,2006-02-17,99,46
Q3879574,Swimming at the 2004 Summer Olympics – Men's 200 metre individual medley,https://en.wikipedia.org/wiki/Swimming_at_the_2004_Summer_Olympics_%E2%80%93_Men%27s_200_metre_individual_medley,Swimming,Men's 200 metre individual medley,2004,Summer,Olympic Aquatic Centre,2004-08-18,50,42
Q3980074,Taekwondo at the 2004 Summer Olympics – Men's 58 kg,https://en.wikipedia.org/wiki/Taekwondo_at_the_2004_Summer_Olympics_%E2%80%93_Men%27s_58_kg,Taekwondo,Men's 58 kg,2004,Summer,Faliro Coastal Zone Olympic Complex,2004-08-26,16,16
Q3879656,Swimming at the 1992 Summer Olympics – Men's 200 metre breaststroke,https://en.wikipedia.org/wiki/Swimming_at_the_1992_Summer_Olympics_%E2%80%93_Men%27s_200_metre_breaststroke,Swimming,Men's 200 metre breaststroke,1992,Summer,Piscines Bernat Picornell,1992-07-29,54,41
Q5443145,Fencing at the 1988 Summer Olympics – Women's team foil,https://en.wikipedia.org/wiki/Fencing_at_the_1988_Summer_Olympics_%E2%80%93_Women%27s_team_foil,Fencing,Women's team foil,1988,Summer,Olympic Fencing Gymnasium,1988-09-27,60,12
Q3811007,Judo at the 2004 Summer Olympics – Women's 63 kg,https://en.wikipedia.org/wiki/Judo_at_the_2004_Summer_Olympics_%E2%80%93_Women%27s_63_kg,Judo,Women's 63 kg,2004,Summer,Ano Liossia Olympic Hall,2004-08-17,22,22
Q10522575,Judo at the 1992 Summer Olympics – Men's 86 kg,https://en.wikipedia.org/wiki/Judo_at_the_1992_Summer_Olympics_%E2%80%93_Men%27s_86_kg,Judo,Men's 86 kg,1992,Summer,Palau Blaugrana,1992-07-29,33,33
Q3951952,Fencing at the 2004 Summer Olympics – Men's foil,https://en.wikipedia.org/wiki/Fencing_at_the_2004_Summer_Olympics_%E2%80%93_Men%27s_foil,Fencing,Men's foil,2004,Summer,Helliniko Olympic Complex,2004-08-16,36,20
Q3628699,Athletics at the 1988 Summer Olympics – Men's marathon,https://en.wikipedia.org/wiki/Athletics_at_the_1988_Summer_Olympics_%E2%80%93_Men%27s_marathon,Athletics,Men's marathon,1988,Summer,"Jamsil Olympic Stadium, Seoul",1988-10-02,118,66
Q3628759,Athletics at the 2000 Summer Olympics – Women's 100 metres hurdles,https://en.wikipedia.org/wiki/Athletics_at_the_2000_Summer_Olympics_%E2%80%93_Women%27s_100_metres_hurdles,Athletics,Women's 100 metres hurdles,2000,Summer,Stadium Australia,2000-09-25,38,22
Q1408856,"Athletics at the 1992 Summer Olympics – Men's 10,000 metres",https://en.wikipedia.org/wiki/Athletics_at_the_1992_Summer_Olympics_%E2%80%93_Men%27s_10%2C000_metres,Athletics,"Men's 10,000 metres",1992,Summer,Estadi Olímpic de Montjuïc,1992-07-31,56,39
Q10522548,Judo at the 1992 Summer Olympics – Men's 78 kg,https://en.wikipedia.org/wiki/Judo_at_the_1992_Summer_Olympics_%E2%80%93_Men%27s_78_kg,Judo,Men's 78 kg,1992,Summer,Palau Blaugrana,1992-07-30,42,42
Q25782,Fencing at the 1996 Summer Olympics – Women's team épée,https://en.wikipedia.org/wiki/Fencing_at_the_1996_Summer_Olympics_%E2%80%93_Women%27s_team_%C3%A9p%C3%A9e,Fencing,Women's team épée,1996,Summer,Georgia World Congress Center,1996-07-24,33,11
Q10572432,Boxing at the 1988 Summer Olympics – Light heavyweight,https://en.wikipedia.org/wiki/Boxing_at_the_1988_Summer_Olympics_%E2%80%93_Light_heavyweight,Boxing,Light heavyweight boxing,1988,Summer,Jamsil Students' Gymnasium,1988-09-21,26,26
Q2558983,Athletics at the 2004 Summer Olympics – Men's 1500 metres,https://en.wikipedia.org/wiki/Athletics_at_the_2004_Summer_Olympics_%E2%80%93_Men%27s_1500_metres,Athletics,Men's 1500 metres,2004,Summer,Athens Olympic Stadium,2004-08-20,38,26
Q3879565,Swimming at the 2004 Summer Olympics – Men's 100 metre breaststroke,https://en.wikipedia.org/wiki/Swimming_at_the_2004_Summer_Olympics_%E2%80%93_Men%27s_100_metre_breaststroke,Swimming,Men's 100 metre breaststroke,2004,Summer,Athens Olympic Aquatic Centre,2004-08-14,60,55
Q10466371,Judo at the 1992 Summer Olympics – Women's 48 kg,https://en.wikipedia.org/wiki/Judo_at_the_1992_Summer_Olympics_%E2%80%93_Women%27s_48_kg,Judo,Women's 48 kg,1992,Summer,Palau Blaugrana,1992-08-02,22,22
Q2313443,"Athletics at the 2004 Summer Olympics – Women's 10,000 metres",https://en.wikipedia.org/wiki/Athletics_at_the_2004_Summer_Olympics_%E2%80%93_Women%27s_10%2C000_metres,Athletics,"Women's 10,000 metres",2004,Summer,Athens Olympic Stadium,2004-08-27,31,20
Q376518,Cross-country skiing at the 2002 Winter Olympics – Men's 30 kilometre freestyle mass start,https://en.wikipedia.org/wiki/Cross-country_skiing_at_the_2002_Winter_Olympics_%E2%80%93_Men%27s_30_kilometre_freestyle_mass_start,Cross-country skiing,Men's 30 kilometre freestyle,2002,Winter,Soldier Hollow,2002-02-09,78,31
Q2557129,Athletics at the 2004 Summer Olympics – Women's 800 metres,https://en.wikipedia.org/wiki/Athletics_at_the_2004_Summer_Olympics_%E2%80%93_Women%27s_800_metres,Athletics,Women's 800 metres,2004,Summer,Athens Olympic Stadium,2004-08-20,43,36
Q1005643,Alpine skiing at the 1998 Winter Olympics – Men's slalom,https://en.wikipedia.org/wiki/Alpine_skiing_at_the_1998_Winter_Olympics_%E2%80%93_Men%27s_slalom,Alpine skiing,Men's slalom,1998,Winter,Shiga Kogen,1998-02-21,65,31
Q1005782,Alpine skiing at the 2002 Winter Olympics – Men's giant slalom,https://en.wikipedia.org/wiki/Alpine_skiing_at_the_2002_Winter_Olympics_%E2%80%93_Men%27s_giant_slalom,Alpine skiing,Men's giant slalom,2002,Winter,Park City,2002-02-21,78,39
Q579346,Archery at the 2000 Summer Olympics – Women's team,https://en.wikipedia.org/wiki/Archery_at_the_2000_Summer_Olympics_%E2%80%93_Women%27s_team,Archery,Women's team,2000,Summer,Sydney International Archery Park,2000-09-16,36,12
Q3998587,Triathlon at the 2004 Summer Olympics – Men's,https://en.wikipedia.org/wiki/Triathlon_at_the_2004_Summer_Olympics_%E2%80%93_Men%27s,Triathlon,Men's Triathlon,2004,Summer,Vouliagmeni Olympic Centre,2004-08-26,50,26
Q25780,Fencing at the 1996 Summer Olympics – Men's sabre,https://en.wikipedia.org/wiki/Fencing_at_the_1996_Summer_Olympics_%E2%80%93_Men%27s_sabre,Fencing,Men's sabre,1996,Summer,Georgia World Congress Center,1996-07-21,43,20
Q8037962,Wrestling at the 2000 Summer Olympics – Men's Greco-Roman 97 kg,https://en.wikipedia.org/wiki/Wrestling_at_the_2000_Summer_Olympics_%E2%80%93_Men%27s_Greco-Roman_97_kg,Wrestling,Men's Greco-Roman 97 kg,2000,Summer,Sydney Convention and Exhibition Centre,2000-09-24,20,20
Q3628776,Athletics at the 2000 Summer Olympics – Women's discus throw,https://en.wikipedia.org/wiki/Athletics_at_the_2000_Summer_Olympics_%E2%80%93_Women%27s_discus_throw,Athletics,Women's discus throw,2000,Summer,Stadium Australia,2000-09-25,32,20
Q3925462,Boxing at the 2004 Summer Olympics – Heavyweight,https://en.wikipedia.org/wiki/Boxing_at_the_2004_Summer_Olympics_%E2%80%93_Heavyweight,Boxing,Heavyweight boxing,2004,Summer,Peristeri Olympic Boxing Hall,2004-08-18,16,16
Q8037914,Wrestling at the 1996 Summer Olympics – Men's Greco-Roman 130 kg,https://en.wikipedia.org/wiki/Wrestling_at_the_1996_Summer_Olympics_%E2%80%93_Men%27s_Greco-Roman_130_kg,Wrestling,Men's Greco-Roman 130 kg,1996,Summer,Georgia World Congress Center,1996-07-22,19,19
Q8037957,Wrestling at the 2000 Summer Olympics – Men's Greco-Roman 54 kg,https://en.wikipedia.org/wiki/Wrestling_at_the_2000_Summer_Olympics_%E2%80%93_Men%27s_Greco-Roman_54_kg,Wrestling,Men's Greco-Roman 54 kg,2000,Summer,Sydney Convention and Exhibition Centre,2000-09-24,20,20
Q7500762,Shooting at the 1992 Summer Olympics – Men's 10 metre running target,https://en.wikipedia.org/wiki/Shooting_at_the_1992_Summer_Olympics_%E2%80%93_Men%27s_10_metre_running_target,Shooting,Men's 10 metre running target,1992,Summer,Mollet del Vallès,,24,15
Q3837510,Wrestling at the 2004 Summer Olympics – Men's freestyle 66 kg,https://en.wikipedia.org/wiki/Wrestling_at_the_2004_Summer_Olympics_%E2%80%93_Men%27s_freestyle_66_kg,Wrestling,Men's freestyle 66 kg,2004,Summer,Ano Liosia Olympic Hall,2004-08-27,21,21
Q1222713,Alpine skiing at the 1988 Winter Olympics – Women's giant slalom,https://en.wikipedia.org/wiki/Alpine_skiing_at_the_1988_Winter_Olympics_%E2%80%93_Women%27s_giant_slalom,Alpine skiing,Women's giant slalom,1988,Winter,Nakiska,1988-02-24,64,26
Q823194,Snowboarding at the 2006 Winter Olympics – Men's snowboard cross,https://en.wikipedia.org/wiki/Snowboarding_at_the_2006_Winter_Olympics_%E2%80%93_Men%27s_snowboard_cross,Snowboarding,Men's snowboard cross,2006,Winter,Bardonecchia,2006-02-16,36,14
Q10522593,Judo at the 1992 Summer Olympics – Men's +95 kg,https://en.wikipedia.org/wiki/Judo_at_the_1992_Summer_Olympics_%E2%80%93_Men%27s_%2B95_kg,Judo,Men's +95 kg,1992,Summer,Palau Blaugrana,1992-07-27,28,28
Q3628688,Athletics at the 1988 Summer Olympics – Women's 400 metres,https://en.wikipedia.org/wiki/Athletics_at_the_1988_Summer_Olympics_%E2%80%93_Women%27s_400_metres,Athletics,Women's 400 metres,1988,Summer,Olympic Stadium,1988-09-23,46,33
Q25793,Fencing at the 1996 Summer Olympics – Men's épée,https://en.wikipedia.org/wiki/Fencing_at_the_1996_Summer_Olympics_%E2%80%93_Men%27s_%C3%A9p%C3%A9e,Fencing,Men's épée,1996,Summer,Georgia World Congress Center,1996-07-20,45,21
Q1005374,Snowboarding at the 1998 Winter Olympics – Men's halfpipe,https://en.wikipedia.org/wiki/Snowboarding_at_the_1998_Winter_Olympics_%E2%80%93_Men%27s_halfpipe,Snowboarding,Men's Halfpipe,1998,Winter,Kanbayashi Snowboard Park,1998-02-12,36,12
Q1004937,Cross-country skiing at the 1998 Winter Olympics – Men's 10 kilometre classical,https://en.wikipedia.org/wiki/Cross-country_skiing_at_the_1998_Winter_Olympics_%E2%80%93_Men%27s_10_kilometre_classical,Cross-country skiing,Men's 10 kilometre classical,1998,Winter,Snow Harp,1998-02-12,97,35
Q1110152,Athletics at the 2004 Summer Olympics – Women's 100 metres hurdles,https://en.wikipedia.org/wiki/Athletics_at_the_2004_Summer_Olympics_%E2%80%93_Women%27s_100_metres_hurdles,Athletics,Women's 100 metres hurdles,2004,Summer,Athens Olympic Stadium,2004-08-22,38,24
Q8037928,Wrestling at the 1996 Summer Olympics – Men's freestyle 52 kg,https://en.wikipedia.org/wiki/Wrestling_at_the_1996_Summer_Olympics_%E2%80%93_Men%27s_freestyle_52_kg,Wrestling,Men's freestyle 52 kg,1996,Summer,Georgia World Congress Center,1996-08-01,19,19
Q1424018,"Athletics at the 1996 Summer Olympics – Men's 10,000 metres",https://en.wikipedia.org/wiki/Athletics_at_the_1996_Summer_Olympics_%E2%80%93_Men%27s_10%2C000_metres,Athletics,"Men's 10,000 metres",1996,Summer,Centennial Olympic Stadium,1996-07-26,46,30
Q13583141,Boxing at the 2004 Summer Olympics – Middleweight,https://en.wikipedia.org/wiki/Boxing_at_the_2004_Summer_Olympics_%E2%80%93_Middleweight,Boxing,Middleweight boxing,2004,Summer,Peristeri Olympic Boxing Hall,2004-08-14,28,28
Q1005047,Biathlon at the 1998 Winter Olympics – Men's individual,https://en.wikipedia.org/wiki/Biathlon_at_the_1998_Winter_Olympics_%E2%80%93_Men%27s_individual,Biathlon,Men's biathlon individual,1998,Winter,Nozawa Onsen,1998-02-11,72,29
Q1005741,Alpine skiing at the 2002 Winter Olympics – Men's super-G,https://en.wikipedia.org/wiki/Alpine_skiing_at_the_2002_Winter_Olympics_%E2%80%93_Men%27s_super-G,Alpine skiing,Men's super-G,2002,Winter,Snowbasin,2002-02-16,56,23
Q10495988,Boxing at the 1988 Summer Olympics – Featherweight,https://en.wikipedia.org/wiki/Boxing_at_the_1988_Summer_Olympics_%E2%80%93_Featherweight,Boxing,Featherweight boxing,1988,Summer,Jamsil Students' Gymnasium,1988-09-18,48,48
Q1304082,Badminton at the 2000 Summer Olympics – Women's singles,https://en.wikipedia.org/wiki/Badminton_at_the_2000_Summer_Olympics_%E2%80%93_Women%27s_singles,Badminton,Women's singles,2000,Summer,"Pavilion 3, Sydney Olympic Park",2000-09-16,40,23
Q1074357,Swimming at the 2000 Summer Olympics – Men's 100 metre backstroke,https://en.wikipedia.org/wiki/Swimming_at_the_2000_Summer_Olympics_%E2%80%93_Men%27s_100_metre_backstroke,Swimming,Men's 100 metre backstroke,2000,Summer,Sydney International Aquatic Centre,2000-09-17,55,50
Q3879634,Swimming at the 1996 Summer Olympics – Men's 50 metre freestyle,https://en.wikipedia.org/wiki/Swimming_at_the_1996_Summer_Olympics_%E2%80%93_Men%27s_50_metre_freestyle,Swimming,Men's 50 metre freestyle,1996,Summer,Georgia Tech Aquatic Center,1996-07-25,65,59
Q8037916,Wrestling at the 1996 Summer Olympics – Men's Greco-Roman 48 kg,https://en.wikipedia.org/wiki/Wrestling_at_the_1996_Summer_Olympics_%E2%80%93_Men%27s_Greco-Roman_48_kg,Wrestling,Men's Greco-Roman 48 kg,1996,Summer,Georgia World Congress Center,1996-07-20,19,19
Q10719575,Boxing at the 1996 Summer Olympics – Welterweight,https://en.wikipedia.org/wiki/Boxing_at_the_1996_Summer_Olympics_%E2%80%93_Welterweight,Boxing,Welterweight boxing,1996,Summer,Alexander Memorial Coliseum,1996-07-20,32,32
Q10581227,Boxing at the 1996 Summer Olympics – Middleweight,https://en.wikipedia.org/wiki/Boxing_at_the_1996_Summer_Olympics_%E2%80%93_Middleweight,Boxing,Middleweight boxing,1996,Summer,Alexander Memorial Coliseum,1996-07-22,31,31
Q2558493,Athletics at the 2004 Summer Olympics – Women's triple jump,https://en.wikipedia.org/wiki/Athletics_at_the_2004_Summer_Olympics_%E2%80%93_Women%27s_triple_jump,Athletics,Women's triple jump,2004,Summer,Olympic Stadium,2004-08-21,33,24
Q1005041,Biathlon at the 1988 Winter Olympics – Individual,https://en.wikipedia.org/wiki/Biathlon_at_the_1988_Winter_Olympics_%E2%80%93_Individual,Biathlon,Men's biathlon individual,1988,Winter,Canmore Nordic Centre,1988-02-20,71,21
Q8037903,Wrestling at the 1988 Summer Olympics – Men's freestyle 57 kg,https://en.wikipedia.org/wiki/Wrestling_at_the_1988_Summer_Olympics_%E2%80%93_Men%27s_freestyle_57_kg,Wrestling,Men's freestyle 57 kg,1988,Summer,Sangmu Gymnasium,1988-09-29,25,25
Q22964455,Rowing at the 1996 Summer Olympics – Men's double sculls,https://en.wikipedia.org/wiki/Rowing_at_the_1996_Summer_Olympics_%E2%80%93_Men%27s_double_sculls,Rowing,Men's double sculls,1996,Summer,Lake Lanier,1996-07-21,39,19
Q591555,Cross-country skiing at the 2002 Winter Olympics – Men's 4 × 10 kilometre relay,https://en.wikipedia.org/wiki/Cross-country_skiing_at_the_2002_Winter_Olympics_%E2%80%93_Men%27s_4_%C3%97_10_kilometre_relay,Cross-country skiing,Men's 4 × 10 kilometre relay,2002,Winter,Soldier Hollow,2002-02-17,60,15
Q3628779,Athletics at the 2000 Summer Olympics – Women's marathon,https://en.wikipedia.org/wiki/Athletics_at_the_2000_Summer_Olympics_%E2%80%93_Women%27s_marathon,Athletics,Women's marathon,2000,Summer,"Stadium Australia, Sydney",2000-09-24,53,36
Q3628697,Athletics at the 1988 Summer Olympics – Women's marathon,https://en.wikipedia.org/wiki/Athletics_at_the_1988_Summer_Olympics_%E2%80%93_Women%27s_marathon,Athletics,Women's marathon,1988,Summer,"Jamsil Olympic Stadium, Seoul",1988-09-23,70,39
Q3628684,Athletics at the 1988 Summer Olympics – Women's 200 metres,https://en.wikipedia.org/wiki/Athletics_at_the_1988_Summer_Olympics_%E2%80%93_Women%27s_200_metres,Athletics,Women's 200 metres,1988,Summer,Olympic Stadium,1988-09-28,59,43
Q2443986,Athletics at the 2004 Summer Olympics – Men's marathon,https://en.wikipedia.org/wiki/Athletics_at_the_2004_Summer_Olympics_%E2%80%93_Men%27s_marathon,Athletics,Men's marathon,2004,Summer,"Marathon to Athens, Greece",2004-08-29,101,59
Q4443767,Shooting at the 2000 Summer Olympics – Men's trap,https://en.wikipedia.org/wiki/Shooting_at_the_2000_Summer_Olympics_%E2%80%93_Men%27s_trap,Shooting,Men's trap,2000,Summer,Sydney International Shooting Centre,2000-09-16,41,29
Q11883936,Shooting at the 1988 Summer Olympics – Women's 25 metre pistol,https://en.wikipedia.org/wiki/Shooting_at_the_1988_Summer_Olympics_%E2%80%93_Women%27s_25_metre_pistol,Shooting,Women's 25 metre pistol,1988,Summer,,1988-09-19,35,24
Q3925466,Boxing at the 2004 Summer Olympics – Flyweight,https://en.wikipedia.org/wiki/Boxing_at_the_2004_Summer_Olympics_%E2%80%93_Flyweight,Boxing,Flyweight boxing,2004,Summer,Peristeri Olympic Boxing Hall,2004-08-17,28,28
Q370863,Swimming at the 2004 Summer Olympics – Women's 200 metre freestyle,https://en.wikipedia.org/wiki/Swimming_at_the_2004_Summer_Olympics_%E2%80%93_Women%27s_200_metre_freestyle,Swimming,Women's 200 metre freestyle,2004,Summer,Athens Olympic Aquatic Centre,2004-08-16,41,36
Q3991750,Archery at the 2004 Summer Olympics – Women's team,https://en.wikipedia.org/wiki/Archery_at_the_2004_Summer_Olympics_%E2%80%93_Women%27s_team,Archery,Women's team,2004,Summer,Panathinaiko Stadium,2004-08-20,45,15
Q10706347,Boxing at the 1992 Summer Olympics – Heavyweight,https://en.wikipedia.org/wiki/Boxing_at_the_1992_Summer_Olympics_%E2%80%93_Heavyweight,Boxing,Heavyweight boxing,1992,Summer,Pavelló Club Joventut Badalona,1992-07-28,23,23
Q8037970,Wrestling at the 2000 Summer Olympics – Men's freestyle 85 kg,https://en.wikipedia.org/wiki/Wrestling_at_the_2000_Summer_Olympics_%E2%80%93_Men%27s_freestyle_85_kg,Wrestling,Men's freestyle 85 kg,2000,Summer,Sydney Convention and Exhibition Centre,2000-09-29,20,20
Q55615395,Judo at the 1988 Summer Olympics – Men's 65 kg,https://en.wikipedia.org/wiki/Judo_at_the_1988_Summer_Olympics_%E2%80%93_Men%27s_65_kg,Judo,Men's 65 kg,1988,Summer,Jangchung Gymnasium,1988-09-26,42,42
Q8037909,Wrestling at the 1992 Summer Olympics – Men's Greco-Roman 90 kg,https://en.wikipedia.org/wiki/Wrestling_at_the_1992_Summer_Olympics_%E2%80%93_Men%27s_Greco-Roman_90_kg,Wrestling,Men's Greco-Roman 90 kg,1992,Summer,Institut Nacional d'Educació Física de Catalunya,1992-07-28,19,19
Q10572462,Boxing at the 1988 Summer Olympics – Lightweight,https://en.wikipedia.org/wiki/Boxing_at_the_1988_Summer_Olympics_%E2%80%93_Lightweight,Boxing,Lightweight boxing,1988,Summer,Jamsil Students' Gymnasium,1988-09-19,39,39
Q3879587,Swimming at the 2000 Summer Olympics – Men's 100 metre butterfly,https://en.wikipedia.org/wiki/Swimming_at_the_2000_Summer_Olympics_%E2%80%93_Men%27s_100_metre_butterfly,Swimming,Men's 100 metre butterfly,2000,Summer,Sydney International Aquatic Centre,2000-09-21,63,53
Q38407,Fencing at the 1992 Summer Olympics – Men's team sabre,https://en.wikipedia.org/wiki/Fencing_at_the_1992_Summer_Olympics_%E2%80%93_Men%27s_team_sabre,Fencing,Men's team sabre,1992,Summer,Palace of Metallurgy,1992-08-06,59,12
Q605663,Figure skating at the 2006 Winter Olympics – Pair skating,https://en.wikipedia.org/wiki/Figure_skating_at_the_2006_Winter_Olympics_%E2%80%93_Pair_skating,Figure skating,Pair skating,2006,Winter,"Palavela Turin, Italy",2006-02-11,20,12
Q988348,Ski jumping at the 1998 Winter Olympics – Large hill individual,https://en.wikipedia.org/wiki/Ski_jumping_at_the_1998_Winter_Olympics_%E2%80%93_Large_hill_individual,Ski jumping,Men's large hill individual,1998,Winter,Hakuba Ski Jumping Stadium,1998-02-15,62,19
Q38599,Fencing at the 1992 Summer Olympics – Men's foil,https://en.wikipedia.org/wiki/Fencing_at_the_1992_Summer_Olympics_%E2%80%93_Men%27s_foil,Fencing,Men's foil,1992,Summer,Palau de la Metal·lúrgia,1992-07-31,59,25
Q3811013,Judo at the 2004 Summer Olympics – Men's 90 kg,https://en.wikipedia.org/wiki/Judo_at_the_2004_Summer_Olympics_%E2%80%93_Men%27s_90_kg,Judo,Men's 90 kg,2004,Summer,Ano Liossia Olympic Hall,2004-08-18,32,32
Q1405425,Athletics at the 1988 Summer Olympics – Men's long jump,https://en.wikipedia.org/wiki/Athletics_at_the_1988_Summer_Olympics_%E2%80%93_Men%27s_long_jump,Athletics,Men's long jump,1988,Summer,Olympic Stadium,1988-09-24,41,31
Q1005042,Biathlon at the 1992 Winter Olympics – Men's individual,https://en.wikipedia.org/wiki/Biathlon_at_the_1992_Winter_Olympics_%E2%80%93_Men%27s_individual,Biathlon,Men's biathlon individual,1992,Winter,Les Saisies,1992-02-20,94,27
Q1005124,Biathlon at the 1994 Winter Olympics – Men's relay,https://en.wikipedia.org/wiki/Biathlon_at_the_1994_Winter_Olympics_%E2%80%93_Men%27s_relay,Biathlon,Men's relay,1994,Winter,Birkebeineren Ski Stadium,1994-02-26,72,18
Q1005133,Biathlon at the 1998 Winter Olympics – Men's relay,https://en.wikipedia.org/wiki/Biathlon_at_the_1998_Winter_Olympics_%E2%80%93_Men%27s_relay,Biathlon,Men's biathlon relay,1998,Winter,Nozawa Onsen,1998-02-21,72,18
Q25795,Fencing at the 1996 Summer Olympics – Women's épée,https://en.wikipedia.org/wiki/Fencing_at_the_1996_Summer_Olympics_%E2%80%93_Women%27s_%C3%A9p%C3%A9e,Fencing,Women's épée,1996,Summer,Georgia World Congress Center,1996-07-21,48,24
Q4357642,Shooting at the 2004 Summer Olympics – Men's double trap,https://en.wikipedia.org/wiki/Shooting_at_the_2004_Summer_Olympics_%E2%80%93_Men%27s_double_trap,Shooting,Men's double trap,2004,Summer,Markópoulo Olympic ShootingCentre,2004-08-17,25,19
Q2308435,Athletics at the 1996 Summer Olympics – Men's 400 metres,https://en.wikipedia.org/wiki/Athletics_at_the_1996_Summer_Olympics_%E2%80%93_Men%27s_400_metres,Athletics,Men's 400 metres,1996,Summer,Centennial Olympic Stadium,1996-07-26,62,42
Q3837506,Wrestling at the 2004 Summer Olympics – Women's freestyle 55 kg,https://en.wikipedia.org/wiki/Wrestling_at_the_2004_Summer_Olympics_%E2%80%93_Women%27s_freestyle_55_kg,Wrestling,Women's freestyle 55 kg,2004,Summer,Ano Liosia Olympic Hall,2004-08-22,12,12
Q4160923,Judo at the 2000 Summer Olympics – Women's 57 kg,https://en.wikipedia.org/wiki/Judo_at_the_2000_Summer_Olympics_%E2%80%93_Women%27s_57_kg,Judo,Women's 57 kg,2000,Summer,Sydney Convention and Exhibition Centre,2000-09-18,23,23
Q1005213,Cross-country skiing at the 1992 Winter Olympics – Men's 50 kilometre freestyle,https://en.wikipedia.org/wiki/Cross-country_skiing_at_the_1992_Winter_Olympics_%E2%80%93_Men%27s_50_kilometre_freestyle,Cross-country skiing,Men's 50 kilometre freestyle,1992,Winter,Les Saisies,1992-02-22,74,29
Q10572439,Boxing at the 1992 Summer Olympics – Light welterweight,https://en.wikipedia.org/wiki/Boxing_at_the_1992_Summer_Olympics_%E2%80%93_Light_welterweight,Boxing,Light welterweight boxing,1992,Summer,Pavelló Club Joventut Badalona,1992-07-30,30,30
Q7979998,Weightlifting at the 2000 Summer Olympics – Men's 69 kg,https://en.wikipedia.org/wiki/Weightlifting_at_the_2000_Summer_Olympics_%E2%80%93_Men%27s_69_kg,Weightlifting,Men's 69 kg,2000,Summer,Sydney Convention and Exhibition Centre,2000-09-20,17,14
Q10572421,Boxing at the 1988 Summer Olympics – Light middleweight,https://en.wikipedia.org/wiki/Boxing_at_the_1988_Summer_Olympics_%E2%80%93_Light_middleweight,Boxing,Light middleweight boxing,1988,Summer,Jamsil Students' Gymnasium,1988-09-20,36,36
Q7500782,Shooting at the 1996 Summer Olympics – Men's 10 metre air pistol,https://en.wikipedia.org/wiki/Shooting_at_the_1996_Summer_Olympics_%E2%80%93_Men%27s_10_metre_air_pistol,Shooting,Men's 10 metre air pistol,1996,Summer,Wolf Creek Shooting Complex,1996-07-20,50,31
Q3879669,Swimming at the 1992 Summer Olympics – Women's 800 metre freestyle,https://en.wikipedia.org/wiki/Swimming_at_the_1992_Summer_Olympics_%E2%80%93_Women%27s_800_metre_freestyle,Swimming,Women's 800 metre freestyle,1992,Summer,Piscines Bernat Picornell,1992-07-30,26,19
Q826529,Speed skating at the 2002 Winter Olympics – Men's 5000 metres,https://en.wikipedia.org/wiki/Speed_skating_at_the_2002_Winter_Olympics_%E2%80%93_Men%27s_5000_metres,Speed skating,Men's 5000 metres,2002,Winter,Utah Olympic Oval,2002-02-09,32,14
Q1005639,Alpine skiing at the 1988 Winter Olympics – Men's slalom,https://en.wikipedia.org/wiki/Alpine_skiing_at_the_1988_Winter_Olympics_%E2%80%93_Men%27s_slalom,Alpine skiing,Men's slalom,1988,Winter,Nakiska,1988-02-27,109,37
Q3998589,Triathlon at the 2004 Summer Olympics – Women's,https://en.wikipedia.org/wiki/Triathlon_at_the_2004_Summer_Olympics_%E2%80%93_Women%27s,Triathlon,Women's Triathlon,2004,Summer,Vouliagmeni Olympic Centre,2004-08-25,50,26
Q3561232,Cycling at the 1996 Summer Olympics – Men's sprint,https://en.wikipedia.org/wiki/Cycling_at_the_1996_Summer_Olympics_%E2%80%93_Men%27s_sprint,Cycling,Men's sprint,1996,Summer,Stone Mountain Park Velodrome,1996-07-24,24,16
Q1005103,Cross-country skiing at the 1998 Winter Olympics – Men's 4 × 10 kilometre relay,https://en.wikipedia.org/wiki/Cross-country_skiing_at_the_1998_Winter_Olympics_%E2%80%93_Men%27s_4_%C3%97_10_kilometre_relay,Cross-country skiing,Men's 4 × 10 kilometre relay,1998,Winter,Snow Harp,1998-02-18,80,20
Q8037955,Wrestling at the 2000 Summer Olympics – Men's Greco-Roman 130 kg,https://en.wikipedia.org/wiki/Wrestling_at_the_2000_Summer_Olympics_%E2%80%93_Men%27s_Greco-Roman_130_kg,Wrestling,Men's Greco-Roman 130 kg,2000,Summer,Sydney Convention and Exhibition Centre,2000-09-25,20,20
Q3837504,Wrestling at the 2004 Summer Olympics – Women's freestyle 48 kg,https://en.wikipedia.org/wiki/Wrestling_at_the_2004_Summer_Olympics_%E2%80%93_Women%27s_freestyle_48_kg,Wrestling,Women's freestyle 48 kg,2004,Summer,Ano Liosia Olympic Hall,2004-08-22,14,14
Q10522553,Judo at the 1992 Summer Olympics – Men's 95 kg,https://en.wikipedia.org/wiki/Judo_at_the_1992_Summer_Olympics_%E2%80%93_Men%27s_95_kg,Judo,Men's 95 kg,1992,Summer,Palau Blaugrana,1992-07-28,34,34
Q3879622,Swimming at the 1996 Summer Olympics – Women's 200 metre butterfly,https://en.wikipedia.org/wiki/Swimming_at_the_1996_Summer_Olympics_%E2%80%93_Women%27s_200_metre_butterfly,Swimming,Women's 200 metre butterfly,1996,Summer,Georgia Tech Aquatic Center,1996-07-26,35,29
Q10609400,Sailing at the 2004 Summer Olympics – Women's 470,https://en.wikipedia.org/wiki/Sailing_at_the_2004_Summer_Olympics_%E2%80%93_Women%27s_470,Sailing,Women's 470,2004,Summer,Agios Kosmas Olympic Sailing Centre,,40,20
Q2311149,Athletics at the 2000 Summer Olympics – Men's javelin throw,https://en.wikipedia.org/wiki/Athletics_at_the_2000_Summer_Olympics_%E2%80%93_Men%27s_javelin_throw,Athletics,Men's Javelin throw,2000,Summer,,2000-09-22,36,26
Q3811000,Judo at the 2004 Summer Olympics – Men's +100 kg,https://en.wikipedia.org/wiki/Judo_at_the_2004_Summer_Olympics_%E2%80%93_Men%27s_%2B100_kg,Judo,Men's +100 kg,2004,Summer,Ano Liosia Olympic Hall,2004-08-20,33,33
Q7500768,Shooting at the 1992 Summer Olympics – Men's 50 metre rifle prone,https://en.wikipedia.org/wiki/Shooting_at_the_1992_Summer_Olympics_%E2%80%93_Men%27s_50_metre_rifle_prone,Shooting,Men's 50 metre rifle prone,1992,Summer,Mollet del Vallès,,52,34
Q1005172,Speed skating at the 2006 Winter Olympics – Men's 500 metres,https://en.wikipedia.org/wiki/Speed_skating_at_the_2006_Winter_Olympics_%E2%80%93_Men%27s_500_metres,Speed skating,Men's 500 metres,2006,Winter,Oval Lingotto,2006-02-13,37,12
Q25798,Fencing at the 1996 Summer Olympics – Men's team épée,https://en.wikipedia.org/wiki/Fencing_at_the_1996_Summer_Olympics_%E2%80%93_Men%27s_team_%C3%A9p%C3%A9e,Fencing,Men's team épée,1996,Summer,Georgia World Congress Center,1996-07-23,33,11
Q3628791,Athletics at the 1996 Summer Olympics – Women's 100 metres hurdles,https://en.wikipedia.org/wiki/Athletics_at_the_1996_Summer_Olympics_%E2%80%93_Women%27s_100_metres_hurdles,Athletics,Women's 100 metres hurdles,1996,Summer,Centennial Olympic Stadium,1996-07-29,44,30
Q3628780,Athletics at the 2000 Summer Olympics – Men's marathon,https://en.wikipedia.org/wiki/Athletics_at_the_2000_Summer_Olympics_%E2%80%93_Men%27s_marathon,Athletics,Men's marathon,2000,Summer,"Stadium Australia, Sydney",2000-10-01,100,65
Q3879563,Swimming at the 2004 Summer Olympics – Men's 100 metre butterfly,https://en.wikipedia.org/wiki/Swimming_at_the_2004_Summer_Olympics_%E2%80%93_Men%27s_100_metre_butterfly,Swimming,Men's 100 metre butterfly,2004,Summer,Olympic Aquatic Centre,2004-08-19,59,52
Q5443139,Fencing at the 1988 Summer Olympics – Men's team sabre,https://en.wikipedia.org/wiki/Fencing_at_the_1988_Summer_Olympics_%E2%80%93_Men%27s_team_sabre,Fencing,Men's team sabre,1988,Summer,Olympic Fencing Gymnasium,1988-09-28,53,11
Q1408906,Athletics at the 1992 Summer Olympics – Women's 1500 metres,https://en.wikipedia.org/wiki/Athletics_at_the_1992_Summer_Olympics_%E2%80%93_Women%27s_1500_metres,Athletics,Women's 1500 metres,1992,Summer,Estadi Olímpic de Montjuïc,1992-08-05,43,35
Q13424670,Fencing at the 2000 Summer Olympics – Women's épée,https://en.wikipedia.org/wiki/Fencing_at_the_2000_Summer_Olympics_%E2%80%93_Women%27s_%C3%A9p%C3%A9e,Fencing,Women's épée,2000,Summer,Sydney Exhibition Centre,2000-09-17,39,22
Q3879641,Swimming at the 1992 Summer Olympics – Men's 100 metre backstroke,https://en.wikipedia.org/wiki/Swimming_at_the_1992_Summer_Olympics_%E2%80%93_Men%27s_100_metre_backstroke,Swimming,Men's 100 metre backstroke,1992,Summer,Piscines Bernat Picornell,1992-07-30,53,37
Q2526348,Cycling at the 2000 Summer Olympics – Men's road time trial,https://en.wikipedia.org/wiki/Cycling_at_the_2000_Summer_Olympics_%E2%80%93_Men%27s_road_time_trial,Cycling,Men's road time trial,2000,Summer,,2000-09-30,38,26
Q1408846,Athletics at the 1992 Summer Olympics – Women's 200 metres,https://en.wikipedia.org/wiki/Athletics_at_the_1992_Summer_Olympics_%E2%80%93_Women%27s_200_metres,Athletics,Women's 200 metres,1992,Summer,Olympic Stadium,1992-08-03,51,40
Q1076288,Swimming at the 2000 Summer Olympics – Men's 200 metre freestyle,https://en.wikipedia.org/wiki/Swimming_at_the_2000_Summer_Olympics_%E2%80%93_Men%27s_200_metre_freestyle,Swimming,Men's 200 metre freestyle,2000,Summer,Sydney International Aquatic Centre,2000-09-17,51,44
Q7500760,Shooting at the 1988 Summer Olympics – Women's 50 metre rifle three positions,https://en.wikipedia.org/wiki/Shooting_at_the_1988_Summer_Olympics_%E2%80%93_Women%27s_50_metre_rifle_three_positions,Shooting,Women's 50 metre rifle three positions,1988,Summer,,1988-09-21,37,22
Q582514,Athletics at the 2004 Summer Olympics – Men's decathlon,https://en.wikipedia.org/wiki/Athletics_at_the_2004_Summer_Olympics_%E2%80%93_Men%27s_decathlon,Athletics,Men's decathlon,2004,Summer,Olympic Stadium,2004-08-23,39,26
Q7500776,Shooting at the 1992 Summer Olympics – Women's 25 metre pistol,https://en.wikipedia.org/wiki/Shooting_at_the_1992_Summer_Olympics_%E2%80%93_Women%27s_25_metre_pistol,Shooting,Women's 25 metre pistol,1992,Summer,Mollet del Vallès,,41,29
Q1005212,Cross-country skiing at the 1994 Winter Olympics – Men's 50 kilometre classical,https://en.wikipedia.org/wiki/Cross-country_skiing_at_the_1994_Winter_Olympics_%E2%80%93_Men%27s_50_kilometre_classical,Cross-country skiing,Men's 50 kilometre classical,1994,Winter,Birkebeineren Ski Stadium,1994-02-27,66,25
Q3811002,Judo at the 2004 Summer Olympics – Men's 100 kg,https://en.wikipedia.org/wiki/Judo_at_the_2004_Summer_Olympics_%E2%80%93_Men%27s_100_kg,Judo,Men's 100 kg,2004,Summer,Ano Liossia Olympic Hall,2004-08-19,33,33
Q7500756,Shooting at the 1992 Summer Olympics – Men's 10 metre air pistol,https://en.wikipedia.org/wiki/Shooting_at_the_1992_Summer_Olympics_%E2%80%93_Men%27s_10_metre_air_pistol,Shooting,Men's 10 metre air pistol,1992,Summer,Mollet del Vallès,,45,30
Q7500764,Shooting at the 1992 Summer Olympics – Men's 25 metre rapid fire pistol,https://en.wikipedia.org/wiki/Shooting_at_the_1992_Summer_Olympics_%E2%80%93_Men%27s_25_metre_rapid_fire_pistol,Shooting,Men's 25 metre rapid fire pistol,1992,Summer,Mollet del Vallès,1992-07-29,30,23
Q8037905,Wrestling at the 1988 Summer Olympics – Men's freestyle 62 kg,https://en.wikipedia.org/wiki/Wrestling_at_the_1988_Summer_Olympics_%E2%80%93_Men%27s_freestyle_62_kg,Wrestling,Men's freestyle 62 kg,1988,Summer,Sangmu Gymnasium,1988-09-27,28,28
Q8037920,Wrestling at the 1996 Summer Olympics – Men's Greco-Roman 74 kg,https://en.wikipedia.org/wiki/Wrestling_at_the_1996_Summer_Olympics_%E2%80%93_Men%27s_Greco-Roman_74_kg,Wrestling,Men's Greco-Roman 74 kg,1996,Summer,Georgia World Congress Center,1996-07-22,20,20
Q10719573,Boxing at the 1988 Summer Olympics – Welterweight,https://en.wikipedia.org/wiki/Boxing_at_the_1988_Summer_Olympics_%E2%80%93_Welterweight,Boxing,Welterweight boxing,1988,Summer,Jamsil Students' Gymnasium,1988-09-20,44,44
Q10572440,Boxing at the 1988 Summer Olympics – Light welterweight,https://en.wikipedia.org/wiki/Boxing_at_the_1988_Summer_Olympics_%E2%80%93_Light_welterweight,Boxing,Light welterweight boxing,1988,Summer,Jamsil Students' Gymnasium,1988-09-19,45,45
Q1004985,Cross-country skiing at the 1988 Winter Olympics – Men's 15 kilometre classical,https://en.wikipedia.org/wiki/Cross-country_skiing_at_the_1988_Winter_Olympics_%E2%80%93_Men%27s_15_kilometre_classical,Cross-country skiing,Men's 15 kilometre classical,1988,Winter,Canmore Nordic Centre Provincial Park,1988-02-19,90,33
Q10466375,Judo at the 1992 Summer Olympics – Women's 52 kg,https://en.wikipedia.org/wiki/Judo_at_the_1992_Summer_Olympics_%E2%80%93_Women%27s_52_kg,Judo,Women's 52 kg,1992,Summer,Palau Blaugrana,1992-08-01,25,25
Q3879570,Swimming at the 2004 Summer Olympics – Men's 200 metre butterfly,https://en.wikipedia.org/wiki/Swimming_at_the_2004_Summer_Olympics_%E2%80%93_Men%27s_200_metre_butterfly,Swimming,Men's 200 metre butterfly,2004,Summer,Olympic Aquatic Centre,2004-08-16,39,34
Q3811010,Judo at the 2004 Summer Olympics – Men's 73 kg,https://en.wikipedia.org/wiki/Judo_at_the_2004_Summer_Olympics_%E2%80%93_Men%27s_73_kg,Judo,Men's 73 kg,2004,Summer,Ano Liossia Olympic Hall,2004-08-16,34,34
Q252584,Speed skating at the 1994 Winter Olympics – Women's 1500 metres,https://en.wikipedia.org/wiki/Speed_skating_at_the_1994_Winter_Olympics_%E2%80%93_Women%27s_1500_metres,Speed skating,Women's 1500 metres,1994,Winter,Hamar Olympic Hall,1994-02-21,30,11
Q8037963,Wrestling at the 2000 Summer Olympics – Men's freestyle 130 kg,https://en.wikipedia.org/wiki/Wrestling_at_the_2000_Summer_Olympics_%E2%80%93_Men%27s_freestyle_130_kg,Wrestling,Men's freestyle 130 kg,2000,Summer,Sydney Convention and Exhibition Centre,2000-09-29,18,18
Q10522571,Judo at the 1992 Summer Olympics – Men's 71 kg,https://en.wikipedia.org/wiki/Judo_at_the_1992_Summer_Olympics_%E2%80%93_Men%27s_71_kg,Judo,Men's 71 kg,1992,Summer,Palau Blaugrana,1992-07-31,44,44
Q3628767,Athletics at the 2000 Summer Olympics – Women's 400 metres,https://en.wikipedia.org/wiki/Athletics_at_the_2000_Summer_Olympics_%E2%80%93_Women%27s_400_metres,Athletics,Women's 400 metres,2000,Summer,Stadium Australia,2000-09-22,56,42
Q988369,Nordic combined at the 1988 Winter Olympics – Team,https://en.wikipedia.org/wiki/Nordic_combined_at_the_1988_Winter_Olympics_%E2%80%93_Team,Nordic combined,Team,1988,Winter,Canada Olympic Park (ski jumping)Canmore Nordic Centre (cross-country skiing),1988-02-23,30,10
Q1409616,Athletics at the 1992 Summer Olympics – Women's javelin throw,https://en.wikipedia.org/wiki/Athletics_at_the_1992_Summer_Olympics_%E2%80%93_Women%27s_javelin_throw,Athletics,Women's javelin throw,1992,Summer,Estadi Olímpic de Montjuïc,1992-07-31,25,17
Q1221778,Speed skating at the 1988 Winter Olympics – Women's 1000 metres,https://en.wikipedia.org/wiki/Speed_skating_at_the_1988_Winter_Olympics_%E2%80%93_Women%27s_1000_metres,Speed skating,Women's 1000 metres,1988,Winter,Olympic Oval,1988-02-26,27,12
Q2306535,"Athletics at the 1992 Summer Olympics – Women's 10,000 metres",https://en.wikipedia.org/wiki/Athletics_at_the_1992_Summer_Olympics_%E2%80%93_Women%27s_10%2C000_metres,Athletics,"Women's 10,000 metres",1992,Summer,Estadi Olímpic de Montjuïc,1992-08-01,48,33
Q3879618,Swimming at the 1996 Summer Olympics – Women's 200 metre backstroke,https://en.wikipedia.org/wiki/Swimming_at_the_1996_Summer_Olympics_%E2%80%93_Women%27s_200_metre_backstroke,Swimming,Women's 200 metre backstroke,1996,Summer,Georgia Tech Aquatic Center,1996-07-25,33,28
Q7500791,Shooting at the 1996 Summer Olympics – Men's double trap,https://en.wikipedia.org/wiki/Shooting_at_the_1996_Summer_Olympics_%E2%80%93_Men%27s_double_trap,Shooting,Men's double trap,1996,Summer,Wolf Creek Shooting Complex,1996-07-24,35,25
Q3980075,Taekwondo at the 2004 Summer Olympics – Men's 80 kg,https://en.wikipedia.org/wiki/Taekwondo_at_the_2004_Summer_Olympics_%E2%80%93_Men%27s_80_kg,Taekwondo,Men's 80 kg,2004,Summer,Faliro Coastal Zone Olympic Complex,2004-08-28,16,16
Q1004952,Speed skating at the 2006 Winter Olympics – Men's 1500 metres,https://en.wikipedia.org/wiki/Speed_skating_at_the_2006_Winter_Olympics_%E2%80%93_Men%27s_1500_metres,Speed skating,Men's 1500 metres,2006,Winter,Oval Lingotto,2006-02-21,41,14
Q10581231,Wrestling at the 2000 Summer Olympics – Men's Greco-Roman 85 kg,https://en.wikipedia.org/wiki/Wrestling_at_the_2000_Summer_Olympics_%E2%80%93_Men%27s_Greco-Roman_85_kg,Wrestling,Men's Greco-Roman 85 kg,2000,Summer,Sydney Convention and Exhibition Centre,2000-09-25,20,20
Q4000244,Diving at the 1992 Summer Olympics – Women's 10 metre platform,https://en.wikipedia.org/wiki/Diving_at_the_1992_Summer_Olympics_%E2%80%93_Women%27s_10_metre_platform,Diving,Women's 10 metre platform,1992,Summer,Piscina Municipal de Montjuïc,1992-07-26,28,17
Q826519,Speed skating at the 2002 Winter Olympics – Women's 1000 metres,https://en.wikipedia.org/wiki/Speed_skating_at_the_2002_Winter_Olympics_%E2%80%93_Women%27s_1000_metres,Speed skating,Women's 1000 metres,2002,Winter,Utah Olympic Oval,2002-02-17,35,14
Q1027135,Gymnastics at the 1992 Summer Olympics – Men's artistic individual all-around,https://en.wikipedia.org/wiki/Gymnastics_at_the_1992_Summer_Olympics_%E2%80%93_Men%27s_artistic_individual_all-around,Gymnastics,Men's artistic individual all-around,1992,Summer,Palau Sant Jordi,1992-07-29,93,25
Q1408797,Athletics at the 1992 Summer Olympics – Women's 400 metres,https://en.wikipedia.org/wiki/Athletics_at_the_1992_Summer_Olympics_%E2%80%93_Women%27s_400_metres,Athletics,Women's 400 metres,1992,Summer,Estadi Olímpic de Montjuïc,1992-08-01,41,29
Q3879649,Swimming at the 1992 Summer Olympics – Men's 1500 metre freestyle,https://en.wikipedia.org/wiki/Swimming_at_the_1992_Summer_Olympics_%E2%80%93_Men%27s_1500_metre_freestyle,Swimming,Men's 1500 metre freestyle,1992,Summer,Piscines Bernat Picornell,1992-07-30,30,25
Q3879644,Swimming at the 1992 Summer Olympics – Men's 100 metre breaststroke,https://en.wikipedia.org/wiki/Swimming_at_the_1992_Summer_Olympics_%E2%80%93_Men%27s_100_metre_breaststroke,Swimming,Men's 100 metre breaststroke,1992,Summer,Piscines Bernat Picornell,1992-07-26,61,47
Q988364,Nordic combined at the 2002 Winter Olympics – Sprint,https://en.wikipedia.org/wiki/Nordic_combined_at_the_2002_Winter_Olympics_%E2%80%93_Sprint,Nordic combined,Men's sprint,2002,Winter,Utah Olympic Park (ski jumping) & Soldier Hollow (cross-country),2002-02-21,46,14
Q4354069,Shooting at the 2000 Summer Olympics – Women's 10 metre air rifle,https://en.wikipedia.org/wiki/Shooting_at_the_2000_Summer_Olympics_%E2%80%93_Women%27s_10_metre_air_rifle,Shooting,Women's 10 metre air rifle,2000,Summer,Sydney International Shooting Centre,2000-09-16,49,35
Q10522576,Judo at the 1988 Summer Olympics – Men's 86 kg,https://en.wikipedia.org/wiki/Judo_at_the_1988_Summer_Olympics_%E2%80%93_Men%27s_86_kg,Judo,Men's 86 kg,1988,Summer,Jangchung Gymnasium,1988-09-29,36,36
Q1005757,Freestyle skiing at the 1998 Winter Olympics – Men's aerials,https://en.wikipedia.org/wiki/Freestyle_skiing_at_the_1998_Winter_Olympics_%E2%80%93_Men%27s_aerials,Freestyle skiing,Men's aerials,1998,Winter,Iizuna Kogen Ski Area,1998-02-18,25,14
Q3837509,Wrestling at the 2004 Summer Olympics – Women's freestyle 63 kg,https://en.wikipedia.org/wiki/Wrestling_at_the_2004_Summer_Olympics_%E2%80%93_Women%27s_freestyle_63_kg,Wrestling,Women's freestyle 63 kg,2004,Summer,Ano Liosia Olympic Hall,2004-08-22,12,12
Q3628681,Athletics at the 1988 Summer Olympics – Women's 1500 metres,https://en.wikipedia.org/wiki/Athletics_at_the_1988_Summer_Olympics_%E2%80%93_Women%27s_1500_metres,Athletics,Women's 1500 metres,1988,Summer,Olympic Stadium,1988-09-28,28,19
Q1005618,Freestyle skiing at the 1998 Winter Olympics – Men's moguls,https://en.wikipedia.org/wiki/Freestyle_skiing_at_the_1998_Winter_Olympics_%E2%80%93_Men%27s_moguls,Freestyle skiing,Men's moguls,1998,Winter,Iizuna Kogen Ski Area,1998-02-08,33,13
Q5448040,Figure skating at the 1994 Winter Olympics – Ladies' singles,https://en.wikipedia.org/wiki/Figure_skating_at_the_1994_Winter_Olympics_%E2%80%93_Ladies%27_singles,Figure skating,Ladies' singles,1994,Winter,Hamar Olympic Amphitheatre,1994-02-23,27,16
Q38412,Fencing at the 1992 Summer Olympics – Men's sabre,https://en.wikipedia.org/wiki/Fencing_at_the_1992_Summer_Olympics_%E2%80%93_Men%27s_sabre,Fencing,Men's sabre,1992,Summer,Palau de la Metal·lúrgia,1992-08-02,44,19
Q1004991,Cross-country skiing at the 1998 Winter Olympics – Men's 15 kilometre freestyle pursuit,https://en.wikipedia.org/wiki/Cross-country_skiing_at_the_1998_Winter_Olympics_%E2%80%93_Men%27s_15_kilometre_freestyle_pursuit,Cross-country skiing,Men's 15 kilometre freestyle pursuit,1998,Winter,Snow Harp,1998-02-14,87,29
Q988347,Ski jumping at the 1992 Winter Olympics – Large hill individual,https://en.wikipedia.org/wiki/Ski_jumping_at_the_1992_Winter_Olympics_%E2%80%93_Large_hill_individual,Ski jumping,Men's large hill individual,1992,Winter,Tremplin du Praz,1992-02-16,59,17
Q5443155,Fencing at the 2000 Summer Olympics – Women's team foil,https://en.wikipedia.org/wiki/Fencing_at_the_2000_Summer_Olympics_%E2%80%93_Women%27s_team_foil,Fencing,Women's team foil,2000,Summer,Sydney Exhibition Centre,2000-09-23,29,9
Q1408897,Athletics at the 1992 Summer Olympics – Men's 200 metres,https://en.wikipedia.org/wiki/Athletics_at_the_1992_Summer_Olympics_%E2%80%93_Men%27s_200_metres,Athletics,Men's 200 metres,1992,Summer,Estadi Olímpic Lluís Companys,1992-08-03,79,65
Q10706348,Boxing at the 1996 Summer Olympics – Heavyweight,https://en.wikipedia.org/wiki/Boxing_at_the_1996_Summer_Olympics_%E2%80%93_Heavyweight,Boxing,Heavyweight boxing,1996,Summer,Alexander Memorial Coliseum,1996-07-21,24,24
Q3565760,Wrestling at the 1988 Summer Olympics – Men's Greco-Roman 82 kg,https://en.wikipedia.org/wiki/Wrestling_at_the_1988_Summer_Olympics_%E2%80%93_Men%27s_Greco-Roman_82_kg,Wrestling,Men's Greco-Roman 82 kg,1988,Summer,Sangmu Gymnasium,1988-09-20,21,21
Q596754,Cross-country skiing at the 2006 Winter Olympics – Men's team sprint,https://en.wikipedia.org/wiki/Cross-country_skiing_at_the_2006_Winter_Olympics_%E2%80%93_Men%27s_team_sprint,Cross-country skiing,Men's team sprint,2006,Winter,Pragelato,2006-02-14,50,25
Q10497008,Boxing at the 1992 Summer Olympics – Flyweight,https://en.wikipedia.org/wiki/Boxing_at_the_1992_Summer_Olympics_%E2%80%93_Flyweight,Boxing,Flyweight boxing,1992,Summer,Pavelló Club Joventut Badalona,1992-07-27,31,31
Q3628701,Athletics at the 1988 Summer Olympics – Men's 50 kilometres walk,https://en.wikipedia.org/wiki/Athletics_at_the_1988_Summer_Olympics_%E2%80%93_Men%27s_50_kilometres_walk,Athletics,Men's 50 kilometres walk,1988,Summer,Seoul Olympic Stadium,1988-09-30,42,22
Q3879647,Swimming at the 1992 Summer Olympics – Women's 100 metre freestyle,https://en.wikipedia.org/wiki/Swimming_at_the_1992_Summer_Olympics_%E2%80%93_Women%27s_100_metre_freestyle,Swimming,Women's 100 Metre Freestyle,1992,Summer,Piscines Bernat Picornell,1992-07-26,48,34
Q3628778,Athletics at the 2000 Summer Olympics – Men's hammer throw,https://en.wikipedia.org/wiki/Athletics_at_the_2000_Summer_Olympics_%E2%80%93_Men%27s_hammer_throw,Athletics,Men's hammer throw,2000,Summer,ANZ Stadium,2000-09-23,44,24
Q3561228,Cycling at the 1996 Summer Olympics – Women's sprint,https://en.wikipedia.org/wiki/Cycling_at_the_1996_Summer_Olympics_%E2%80%93_Women%27s_sprint,Cycling,Women's cycling sprint,1996,Summer,Stone Mountain,1996-07-24,14,14
Q2552272,Athletics at the 2004 Summer Olympics – Women's marathon,https://en.wikipedia.org/wiki/Athletics_at_the_2004_Summer_Olympics_%E2%80%93_Women%27s_marathon,Athletics,Women's marathon,2004,Summer,"Marathon to Athens, Greece",2004-08-22,82,46
Q3879655,Swimming at the 1992 Summer Olympics – Women's 200 metre breaststroke,https://en.wikipedia.org/wiki/Swimming_at_the_1992_Summer_Olympics_%E2%80%93_Women%27s_200_metre_breaststroke,Swimming,Women's 200 metre breaststroke,1992,Summer,Piscines Bernat Picornell,1992-07-27,40,29
Q1005753,Freestyle skiing at the 2002 Winter Olympics – Men's aerials,https://en.wikipedia.org/wiki/Freestyle_skiing_at_the_2002_Winter_Olympics_%E2%80%93_Men%27s_aerials,Freestyle skiing,Men's aerials,2002,Winter,Park City,2002-02-16,25,11
Q988362,Ski jumping at the 1998 Winter Olympics – Normal hill individual,https://en.wikipedia.org/wiki/Ski_jumping_at_the_1998_Winter_Olympics_%E2%80%93_Normal_hill_individual,Ski jumping,Men's normal hill individual,1998,Winter,Hakuba Ski Jumping Stadium,1998-02-11,62,19
Q4000234,Diving at the 2000 Summer Olympics – Men's synchronized 10 metre platform,https://en.wikipedia.org/wiki/Diving_at_the_2000_Summer_Olympics_%E2%80%93_Men%27s_synchronized_10_metre_platform,Diving,Men's synchronized 10 metre platform,2000,Summer,,2000-09-23,16,8
Q1005296,Alpine skiing at the 1998 Winter Olympics – Men's combined,https://en.wikipedia.org/wiki/Alpine_skiing_at_the_1998_Winter_Olympics_%E2%80%93_Men%27s_combined,Alpine skiing,Men's combined,1998,Winter,Hakuba,1998-02-09,38,21
Q1005066,Cross-country skiing at the 1994 Winter Olympics – Men's 30 kilometre freestyle,https://en.wikipedia.org/wiki/Cross-country_skiing_at_the_1994_Winter_Olympics_%E2%80%93_Men%27s_30_kilometre_freestyle,Cross-country skiing,Men's 30 kilometre freestyle,1994,Winter,Birkebeineren Ski Stadium,1994-02-14,74,28
Q3879576,Swimming at the 2004 Summer Olympics – Women's 400 metre freestyle,https://en.wikipedia.org/wiki/Swimming_at_the_2004_Summer_Olympics_%E2%80%93_Women%27s_400_metre_freestyle,Swimming,Women's 400 metre freestyle,2004,Summer,Athens Olympic Aquatic Centre,2004-08-15,38,31
Q7979991,Weightlifting at the 1996 Summer Olympics – Men's 91 kg,https://en.wikipedia.org/wiki/Weightlifting_at_the_1996_Summer_Olympics_%E2%80%93_Men%27s_91_kg,Weightlifting,Men's 91 kg,1996,Summer,Georgia World Congress Center,1996-07-27,25,22
Q3998591,Triathlon at the 2000 Summer Olympics – Men's,https://en.wikipedia.org/wiki/Triathlon_at_the_2000_Summer_Olympics_%E2%80%93_Men%27s,Triathlon,Men's Triathlon,2000,Summer,Sydney Opera House,2000-09-17,52,27
Q1004915,"Speed skating at the 1998 Winter Olympics – Men's 10,000 metres",https://en.wikipedia.org/wiki/Speed_skating_at_the_1998_Winter_Olympics_%E2%80%93_Men%27s_10%2C000_metres,Speed skating,"Men's 10,000 metres",1998,Winter,M-Wave,1998-02-17,16,9
Q1415848,Cycling at the 2004 Summer Olympics – Men's sprint,https://en.wikipedia.org/wiki/Cycling_at_the_2004_Summer_Olympics_%E2%80%93_Men%27s_sprint,Cycling,Men's sprint,2004,Summer,Athens Olympic Velodrome,2004-08-22,19,13
Q3879572,Swimming at the 2004 Summer Olympics – Women's 200 metre butterfly,https://en.wikipedia.org/wiki/Swimming_at_the_2004_Summer_Olympics_%E2%80%93_Women%27s_200_metre_butterfly,Swimming,Women's 200 metre butterfly,2004,Summer,Athens Olympic Aquatic Centre,2004-08-17,32,26
Q8037940,Wrestling at the 1996 Summer Olympics – Men's freestyle 90 kg,https://en.wikipedia.org/wiki/Wrestling_at_the_1996_Summer_Olympics_%E2%80%93_Men%27s_freestyle_90_kg,Wrestling,Men's freestyle 90 kg,1996,Summer,Georgia World Congress Center,1996-08-01,21,21
Q8037966,Wrestling at the 2000 Summer Olympics – Men's freestyle 63 kg,https://en.wikipedia.org/wiki/Wrestling_at_the_2000_Summer_Olympics_%E2%80%93_Men%27s_freestyle_63_kg,Wrestling,Men's freestyle 63 kg,2000,Summer,Sydney Convention and Exhibition Centre,2000-09-28,19,19
Q10522550,Judo at the 2000 Summer Olympics – Men's 81 kg,https://en.wikipedia.org/wiki/Judo_at_the_2000_Summer_Olympics_%E2%80%93_Men%27s_81_kg,Judo,Men's 81 kg,2000,Summer,Sydney Convention and Exhibition Centre,2000-09-19,37,37
Q3628695,Athletics at the 1988 Summer Olympics – Men's shot put,https://en.wikipedia.org/wiki/Athletics_at_the_1988_Summer_Olympics_%E2%80%93_Men%27s_shot_put,Athletics,Men's shot put,1988,Summer,,1988-09-23,21,17
Q3879660,Swimming at the 1992 Summer Olympics – Men's 200 metre freestyle,https://en.wikipedia.org/wiki/Swimming_at_the_1992_Summer_Olympics_%E2%80%93_Men%27s_200_metre_freestyle,Swimming,Men's 200 metre freestyle,1992,Summer,Piscines Bernat Picornell,1992-07-26,55,39
Q3628700,Athletics at the 1988 Summer Olympics – Men's 20 kilometres walk,https://en.wikipedia.org/wiki/Athletics_at_the_1988_Summer_Olympics_%E2%80%93_Men%27s_20_kilometres_walk,Athletics,Men's 20 kilometres walk,1988,Summer,Seoul Olympic Stadium (start and finish),1988-09-23,53,28
Q3628760,Athletics at the 2000 Summer Olympics – Women's 1500 metres,https://en.wikipedia.org/wiki/Athletics_at_the_2000_Summer_Olympics_%E2%80%93_Women%27s_1500_metres,Athletics,Women's 1500 metres,2000,Summer,Stadium Australia,2000-09-27,42,28
Q1005063,Cross-country skiing at the 1988 Winter Olympics – Men's 30 kilometre classical,https://en.wikipedia.org/wiki/Cross-country_skiing_at_the_1988_Winter_Olympics_%E2%80%93_Men%27s_30_kilometre_classical,Cross-country skiing,Men's 30 kilometre classical,1988,Winter,Canmore Nordic Centre Provincial Park,1988-02-15,91,32
Q26860,Athletics at the 1996 Summer Olympics – Men's 100 metres,https://en.wikipedia.org/wiki/Athletics_at_the_1996_Summer_Olympics_%E2%80%93_Men%27s_100_metres,Athletics,Men's 100 metres,1996,Summer,Centennial Olympic Stadium,1996-07-26,106,75
Q3879659,Swimming at the 1992 Summer Olympics – Women's 200 metre freestyle,https://en.wikipedia.org/wiki/Swimming_at_the_1992_Summer_Olympics_%E2%80%93_Women%27s_200_metre_freestyle,Swimming,Women's 200 metre freestyle,1992,Summer,Piscines Bernat Picornell,1992-07-27,37,26
Q1141034,Swimming at the 2004 Summer Olympics – Women's 400 metre individual medley,https://en.wikipedia.org/wiki/Swimming_at_the_2004_Summer_Olympics_%E2%80%93_Women%27s_400_metre_individual_medley,Swimming,Women's 400 metre individual medley,2004,Summer,Athens Olympic Aquatic Centre,2004-08-14,25,21
Q1005333,Luge at the 1994 Winter Olympics – Men's singles,https://en.wikipedia.org/wiki/Luge_at_the_1994_Winter_Olympics_%E2%80%93_Men%27s_singles,Luge,Men's singles,1994,Winter,Lillehammer Olympic Bobsleigh and Luge Track,1994-02-13,33,18
Q3925470,Boxing at the 2004 Summer Olympics – Welterweight,https://en.wikipedia.org/wiki/Boxing_at_the_2004_Summer_Olympics_%E2%80%93_Welterweight,Boxing,Welterweight boxing,2004,Summer,Peristeri Olympic Boxing Hall,2004-08-15,28,28
Q1004888,Cross-country skiing at the 2002 Winter Olympics – Men's 2 × 10 kilometre pursuit,https://en.wikipedia.org/wiki/Cross-country_skiing_at_the_2002_Winter_Olympics_%E2%80%93_Men%27s_2_%C3%97_10_kilometre_pursuit,Cross-country skiing,Men's 2 × 10 kilometre pursuit,2002,Winter,Soldier Hollow,2002-02-14,85,37
Q1005044,Biathlon at the 1994 Winter Olympics – Men's individual,https://en.wikipedia.org/wiki/Biathlon_at_the_1994_Winter_Olympics_%E2%80%93_Men%27s_individual,Biathlon,Men's biathlon individual,1994,Winter,Birkebeineren Ski Stadium,1994-02-20,70,28
Q10572463,Boxing at the 1992 Summer Olympics – Lightweight,https://en.wikipedia.org/wiki/Boxing_at_the_1992_Summer_Olympics_%E2%80%93_Lightweight,Boxing,Lightweight boxing,1992,Summer,Pavelló Club Joventut Badalona,1992-07-30,29,29
Q4467904,Weightlifting at the 2000 Summer Olympics – Women's 48 kg,https://en.wikipedia.org/wiki/Weightlifting_at_the_2000_Summer_Olympics_%E2%80%93_Women%27s_48_kg,Weightlifting,Women's 48 kg,2000,Summer,Sydney Convention and Exhibition Centre,2000-09-17,12,9
Q1005576,Alpine skiing at the 1998 Winter Olympics – Men's downhill,https://en.wikipedia.org/wiki/Alpine_skiing_at_the_1998_Winter_Olympics_%E2%80%93_Men%27s_downhill,Alpine skiing,Men's downhill,1998,Winter,Hakuba,1998-02-13,43,18
Q12808144,Weightlifting at the 2000 Summer Olympics – Women's 75 kg,https://en.wikipedia.org/wiki/Weightlifting_at_the_2000_Summer_Olympics_%E2%80%93_Women%27s_75_kg,Weightlifting,Women's 75 kg,2000,Summer,Sydney Convention and Exhibition Centre,2000-09-20,11,11
Q55615399,Judo at the 1988 Summer Olympics – Men's 78 kg,https://en.wikipedia.org/wiki/Judo_at_the_1988_Summer_Olympics_%E2%80%93_Men%27s_78_kg,Judo,Men's 78 kg,1988,Summer,Jangchung Gymnasium,1988-09-28,41,41
Q7979987,Weightlifting at the 1996 Summer Olympics – Men's 70 kg,https://en.wikipedia.org/wiki/Weightlifting_at_the_1996_Summer_Olympics_%E2%80%93_Men%27s_70_kg,Weightlifting,Men's 70 kg,1996,Summer,Georgia World Congress Center,1996-07-23,27,22
Q25239317,Weightlifting at the 1988 Summer Olympics – Men's +110 kg,https://en.wikipedia.org/wiki/Weightlifting_at_the_1988_Summer_Olympics_%E2%80%93_Men%27s_%2B110_kg,Weightlifting,Men's +110 kg,1988,Summer,Olympic Weightlifting Gymnasium,1988-09-29,18,13
Q3879597,Swimming at the 2000 Summer Olympics – Men's 200 metre breaststroke,https://en.wikipedia.org/wiki/Swimming_at_the_2000_Summer_Olympics_%E2%80%93_Men%27s_200_metre_breaststroke,Swimming,Men's 200 metre breaststroke,2000,Summer,Sydney International Aquatic Centre,2000-09-19,49,44
Q1042644,Alpine skiing at the 2006 Winter Olympics – Women's slalom,https://en.wikipedia.org/wiki/Alpine_skiing_at_the_2006_Winter_Olympics_%E2%80%93_Women%27s_slalom,Alpine skiing,Women's slalom,2006,Winter,Sestriere,2006-02-22,64,49
Q1004935,Cross-country skiing at the 1992 Winter Olympics – Men's 10 kilometre classical,https://en.wikipedia.org/wiki/Cross-country_skiing_at_the_1992_Winter_Olympics_%E2%80%93_Men%27s_10_kilometre_classical,Cross-country skiing,Men's 10 kilometre classical,1992,Winter,Les Saisies,1992-02-13,110,39
Q3811012,Judo at the 2004 Summer Olympics – Men's 81 kg,https://en.wikipedia.org/wiki/Judo_at_the_2004_Summer_Olympics_%E2%80%93_Men%27s_81_kg,Judo,Men's 81 kg,2004,Summer,Ano Liossia Olympic Hall,2004-08-17,32,32
Q1408876,Athletics at the 1992 Summer Olympics – Men's 110 metres hurdles,https://en.wikipedia.org/wiki/Athletics_at_the_1992_Summer_Olympics_%E2%80%93_Men%27s_110_metres_hurdles,Athletics,Men's 110 metres hurdles,1992,Summer,Estadi Olímpic Lluís Companys,,39,27
Q5481589,Shooting at the 2004 Summer Olympics – Women's 10 metre air pistol,https://en.wikipedia.org/wiki/Shooting_at_the_2004_Summer_Olympics_%E2%80%93_Women%27s_10_metre_air_pistol,Shooting,Women's 10 metre air pistol,2004,Summer,Markópoulo Olympic ShootingCentre,2004-08-15,41,30
Q3500383,Wrestling at the 1988 Summer Olympics – Men's Greco-Roman 57 kg,https://en.wikipedia.org/wiki/Wrestling_at_the_1988_Summer_Olympics_%E2%80%93_Men%27s_Greco-Roman_57_kg,Wrestling,Men's Greco-Roman 57 kg,1988,Summer,Sangmu Gymnasium,1988-09-20,20,20
Q372925,Ski jumping at the 2006 Winter Olympics – Normal hill individual,https://en.wikipedia.org/wiki/Ski_jumping_at_the_2006_Winter_Olympics_%E2%80%93_Normal_hill_individual,Ski jumping,Men's normal hill individual,2006,Winter,Pragelato,2006-02-11,69,21
Q3879657,Swimming at the 1992 Summer Olympics – Men's 400 metre individual medley,https://en.wikipedia.org/wiki/Swimming_at_the_1992_Summer_Olympics_%E2%80%93_Men%27s_400_metre_individual_medley,Swimming,Men's 400 metre individual medley,1992,Summer,Piscines Bernat Picornell,1992-07-27,33,25
Q2306561,Athletics at the 1992 Summer Olympics – Women's high jump,https://en.wikipedia.org/wiki/Athletics_at_the_1992_Summer_Olympics_%E2%80%93_Women%27s_high_jump,Athletics,Women's high jump,1992,Summer,,,41,27
Q4443766,Shooting at the 2000 Summer Olympics – Women's trap,https://en.wikipedia.org/wiki/Shooting_at_the_2000_Summer_Olympics_%E2%80%93_Women%27s_trap,Shooting,Women's trap,2000,Summer,Sydney International Shooting Centre,2000-09-18,17,15
Q615345,Alpine skiing at the 2006 Winter Olympics – Women's combined,https://en.wikipedia.org/wiki/Alpine_skiing_at_the_2006_Winter_Olympics_%E2%80%93_Women%27s_combined,Alpine skiing,Women's combined,2006,Winter,San Sicario,2006-02-17,45,20
Q576599,Freestyle skiing at the 2006 Winter Olympics – Men's aerials,https://en.wikipedia.org/wiki/Freestyle_skiing_at_the_2006_Winter_Olympics_%E2%80%93_Men%27s_aerials,Freestyle skiing,Men's aerials,2006,Winter,Sauze d'Oulx,2006-02-20,31,12
Q7979999,Weightlifting at the 2000 Summer Olympics – Men's 85 kg,https://en.wikipedia.org/wiki/Weightlifting_at_the_2000_Summer_Olympics_%E2%80%93_Men%27s_85_kg,Weightlifting,Men's 85 kg,2000,Summer,Sydney Convention and Exhibition Centre,2000-09-23,20,17
Q1005805,Alpine skiing at the 1992 Winter Olympics – Men's giant slalom,https://en.wikipedia.org/wiki/Alpine_skiing_at_the_1992_Winter_Olympics_%E2%80%93_Men%27s_giant_slalom,Alpine skiing,Men's giant slalom,1992,Winter,Val d'Isère,1992-02-18,131,47
Q55615398,Judo at the 1988 Summer Olympics – Men's 71 kg,https://en.wikipedia.org/wiki/Judo_at_the_1988_Summer_Olympics_%E2%80%93_Men%27s_71_kg,Judo,Men's 71 kg,1988,Summer,Jangchung Gymnasium,1988-09-27,42,42
Q3879648,Swimming at the 1992 Summer Olympics – Men's 100 metre freestyle,https://en.wikipedia.org/wiki/Swimming_at_the_1992_Summer_Olympics_%E2%80%93_Men%27s_100_metre_freestyle,Swimming,Men's 100-metre freestyle,1992,Summer,Piscines Bernat Picornell,1992-07-28,75,52
Q3811008,Judo at the 2004 Summer Olympics – Men's 66 kg,https://en.wikipedia.org/wiki/Judo_at_the_2004_Summer_Olympics_%E2%80%93_Men%27s_66_kg,Judo,Men's 66 kg,2004,Summer,Ano Liossia Olympic Hall,2004-08-15,32,32
Q1421727,Cycling at the 2004 Summer Olympics – Men's points race,https://en.wikipedia.org/wiki/Cycling_at_the_2004_Summer_Olympics_%E2%80%93_Men%27s_points_race,Cycling,Men's points race,2004,Summer,Athens Olympic Velodrome,2004-08-24,23,23
Q1004863,Speed skating at the 1992 Winter Olympics – Men's 1000 metres,https://en.wikipedia.org/wiki/Speed_skating_at_the_1992_Winter_Olympics_%E2%80%93_Men%27s_1000_metres,Speed skating,Men's 1000 metres,1992,Winter,L'anneau de vitesse,1992-02-18,46,21
Q128040,Cycling at the 1996 Summer Olympics – Women's individual road race,https://en.wikipedia.org/wiki/Cycling_at_the_1996_Summer_Olympics_%E2%80%93_Women%27s_individual_road_race,Cycling,Women's road race,1996,Summer,Atlanta,1996-07-21,58,31
Q1005192,Short-track speed skating at the 1994 Winter Olympics – Men's 500 metres,https://en.wikipedia.org/wiki/Short-track_speed_skating_at_the_1994_Winter_Olympics_%E2%80%93_Men%27s_500_metres,Short-track speed skating,Men's 500 metres,1994,Winter,Hamar Olympic Amphitheatre,1994-02-24,31,16
Q4160926,Judo at the 2000 Summer Olympics – Men's 66 kg,https://en.wikipedia.org/wiki/Judo_at_the_2000_Summer_Olympics_%E2%80%93_Men%27s_66_kg,Judo,Men's 66 kg,2000,Summer,Sydney Convention and Exhibition Centre,2000-09-17,35,35
Q823675,Snowboarding at the 2006 Winter Olympics – Women's snowboard cross,https://en.wikipedia.org/wiki/Snowboarding_at_the_2006_Winter_Olympics_%E2%80%93_Women%27s_snowboard_cross,Snowboarding,Women's snowboard cross,2006,Winter,Bardonecchia,2006-02-17,23,14
Q3628773,Athletics at the 2000 Summer Olympics – Men's 800 metres,https://en.wikipedia.org/wiki/Athletics_at_the_2000_Summer_Olympics_%E2%80%93_Men%27s_800_metres,Athletics,Men's 800 metres,2000,Summer,Stadium Australia,2000-09-23,61,42
Q3879603,Swimming at the 2000 Summer Olympics – Women's 800 metre freestyle,https://en.wikipedia.org/wiki/Swimming_at_the_2000_Summer_Olympics_%E2%80%93_Women%27s_800_metre_freestyle,Swimming,Women's 800 metre freestyle,2000,Summer,Sydney International Aquatic Centre,2000-09-21,28,22
Q1407627,Athletics at the 1992 Summer Olympics – Men's marathon,https://en.wikipedia.org/wiki/Athletics_at_the_1992_Summer_Olympics_%E2%80%93_Men%27s_marathon,Athletics,Men's marathon,1992,Summer,"Estadi Olímpic Lluís Companys, Barcelona",1992-08-09,110,72
Q1408300,Archery at the 2004 Summer Olympics – Men's team,https://en.wikipedia.org/wiki/Archery_at_the_2004_Summer_Olympics_%E2%80%93_Men%27s_team,Archery,Men's team,2004,Summer,Panathinaiko Stadium,2004-08-21,39,13
